PanelkW, V1, V2, V3, I1, I2, I3, Hora
0.0,0.984425,1.0125916666666666,0.9649916666666667,0.0,0.0,0.0,2016-01-01 00:00:00
0.0,0.9869749999999999,1.0122958333333334,0.9680458333333333,0.0,0.0,0.0,2016-01-01 00:15:00
0.0,0.9900125000000001,1.0136916666666667,0.9729083333333334,0.0,0.0,0.0,2016-01-01 00:30:00
0.0,0.9921,1.0144833333333334,0.9754541666666667,0.0,0.0,0.0,2016-01-01 00:45:00
0.0,0.9949833333333333,1.015025,0.9782375,0.0,0.0,0.0,2016-01-01 01:00:00
0.0,0.9951625,1.0149375,0.9789791666666667,0.0,0.0,0.0,2016-01-01 01:15:00
0.0,0.9963249999999999,1.014675,0.9780333333333334,0.0,0.0,0.0,2016-01-01 01:30:00
0.0,0.9975375000000001,1.0148166666666667,0.9778666666666667,0.0,0.0,0.0,2016-01-01 01:45:00
0.0,0.9988499999999999,1.0148458333333334,0.9799500000000001,0.0,0.0,0.0,2016-01-01 02:00:00
0.0,1.0001958333333332,1.0153625,0.9817958333333333,0.0,0.0,0.0,2016-01-01 02:15:00
0.0,1.0012708333333333,1.0150125,0.984675,0.0,0.0,0.0,2016-01-01 02:30:00
0.0,1.002125,1.0145791666666666,0.9863666666666667,0.0,0.0,0.0,2016-01-01 02:45:00
0.426667,1.0040541666666667,1.01515,0.9922416666666667,0.0,0.0,0.0,2016-01-01 03:00:00
3.10881,1.0050958333333333,1.0148708333333334,0.9953875,1.07438,1.08482,1.06398,2016-01-01 03:15:00
9.87402,1.0051416666666668,1.01475,0.9989458333333332,3.41255,3.44511,3.39142,2016-01-01 03:30:00
21.6583,1.0059666666666667,1.0151416666666668,1.0004708333333334,7.49145,7.55985,7.44979,2016-01-01 03:45:00
37.6562,1.0081666666666667,1.0156666666666667,1.0040583333333333,13.0535,13.1504,13.0,2016-01-01 04:00:00
45.8333,1.0098416666666665,1.0167083333333333,1.0078291666666666,15.9145,16.0224,15.8824,2016-01-01 04:15:00
67.5,1.0123291666666667,1.0150166666666667,1.0148791666666668,23.496,23.5573,23.5539,2016-01-01 04:30:00
82.08,1.0155041666666667,1.0134833333333333,1.0190625,28.6604,28.6026,28.7596,2016-01-01 04:45:00
67.7933,1.0174625,1.0078333333333334,1.0205208333333333,23.7175,23.4925,23.7875,2016-01-01 05:00:00
63.4246,1.0181791666666666,1.0070583333333334,1.0209541666666666,22.204,21.9625,22.2634,2016-01-01 05:15:00
77.64,1.0182625,1.0067291666666667,1.0213416666666666,27.1837,26.8753,27.2649,2016-01-01 05:30:00
58.8494,1.0161041666666668,1.0059333333333333,1.0191791666666667,20.5602,20.3547,20.6227,2016-01-01 05:45:00
34.0989,1.0133541666666668,1.0060291666666665,1.01615,11.8808,11.7952,11.9139,2016-01-01 06:00:00
16.5478,1.0124208333333333,1.0062333333333333,1.0153041666666667,5.76029,5.72503,5.77709,2016-01-01 06:15:00
17.9679,1.0107125000000001,1.0060583333333333,1.0142,6.24441,6.21516,6.26623,2016-01-01 06:30:00
37.6683,1.0093375,1.0067541666666666,1.0127666666666666,13.0726,13.0392,13.1172,2016-01-01 06:45:00
52.1267,1.0071291666666666,1.0096375,1.0092416666666666,18.0505,18.0958,18.089,2016-01-01 07:00:00
47.5733,1.0072125,1.0102916666666666,1.0088958333333333,16.475,16.5256,16.5035,2016-01-01 07:15:00
74.2122,1.0077875,1.01185,1.0079416666666667,25.7155,25.8194,25.7197,2016-01-01 07:30:00
104.913,1.0059708333333333,1.0120791666666666,1.0069583333333332,36.2883,36.5085,36.3246,2016-01-01 07:45:00
44.2629,1.0005875,1.0107125000000001,1.0009208333333333,15.2279,15.3823,15.2336,2016-01-01 08:00:00
189.139,1.0028083333333333,1.0120666666666667,1.0019166666666666,65.2162,65.8177,65.1586,2016-01-01 08:15:00
355.637,1.0036416666666665,1.013525,1.0019833333333334,122.727,123.935,122.529,2016-01-01 08:30:00
266.173,0.9985708333333334,1.0123,0.9965125,91.3862,92.6459,91.2025,2016-01-01 08:45:00
152.273,0.991225,1.0096541666666667,0.98625,51.8961,52.863,51.6398,2016-01-01 09:00:00
132.695,0.9930958333333333,1.0062125,0.9843666666666667,45.3106,45.9096,44.9118,2016-01-01 09:15:00
99.7273,0.9919625,1.0057500000000001,0.9802583333333333,34.0138,34.4873,33.6137,2016-01-01 09:30:00
256.462,0.992225,1.0094041666666667,0.9818208333333333,87.4943,89.0099,86.5807,2016-01-01 09:45:00
127.127,0.9781124999999999,1.0131000000000001,0.9740125000000001,42.7542,44.2836,42.5755,2016-01-01 10:00:00
78.9686,0.9735416666666666,1.0132541666666666,0.9710833333333333,26.4342,27.5117,26.3679,2016-01-01 10:15:00
85.3067,0.9698416666666666,1.0138708333333333,0.9678125,28.4472,29.738,28.3885,2016-01-01 10:30:00
134.177,0.9701,1.0146541666666666,0.9672375,44.753,46.8104,44.6274,2016-01-01 10:45:00
177.589,0.9693375,1.0147208333333333,0.9653375,59.1888,61.9607,58.9461,2016-01-01 11:00:00
329.605,0.9740291666666667,1.0153125,0.9669458333333334,110.384,115.07,109.581,2016-01-01 11:15:00
364.267,0.9724041666666666,1.013175,0.9648458333333334,121.793,126.898,120.848,2016-01-01 11:30:00
417.997,0.9752583333333333,1.0141541666666667,0.9661208333333333,140.165,145.761,138.85,2016-01-01 11:45:00
251.687,0.9677,1.0132208333333332,0.9614958333333334,83.7467,87.68,83.2128,2016-01-01 12:00:00
102.774,0.9627541666666667,1.0104458333333335,0.9575499999999999,34.0224,35.7062,33.8391,2016-01-01 12:15:00
30.4503,0.9620624999999999,1.0096125,0.9533041666666666,10.0727,10.5706,9.98144,2016-01-01 12:30:00
44.6837,0.9621916666666668,1.0105625,0.9539166666666667,14.7829,15.5255,14.6549,2016-01-01 12:45:00
407.565,0.9747541666666666,1.0142208333333333,0.9614166666666667,136.599,142.129,134.726,2016-01-01 13:00:00
342.812,0.9732916666666667,1.0144916666666668,0.9601666666666667,114.723,119.578,113.178,2016-01-01 13:15:00
284.137,0.9714375,1.0144333333333333,0.9597666666666667,94.9073,99.1052,93.767,2016-01-01 13:30:00
397.033,0.9760000000000001,1.01565,0.9629,133.237,138.656,131.444,2016-01-01 13:45:00
256.738,0.9711416666666666,1.0154166666666666,0.9590916666666668,85.7294,89.6346,84.6691,2016-01-01 14:00:00
177.26,0.9690666666666667,1.014275,0.9566125,59.0634,61.8183,58.3057,2016-01-01 14:15:00
77.9054,0.9663416666666665,1.0129583333333334,0.9552499999999999,25.8856,27.1335,25.5885,2016-01-01 14:30:00
20.8505,0.9658041666666666,1.0119458333333333,0.9549458333333333,6.92458,7.25509,6.84644,2016-01-01 14:45:00
171.794,0.9728666666666667,1.0129916666666665,0.9574208333333333,57.4644,59.8387,56.5514,2016-01-01 15:00:00
145.151,0.9721041666666668,1.0132291666666666,0.9579166666666666,48.5164,50.568,47.8079,2016-01-01 15:15:00
93.8011,0.9713583333333334,1.0126625,0.9566833333333333,31.3285,32.6607,30.8556,2016-01-01 15:30:00
53.9951,0.971475,1.0124083333333334,0.9567041666666667,18.036,18.7964,17.7615,2016-01-01 15:45:00
17.2687,0.9703125,1.0117791666666667,0.9563791666666667,5.76138,6.00753,5.67865,2016-01-01 16:00:00
83.001,0.9732291666666667,1.0119875,0.9582708333333333,27.7745,28.8812,27.3472,2016-01-01 16:15:00
125.144,0.9759500000000001,1.0113458333333334,0.9598749999999999,41.994,43.5175,41.3014,2016-01-01 16:30:00
23.8547,0.9715958333333333,1.0099541666666667,0.956875,7.9693,8.2837,7.84873,2016-01-01 16:45:00
14.6459,0.9670333333333334,1.0049583333333334,0.9523291666666668,4.86988,5.06076,4.79601,2016-01-01 17:00:00
43.603,0.9632458333333334,1.0014125,0.9492916666666668,14.4417,15.0134,14.2322,2016-01-01 17:15:00
48.4267,0.9561916666666668,0.9958416666666666,0.9441041666666666,15.9225,16.5814,15.7206,2016-01-01 17:30:00
55.9184,0.9545083333333334,0.9949041666666667,0.9424374999999999,18.3524,19.1288,18.1201,2016-01-01 17:45:00
71.8701,0.9533291666666666,0.9940041666666667,0.9410916666666667,23.5585,24.5634,23.2559,2016-01-01 18:00:00
36.3357,0.9523958333333333,0.9932333333333334,0.9392666666666666,11.8988,12.4091,11.7348,2016-01-01 18:15:00
32.1033,0.9480708333333333,0.992225,0.9369958333333334,10.4651,10.9527,10.3428,2016-01-01 18:30:00
22.1818,0.9456,0.9917375,0.9343125,7.21199,7.56397,7.12593,2016-01-01 18:45:00
9.65714,0.9344166666666667,0.99555,0.9238208333333333,3.10256,3.30579,3.06759,2016-01-01 19:00:00
1.82514,0.9315791666666666,0.9991875000000001,0.9199250000000001,0.584597,0.627041,0.577306,2016-01-01 19:15:00
0.833333,0.9288083333333332,1.0019416666666665,0.9178250000000001,0.266129,0.287084,0.262986,2016-01-01 19:30:00
0.0233333,0.9285041666666666,1.0021583333333333,0.9160416666666666,0.0,0.0,0.0,2016-01-01 19:45:00
0.0,0.9280125,1.0004541666666666,0.9122250000000001,0.0,0.0,0.0,2016-01-01 20:00:00
0.0,0.9291666666666667,0.9999458333333333,0.9126333333333334,0.0,0.0,0.0,2016-01-01 20:15:00
0.0,0.9311333333333333,1.0011916666666667,0.9138125,0.0,0.0,0.0,2016-01-01 20:30:00
0.0,0.9325958333333333,1.0011208333333335,0.9152125000000001,0.0,0.0,0.0,2016-01-01 20:45:00
0.0,0.9352375,1.0021375000000001,0.9179666666666666,0.0,0.0,0.0,2016-01-01 21:00:00
0.0,0.9357249999999999,1.0029708333333334,0.91915,0.0,0.0,0.0,2016-01-01 21:15:00
0.0,0.9395958333333334,1.0048333333333332,0.9219291666666667,0.0,0.0,0.0,2016-01-01 21:30:00
0.0,0.9404375,1.0054541666666668,0.9225749999999999,0.0,0.0,0.0,2016-01-01 21:45:00
0.0,0.94505,1.0070000000000001,0.9243916666666666,0.0,0.0,0.0,2016-01-01 22:00:00
0.0,0.9478125,1.0072375,0.9259958333333332,0.0,0.0,0.0,2016-01-01 22:15:00
0.0,0.9535625000000001,1.0094333333333332,0.9312,0.0,0.0,0.0,2016-01-01 22:30:00
0.0,0.9565083333333333,1.0105333333333335,0.9345791666666666,0.0,0.0,0.0,2016-01-01 22:45:00
0.0,0.9625166666666667,1.0131208333333332,0.9407500000000001,0.0,0.0,0.0,2016-01-01 23:00:00
0.0,0.9659125000000001,1.01375,0.9452416666666666,0.0,0.0,0.0,2016-01-01 23:15:00
0.0,0.9720041666666667,1.0147833333333334,0.9513041666666667,0.0,0.0,0.0,2016-01-01 23:30:00
0.0,1.0176166666666668,1.0117291666666668,1.0134416666666668,0.0,0.0,0.0,2016-01-01 23:45:00
0.0,0.984425,1.0125916666666666,0.9649958333333333,0.0,0.0,0.0,2016-01-02 00:00:00
0.0,0.9869749999999999,1.0122958333333334,0.9680458333333333,0.0,0.0,0.0,2016-01-02 00:15:00
0.0,0.9900125000000001,1.0136916666666667,0.9729083333333334,0.0,0.0,0.0,2016-01-02 00:30:00
0.0,0.9921,1.0144833333333334,0.9754541666666667,0.0,0.0,0.0,2016-01-02 00:45:00
0.0,0.9949833333333333,1.015025,0.9782375,0.0,0.0,0.0,2016-01-02 01:00:00
0.0,0.9951625,1.0149375,0.9789791666666667,0.0,0.0,0.0,2016-01-02 01:15:00
0.0,0.9963249999999999,1.014675,0.9780333333333334,0.0,0.0,0.0,2016-01-02 01:30:00
0.0,0.9975375000000001,1.0148166666666667,0.9778666666666667,0.0,0.0,0.0,2016-01-02 01:45:00
0.0,0.9988499999999999,1.0148458333333334,0.9799500000000001,0.0,0.0,0.0,2016-01-02 02:00:00
0.0,1.0001958333333332,1.0153625,0.9817958333333333,0.0,0.0,0.0,2016-01-02 02:15:00
0.0,1.0012708333333333,1.0150125,0.984675,0.0,0.0,0.0,2016-01-02 02:30:00
0.0,1.002125,1.0145791666666666,0.9863666666666667,0.0,0.0,0.0,2016-01-02 02:45:00
1.42,1.0041,1.0151625,0.9922791666666666,0.490258,0.49565,0.484462,2016-01-02 03:00:00
3.94214,1.0051208333333332,1.014875,0.9954124999999999,1.36241,1.37562,1.34921,2016-01-02 03:15:00
10.1267,1.00515,1.01475,0.99895,3.49991,3.53328,3.47823,2016-01-02 03:30:00
21.4,1.0059583333333335,1.0151416666666668,1.0004666666666666,7.40202,7.46964,7.36087,2016-01-02 03:45:00
30.8,1.0079541666666667,1.0156124999999998,1.003875,10.6745,10.7555,10.6311,2016-01-02 04:00:00
24.3359,1.009175,1.0165416666666667,1.0072583333333334,8.44445,8.50595,8.42821,2016-01-02 04:15:00
38.2313,1.01145,1.0147833333333334,1.0140958333333332,13.2963,13.3396,13.3303,2016-01-02 04:30:00
57.733,1.0147875,1.0132916666666667,1.0184,20.1448,20.1145,20.2157,2016-01-02 04:45:00
72.4533,1.0175958333333333,1.0078708333333333,1.02065,25.3513,25.1083,25.4259,2016-01-02 05:00:00
73.6164,1.0184666666666666,1.0071375,1.0212416666666666,25.7796,25.4938,25.8481,2016-01-02 05:15:00
92.1419,1.018675,1.0068458333333332,1.02175,32.2745,31.8989,32.3705,2016-01-02 05:30:00
86.7619,1.0168875000000002,1.0061625,1.0199708333333333,30.3355,30.0148,30.4304,2016-01-02 05:45:00
94.1667,1.0150791666666668,1.0065291666666667,1.0178375,32.8657,32.5894,32.9558,2016-01-02 06:00:00
83.4567,1.0143541666666667,1.0067958333333333,1.0171791666666667,29.1067,28.8895,29.1897,2016-01-02 06:15:00
98.3733,1.0130416666666668,1.0067375,1.0164458333333333,34.2671,34.0508,34.3833,2016-01-02 06:30:00
96.0295,1.0110458333333334,1.00725,1.0143833333333334,33.3827,33.2579,33.4937,2016-01-02 06:45:00
55.3121,1.0072208333333332,1.0096625000000001,1.0093291666666666,19.1551,19.2022,19.1961,2016-01-02 07:00:00
50.843,1.0073125,1.0103208333333333,1.0089833333333333,17.609,17.6619,17.6393,2016-01-02 07:15:00
70.5952,1.007675,1.0118208333333334,1.0078416666666667,24.4594,24.5603,24.4638,2016-01-02 07:30:00
49.9321,1.0042875,1.0116208333333332,1.0054791666666667,17.242,17.3679,17.2628,2016-01-02 07:45:00
48.2105,1.0007125000000001,1.0107458333333332,1.0010291666666666,16.5882,16.7547,16.5939,2016-01-02 08:00:00
79.0795,0.9993708333333332,1.0111750000000002,0.9989875,27.1732,27.4943,27.1634,2016-01-02 08:15:00
86.1528,0.9951541666666667,1.0114458333333332,0.9949208333333334,29.4787,29.9614,29.4729,2016-01-02 08:30:00
70.5326,0.9923208333333334,1.0107125000000001,0.9913791666666666,24.0653,24.5115,24.0431,2016-01-02 08:45:00
60.32,0.9882208333333333,1.0088791666666665,0.9838125000000001,20.4956,20.9244,20.4054,2016-01-02 09:00:00
68.8635,0.9910333333333333,1.0056916666666667,0.9826333333333334,23.4655,23.8129,23.2663,2016-01-02 09:15:00
94.4933,0.9917958333333333,1.0057083333333332,0.9801166666666667,32.2234,32.676,31.8445,2016-01-02 09:30:00
95.14,0.9868916666666666,1.0081625,0.9775333333333333,32.2836,32.9791,31.9789,2016-01-02 09:45:00
96.8,0.9770625,1.0128291666666667,0.9732500000000001,32.5206,33.7091,32.3954,2016-01-02 10:00:00
107.33,0.9745291666666667,1.0135166666666666,0.9717916666666667,35.9642,37.4024,35.8637,2016-01-02 10:15:00
108.914,0.970675,1.0140916666666668,0.9683999999999999,36.3507,37.9758,36.2664,2016-01-02 10:30:00
169.741,0.9713625,1.014975,0.9681083333333333,56.687,59.2381,56.5064,2016-01-02 10:45:00
158.027,0.9686333333333332,1.0145458333333333,0.9648583333333333,52.6312,55.1254,52.4278,2016-01-02 11:00:00
115.898,0.9663208333333334,1.0135041666666667,0.9617333333333332,38.5083,40.388,38.3263,2016-01-02 11:15:00
108.907,0.9632,1.0109875,0.9585625000000001,36.0686,37.8573,35.8956,2016-01-02 11:30:00
92.6458,0.9635124999999999,1.0114708333333333,0.9581166666666667,30.6915,32.2209,30.5219,2016-01-02 11:45:00
131.037,0.9633124999999999,1.0121458333333333,0.9585291666666665,43.4025,45.6005,43.1861,2016-01-02 12:00:00
95.726,0.9625,1.0103791666666666,0.9573791666666667,31.6825,33.2583,31.5142,2016-01-02 12:15:00
70.9624,0.9635458333333334,1.0099958333333332,0.9543208333333333,23.5096,24.6437,23.2855,2016-01-02 12:30:00
77.9833,0.9634125,1.010875,0.9547541666666666,25.8329,27.104,25.5993,2016-01-02 12:45:00
68.1865,0.9623083333333333,1.0115291666666666,0.9530125,22.5614,23.7152,22.3438,2016-01-02 13:00:00
138.382,0.9658,1.0128916666666667,0.9551041666666666,45.9527,48.1951,45.4434,2016-01-02 13:15:00
219.897,0.9690916666666667,1.0139375,0.9581708333333334,73.271,76.6632,72.4432,2016-01-02 13:30:00
186.796,0.9683333333333334,1.0140958333333332,0.9577291666666667,62.197,65.1297,61.5151,2016-01-02 13:45:00
144.65,0.967025,1.0145125,0.956325,48.0961,50.4574,47.5647,2016-01-02 14:00:00
132.462,0.9674125,1.0139083333333334,0.9555041666666667,44.059,46.1812,43.5217,2016-01-02 14:15:00
123.715,0.9680208333333333,1.0133625000000002,0.9563916666666668,41.1774,43.1063,40.6822,2016-01-02 14:30:00
333.143,0.9771708333333333,1.0144958333333334,0.9627125000000001,111.93,116.213,110.266,2016-01-02 14:45:00
126.483,0.9712083333333333,1.0126208333333333,0.9562999999999999,42.2383,44.0376,41.5921,2016-01-02 15:00:00
84.5828,0.9698916666666666,1.0127166666666667,0.9563958333333333,28.2073,29.4522,27.8147,2016-01-02 15:15:00
67.9697,0.9704083333333333,1.0124458333333333,0.9560333333333333,22.6777,23.6623,22.3435,2016-01-02 15:30:00
31.0867,0.9706416666666666,1.0122083333333334,0.9561208333333333,10.3748,10.8196,10.2196,2016-01-02 15:45:00
55.1293,0.9716875,1.0121166666666666,0.9573375000000001,18.4188,19.1852,18.1466,2016-01-02 16:00:00
69.4162,0.9727333333333333,1.011875,0.9579166666666666,23.2154,24.1522,22.8619,2016-01-02 16:15:00
45.6067,0.9730916666666667,1.0106791666666668,0.9578333333333334,15.2593,15.8495,15.02,2016-01-02 16:30:00
28.5967,0.9717666666666666,1.01,0.9569958333333333,9.55502,9.93086,9.40983,2016-01-02 16:45:00
93.1236,0.9698541666666667,1.0056791666666667,0.954375,31.0543,32.2012,30.5594,2016-01-02 17:00:00
61.2704,0.9639000000000001,1.0015791666666667,0.9497208333333333,20.3075,21.1001,20.0082,2016-01-02 17:15:00
28.1333,0.9554458333333334,0.9956291666666668,0.9436041666666667,9.24307,9.63088,9.12802,2016-01-02 17:30:00
26.4362,0.9534708333333333,0.9945875000000001,0.9417291666666667,8.66691,9.04054,8.56008,2016-01-02 17:45:00
16.1402,0.9514833333333333,0.9933208333333332,0.9397708333333332,5.28034,5.51257,5.21535,2016-01-02 18:00:00
6.28124,0.9514125,0.9928541666666666,0.9385541666666668,2.0548,2.14446,2.02705,2016-01-02 18:15:00
3.08667,0.947125,0.9918416666666667,0.9363166666666666,1.00519,1.05267,0.993723,2016-01-02 18:30:00
3.42417,0.9449874999999999,0.9914833333333333,0.9338833333333334,1.11258,1.16734,1.09951,2016-01-02 18:45:00
2.16667,0.9341666666666667,0.9954375000000001,0.9236666666666667,0.695899,0.741601,0.688126,2016-01-02 19:00:00
0.849167,0.9315458333333333,0.9991708333333335,0.9199041666666666,0.27198,0.291733,0.268592,2016-01-02 19:15:00
0.833333,0.9288083333333332,1.0019416666666665,0.9178250000000001,0.266129,0.287084,0.262986,2016-01-02 19:30:00
0.0233333,0.9285041666666666,1.0021583333333333,0.9160416666666666,0.0,0.0,0.0,2016-01-02 19:45:00
0.0,0.9280125,1.0004541666666666,0.9122250000000001,0.0,0.0,0.0,2016-01-02 20:00:00
0.0,0.9291666666666667,0.9999458333333333,0.9126333333333334,0.0,0.0,0.0,2016-01-02 20:15:00
0.0,0.9311333333333333,1.0011916666666667,0.9138125,0.0,0.0,0.0,2016-01-02 20:30:00
0.0,0.9325958333333333,1.0011208333333335,0.9152125000000001,0.0,0.0,0.0,2016-01-02 20:45:00
0.0,0.9352375,1.0021375000000001,0.9179666666666666,0.0,0.0,0.0,2016-01-02 21:00:00
0.0,0.9357249999999999,1.0029708333333334,0.91915,0.0,0.0,0.0,2016-01-02 21:15:00
0.0,0.9395958333333334,1.0048333333333332,0.9219291666666667,0.0,0.0,0.0,2016-01-02 21:30:00
0.0,0.9404375,1.0054541666666668,0.9225749999999999,0.0,0.0,0.0,2016-01-02 21:45:00
0.0,0.94505,1.0070000000000001,0.9243916666666666,0.0,0.0,0.0,2016-01-02 22:00:00
0.0,0.9478125,1.0072375,0.9259958333333332,0.0,0.0,0.0,2016-01-02 22:15:00
0.0,0.9535625000000001,1.0094333333333332,0.9312,0.0,0.0,0.0,2016-01-02 22:30:00
0.0,0.9565083333333333,1.0105333333333335,0.9345791666666666,0.0,0.0,0.0,2016-01-02 22:45:00
0.0,0.9625166666666667,1.0131208333333332,0.9407500000000001,0.0,0.0,0.0,2016-01-02 23:00:00
0.0,0.9659125000000001,1.01375,0.9452416666666666,0.0,0.0,0.0,2016-01-02 23:15:00
0.0,0.9720041666666667,1.0147833333333334,0.9513041666666667,0.0,0.0,0.0,2016-01-02 23:30:00
0.0,1.0176166666666668,1.0117291666666668,1.0134416666666668,0.0,0.0,0.0,2016-01-02 23:45:00
0.0,0.984425,1.0125916666666666,0.9649958333333333,0.0,0.0,0.0,2016-01-03 00:00:00
0.0,0.9869749999999999,1.0122958333333334,0.9680458333333333,0.0,0.0,0.0,2016-01-03 00:15:00
0.0,0.9900125000000001,1.0136916666666667,0.9729083333333334,0.0,0.0,0.0,2016-01-03 00:30:00
0.0,0.9921,1.0144833333333334,0.9754541666666667,0.0,0.0,0.0,2016-01-03 00:45:00
0.0,0.9949833333333333,1.015025,0.9782375,0.0,0.0,0.0,2016-01-03 01:00:00
0.0,0.9951625,1.0149375,0.9789791666666667,0.0,0.0,0.0,2016-01-03 01:15:00
0.0,0.9963249999999999,1.014675,0.9780333333333334,0.0,0.0,0.0,2016-01-03 01:30:00
0.0,0.9975375000000001,1.0148166666666667,0.9778666666666667,0.0,0.0,0.0,2016-01-03 01:45:00
0.0,0.9988499999999999,1.0148458333333334,0.9799500000000001,0.0,0.0,0.0,2016-01-03 02:00:00
0.0,1.0001958333333332,1.0153625,0.9817958333333333,0.0,0.0,0.0,2016-01-03 02:15:00
0.0,1.0012708333333333,1.0150125,0.984675,0.0,0.0,0.0,2016-01-03 02:30:00
0.7425,1.0021499999999999,1.0145833333333334,0.9863833333333334,0.255849,0.259022,0.25182,2016-01-03 02:45:00
1.96,1.0041166666666668,1.0151666666666668,0.9922916666666667,0.676706,0.68414,0.668704,2016-01-03 03:00:00
4.77925,1.00515,1.0148833333333334,0.9954333333333333,1.65176,1.66774,1.63575,2016-01-03 03:15:00
8.16549,1.0050875,1.0147374999999998,0.9988958333333333,2.82191,2.84896,2.80446,2016-01-03 03:30:00
19.9667,1.0059125,1.0151291666666666,1.000425,6.90595,6.96928,6.86759,2016-01-03 03:45:00
31.8297,1.0079833333333332,1.0156208333333332,1.0039,11.0318,11.1152,10.9868,2016-01-03 04:00:00
46.4061,1.0098625,1.0167125000000001,1.0078458333333333,16.1137,16.2227,16.0812,2016-01-03 04:15:00
64.686,1.0122458333333333,1.0149958333333333,1.0148041666666667,22.5146,22.5747,22.5703,2016-01-03 04:30:00
82.9477,1.0155291666666666,1.0134916666666667,1.0190875,28.9641,28.9051,29.0643,2016-01-03 04:45:00
99.7273,1.018375,1.0080875,1.0214125,34.9212,34.5672,35.0232,2016-01-03 05:00:00
120.161,1.0197916666666667,1.0075,1.0225499999999998,42.1353,41.6286,42.2445,2016-01-03 05:15:00
140.295,1.0200291666666668,1.0072208333333332,1.0231041666666665,49.2067,48.5874,49.3523,2016-01-03 05:30:00
162.227,1.0190249999999998,1.0067583333333332,1.0220916666666666,56.8428,56.156,57.0167,2016-01-03 05:45:00
150.526,1.0166833333333334,1.0069833333333333,1.0194125,52.6185,52.1178,52.7614,2016-01-03 06:00:00
163.904,1.0166583333333334,1.0074375,1.0194208333333334,57.2955,56.7747,57.4533,2016-01-03 06:15:00
221.449,1.0165666666666668,1.0077166666666666,1.0198458333333333,77.4043,76.7294,77.6548,2016-01-03 06:30:00
246.555,1.0153916666666667,1.0084458333333333,1.0185208333333333,86.0782,85.4908,86.3461,2016-01-03 06:45:00
248.625,1.0129666666666666,1.0111875,1.014575,86.5907,86.4444,86.7343,2016-01-03 07:00:00
189.731,1.011475,1.011425,1.01275,65.9839,65.9825,66.0681,2016-01-03 07:15:00
295.647,1.0144333333333333,1.0135,1.0138958333333332,103.123,103.027,103.068,2016-01-03 07:30:00
315.121,1.0123083333333334,1.0136541666666667,1.0125583333333332,109.682,109.829,109.713,2016-01-03 07:45:00
339.689,1.0096416666666665,1.0129916666666665,1.008775,117.92,118.316,117.825,2016-01-03 08:00:00
200.131,1.0031458333333334,1.0121583333333333,1.0022041666666666,69.0254,69.6491,68.9648,2016-01-03 08:15:00
189.049,0.9984208333333333,1.0122958333333334,0.9976291666666667,64.8977,65.8012,64.85,2016-01-03 08:30:00
207.747,0.9967166666666666,1.01185,0.9949874999999999,71.1958,72.2777,71.0741,2016-01-03 08:45:00
325.598,0.9968333333333333,1.0109541666666666,0.9908083333333334,111.596,113.182,110.925,2016-01-03 09:00:00
276.623,0.9976958333333332,1.0072875,0.9882666666666667,94.895,95.8074,93.9942,2016-01-03 09:15:00
196.668,0.9950958333333333,1.0064833333333334,0.9829083333333334,67.2882,68.0609,66.4673,2016-01-03 09:30:00
179.953,0.9897000000000001,1.0088375,0.9797916666666666,61.2361,62.4206,60.6273,2016-01-03 09:45:00
167.375,0.9794958333333333,1.0134500000000002,0.9750375000000001,56.3697,58.3214,56.118,2016-01-03 10:00:00
211.957,0.9781708333333334,1.0144333333333333,0.9743999999999999,71.2874,73.9299,71.0142,2016-01-03 10:15:00
143.527,0.9719041666666667,1.0144125000000002,0.9692541666666666,47.964,50.06,47.8351,2016-01-03 10:30:00
132.062,0.9700291666666667,1.0146291666666667,0.9671791666666667,44.047,46.0717,43.9183,2016-01-03 10:45:00
159.751,0.9686958333333333,1.0145625,0.9649000000000001,53.2086,55.7282,53.0017,2016-01-03 11:00:00
194.261,0.9691541666666665,1.0142083333333334,0.9636500000000001,64.7332,67.7441,64.3668,2016-01-03 11:15:00
293.967,0.9698833333333332,1.012625,0.9631208333333332,98.0321,102.354,97.349,2016-01-03 11:30:00
196.26,0.967275,1.0124166666666667,0.9606791666666668,65.2735,68.3186,64.8295,2016-01-03 11:45:00
362.505,0.9717125000000001,1.0141041666666666,0.9641833333333333,121.115,126.405,120.175,2016-01-03 12:00:00
227.717,0.9672791666666666,1.0115791666666667,0.9606458333333334,75.7375,79.2027,75.2191,2016-01-03 12:15:00
102.089,0.9646833333333332,1.0102833333333332,0.9551083333333334,33.8625,35.4629,33.5281,2016-01-03 12:30:00
90.2526,0.9638666666666668,1.0109875,0.9550666666666666,29.9132,31.3714,29.6383,2016-01-03 12:45:00
95.8933,0.9633291666666666,1.0117875,0.9537,31.7626,33.3602,31.4455,2016-01-03 13:00:00
90.3887,0.9640249999999999,1.0124666666666666,0.9539124999999999,29.9593,31.4661,29.6459,2016-01-03 13:15:00
141.529,0.9662208333333333,1.0132791666666667,0.9562333333333334,47.0187,49.3094,46.5317,2016-01-03 13:30:00
197.239,0.9687125,1.0141833333333332,0.9579791666666667,65.6952,68.7808,64.9665,2016-01-03 13:45:00
313.44,0.9732208333333333,1.0158375000000002,0.960475,104.884,109.482,103.509,2016-01-03 14:00:00
44.0727,0.9641666666666666,1.0131083333333333,0.9533124999999999,14.6115,15.352,14.4476,2016-01-03 14:15:00
88.8333,0.9667416666666666,1.0130583333333334,0.9555166666666666,29.528,30.9433,29.1846,2016-01-03 14:30:00
77.5458,0.9678708333333332,1.012475,0.9563458333333333,25.8048,26.9971,25.4968,2016-01-03 14:45:00
63.0162,0.9688833333333334,1.0120791666666666,0.9546958333333333,20.9928,21.9291,20.6859,2016-01-03 15:00:00
64.0033,0.9691375,1.0125375,0.9558791666666667,21.3276,22.2825,21.0355,2016-01-03 15:15:00
42.274,0.9694708333333334,1.0122166666666668,0.9553833333333334,14.0911,14.7135,13.8875,2016-01-03 15:30:00
82.1638,0.9725041666666667,1.01265,0.9574125,27.4737,28.6086,27.0471,2016-01-03 15:45:00
144.915,0.9749416666666667,1.0128708333333334,0.9596083333333333,48.5783,50.4686,47.8133,2016-01-03 16:00:00
118.137,0.9745041666666666,1.0122791666666666,0.9591708333333334,39.5856,41.1186,38.9626,2016-01-03 16:15:00
137.307,0.9763875,1.0114416666666666,0.9601875,46.0962,47.7515,45.3307,2016-01-03 16:30:00
105.717,0.9745375,1.0106625,0.9589791666666667,35.424,36.7367,34.8587,2016-01-03 16:45:00
75.0,0.9692041666666668,1.0055166666666666,0.9539083333333334,24.9941,25.9298,24.6007,2016-01-03 17:00:00
84.072,0.9647374999999999,1.0017958333333332,0.950275,27.8888,28.9588,27.47,2016-01-03 17:15:00
77.0,0.9572416666666667,0.9961291666666667,0.9448083333333334,25.3454,26.3726,25.0149,2016-01-03 17:30:00
37.1818,0.9538499999999999,0.9947041666666666,0.9419875,12.1948,12.7167,12.0429,2016-01-03 17:45:00
28.7754,0.9518958333333334,0.9934791666666666,0.9400708333333334,9.41812,9.82963,9.30111,2016-01-03 18:00:00
16.8396,0.9517583333333333,0.9929916666666666,0.9388041666666667,5.51077,5.74997,5.43584,2016-01-03 18:15:00
14.304,0.9474916666666666,0.9919916666666667,0.9365791666666666,4.65997,4.87892,4.60632,2016-01-03 18:30:00
6.93528,0.9450999999999999,0.9915333333333333,0.9339625000000001,2.25369,2.36444,2.22713,2016-01-03 18:45:00
4.024,0.9342291666666667,0.9954666666666666,0.9237041666666667,1.29253,1.37736,1.27806,2016-01-03 19:00:00
0.952,0.9315458333333333,0.9991708333333335,0.9199083333333334,0.304918,0.327062,0.301119,2016-01-03 19:15:00
0.0,0.9287791666666667,1.0019291666666668,0.9178083333333332,0.0,0.0,0.0,2016-01-03 19:30:00
0.0,0.9285041666666666,1.0021583333333333,0.9160416666666666,0.0,0.0,0.0,2016-01-03 19:45:00
0.0,0.9280125,1.0004541666666666,0.9122250000000001,0.0,0.0,0.0,2016-01-03 20:00:00
0.0,0.9291666666666667,0.9999458333333333,0.9126333333333334,0.0,0.0,0.0,2016-01-03 20:15:00
0.0,0.9311333333333333,1.0011916666666667,0.9138125,0.0,0.0,0.0,2016-01-03 20:30:00
0.0,0.9325958333333333,1.0011208333333335,0.9152125000000001,0.0,0.0,0.0,2016-01-03 20:45:00
0.0,0.9352375,1.0021375000000001,0.9179666666666666,0.0,0.0,0.0,2016-01-03 21:00:00
0.0,0.9357249999999999,1.0029708333333334,0.91915,0.0,0.0,0.0,2016-01-03 21:15:00
0.0,0.9395958333333334,1.0048333333333332,0.9219291666666667,0.0,0.0,0.0,2016-01-03 21:30:00
0.0,0.9404375,1.0054541666666668,0.9225749999999999,0.0,0.0,0.0,2016-01-03 21:45:00
0.0,0.94505,1.0070000000000001,0.9243916666666666,0.0,0.0,0.0,2016-01-03 22:00:00
0.0,0.9478125,1.0072375,0.9259958333333332,0.0,0.0,0.0,2016-01-03 22:15:00
0.0,0.9535625000000001,1.0094333333333332,0.9312,0.0,0.0,0.0,2016-01-03 22:30:00
0.0,0.9565083333333333,1.0105333333333335,0.9345791666666666,0.0,0.0,0.0,2016-01-03 22:45:00
0.0,0.9625166666666667,1.0131208333333332,0.9407500000000001,0.0,0.0,0.0,2016-01-03 23:00:00
0.0,0.9659125000000001,1.01375,0.9452416666666666,0.0,0.0,0.0,2016-01-03 23:15:00
0.0,0.9720041666666667,1.0147833333333334,0.9513041666666667,0.0,0.0,0.0,2016-01-03 23:30:00
0.0,1.0176166666666668,1.0117291666666668,1.0134416666666668,0.0,0.0,0.0,2016-01-03 23:45:00
0.0,0.984425,1.0125916666666666,0.9649958333333333,0.0,0.0,0.0,2016-01-04 00:00:00
0.0,0.9869749999999999,1.0122958333333334,0.9680458333333333,0.0,0.0,0.0,2016-01-04 00:15:00
0.0,0.9900125000000001,1.0136916666666667,0.9729083333333334,0.0,0.0,0.0,2016-01-04 00:30:00
0.0,0.9921,1.0144833333333334,0.9754541666666667,0.0,0.0,0.0,2016-01-04 00:45:00
0.0,0.9949833333333333,1.015025,0.9782375,0.0,0.0,0.0,2016-01-04 01:00:00
0.0,0.9951625,1.0149375,0.9789791666666667,0.0,0.0,0.0,2016-01-04 01:15:00
0.0,0.9963249999999999,1.014675,0.9780333333333334,0.0,0.0,0.0,2016-01-04 01:30:00
0.0,0.9975375000000001,1.0148166666666667,0.9778666666666667,0.0,0.0,0.0,2016-01-04 01:45:00
0.0,0.9988499999999999,1.0148458333333334,0.9799500000000001,0.0,0.0,0.0,2016-01-04 02:00:00
0.0,1.0001958333333332,1.0153625,0.9817958333333333,0.0,0.0,0.0,2016-01-04 02:15:00
0.0,1.0012708333333333,1.0150125,0.984675,0.0,0.0,0.0,2016-01-04 02:30:00
0.0,1.002125,1.0145791666666666,0.9863666666666667,0.0,0.0,0.0,2016-01-04 02:45:00
0.833333,1.0040791666666666,1.0151541666666666,0.9922624999999999,0.287705,0.290873,0.284304,2016-01-04 03:00:00
2.31833,1.0050708333333334,1.0148625,0.9953666666666667,0.801178,0.808977,0.793423,2016-01-04 03:15:00
5.67619,1.0050083333333333,1.0147166666666667,0.9988291666666667,1.96148,1.9804,1.94937,2016-01-04 03:30:00
10.5383,1.0056166666666666,1.0150541666666668,1.000175,3.64385,3.67806,3.6238,2016-01-04 03:45:00
18.2674,1.0075625000000001,1.0155166666666666,1.0035375,6.32857,6.37847,6.30316,2016-01-04 04:00:00
23.3235,1.0091458333333332,1.0165333333333333,1.0072291666666666,8.09292,8.15204,8.07738,2016-01-04 04:15:00
25.7278,1.011075,1.0146833333333332,1.0137583333333333,8.94437,8.97601,8.96769,2016-01-04 04:30:00
46.1331,1.0144458333333333,1.0131999999999999,1.0180875,16.0918,16.0716,16.1489,2016-01-04 04:45:00
66.2,1.0174208333333332,1.0078208333333334,1.020475,23.1592,22.9401,23.2275,2016-01-04 05:00:00
64.4,1.0182083333333332,1.0070625,1.0209833333333334,22.5462,22.3004,22.6064,2016-01-04 05:15:00
90.9152,1.0186416666666667,1.0068333333333335,1.0217166666666666,31.8443,31.4742,31.9384,2016-01-04 05:30:00
150.103,1.0186875,1.0066625,1.0217458333333334,52.576,51.9547,52.734,2016-01-04 05:45:00
131.36,1.0161375,1.0068291666666667,1.018875,45.8942,45.4751,46.0194,2016-01-04 06:00:00
140.0,1.015975,1.00725,1.0187583333333334,48.9063,48.4853,49.0421,2016-01-04 06:15:00
109.54,1.0133666666666665,1.0068333333333335,1.0167458333333335,38.1666,37.9212,38.2947,2016-01-04 06:30:00
242.892,1.0152875000000001,1.0084166666666665,1.018425,84.7941,84.2172,85.0565,2016-01-04 06:45:00
266.453,1.0134916666666667,1.0113166666666666,1.0150541666666668,92.8484,92.655,92.9982,2016-01-04 07:00:00
284.195,1.0142708333333332,1.0121166666666666,1.0152958333333333,99.1085,98.9043,99.216,2016-01-04 07:15:00
283.157,1.0140625,1.0134166666666666,1.0135583333333333,98.7267,98.6674,98.6804,2016-01-04 07:30:00
202.996,1.0089458333333332,1.01285,1.0095791666666665,70.4192,70.6941,70.4668,2016-01-04 07:45:00
258.384,1.0071791666666667,1.0124166666666667,1.0066333333333333,89.4785,89.9455,89.4332,2016-01-04 08:00:00
342.048,1.0075166666666666,1.0131791666666667,1.0059416666666667,118.492,119.159,118.31,2016-01-04 08:15:00
358.164,1.0037166666666666,1.0135458333333334,1.0020458333333333,123.603,124.819,123.406,2016-01-04 08:30:00
362.593,1.0016166666666668,1.0129833333333333,0.9990208333333334,124.871,126.293,124.553,2016-01-04 08:45:00
387.418,0.9988083333333333,1.0113750000000001,0.9924208333333333,133.044,134.728,132.202,2016-01-04 09:00:00
391.526,1.001325,1.0080416666666667,0.9913583333333335,134.804,135.705,133.451,2016-01-04 09:15:00
399.267,1.00155,1.0078125,0.9884125,137.493,138.359,135.691,2016-01-04 09:30:00
456.507,0.9987166666666667,1.0106958333333333,0.9871041666666668,156.753,158.644,154.951,2016-01-04 09:45:00
418.292,0.988075,1.0153416666666668,0.9813125,142.106,146.033,141.138,2016-01-04 10:00:00
432.319,0.9857666666666667,1.0160875,0.9798541666666667,146.528,151.038,145.658,2016-01-04 10:15:00
460.753,0.9830333333333334,1.0168916666666667,0.9770083333333334,155.731,161.101,154.79,2016-01-04 10:30:00
452.383,0.9813750000000001,1.0171583333333332,0.9749791666666666,152.646,158.215,151.658,2016-01-04 10:45:00
312.606,0.9741708333333334,1.0158458333333333,0.968625,104.71,109.186,104.12,2016-01-04 11:00:00
269.133,0.97185,1.0148375,0.9654833333333332,89.9329,93.9107,89.3459,2016-01-04 11:15:00
419.727,0.9743958333333335,1.0135791666666667,0.9662000000000001,140.622,146.281,139.437,2016-01-04 11:30:00
374.097,0.9736750000000001,1.0138458333333333,0.9650541666666667,125.242,130.403,124.143,2016-01-04 11:45:00
263.536,0.9681291666666667,1.0133208333333332,0.9617833333333334,87.7272,91.8176,87.1547,2016-01-04 12:00:00
207.89,0.9665625,1.0114083333333335,0.9601541666666666,69.091,72.2954,68.6329,2016-01-04 12:15:00
121.945,0.9654083333333333,1.0104625,0.9556041666666666,40.4785,42.3679,40.0693,2016-01-04 12:30:00
78.2214,0.9634208333333334,1.0108833333333334,0.9547666666666667,25.9119,27.1878,25.6791,2016-01-04 12:45:00
62.9507,0.9621125,1.0114791666666667,0.9528791666666666,20.8248,21.8931,20.6253,2016-01-04 13:00:00
84.9913,0.9638291666666667,1.0124166666666667,0.9537791666666667,28.1659,29.5861,27.8721,2016-01-04 13:15:00
48.9082,0.9628166666666668,1.0124374999999999,0.9539333333333334,16.1913,17.0255,16.0418,2016-01-04 13:30:00
30.4241,0.9625875,1.0127,0.9538458333333334,10.0698,10.5937,9.97827,2016-01-04 13:45:00
28.3333,0.9627333333333333,1.0134583333333333,0.9534500000000001,9.37893,9.87287,9.28889,2016-01-04 14:00:00
30.3988,0.9636583333333334,1.0129833333333333,0.9529583333333332,10.0723,10.588,9.96059,2016-01-04 14:15:00
51.6643,0.9653791666666666,1.0127208333333335,0.9545875000000001,17.149,17.9902,16.9571,2016-01-04 14:30:00
39.3131,0.9664708333333334,1.012125,0.9553916666666666,13.0633,13.6819,12.9132,2016-01-04 14:45:00
48.4162,0.9683458333333335,1.01195,0.9543291666666666,16.1201,16.8463,15.887,2016-01-04 15:00:00
40.3033,0.9682750000000001,1.0123208333333333,0.955275,13.4186,14.028,13.2369,2016-01-04 15:15:00
39.4444,0.9693708333333333,1.0121916666666668,0.9553083333333332,13.1469,13.7278,12.9563,2016-01-04 15:30:00
26.7867,0.9704791666666667,1.0121708333333332,0.9560041666666667,8.93766,9.32275,8.80432,2016-01-04 15:45:00
29.1522,0.9707458333333333,1.0118875,0.9566749999999999,9.73032,10.1428,9.58868,2016-01-04 16:00:00
37.3461,0.9715750000000001,1.0115958333333332,0.9571041666666668,12.4752,12.9902,12.2895,2016-01-04 16:15:00
28.02,0.9724583333333334,1.0105250000000001,0.9573791666666667,9.36859,9.73626,9.22331,2016-01-04 16:30:00
29.79,0.9718125,1.0100083333333334,0.9570291666666666,9.95464,10.3454,9.80314,2016-01-04 16:45:00
23.4188,0.9673499999999999,1.0050416666666666,0.9525583333333333,7.78948,8.09282,7.67067,2016-01-04 17:00:00
23.2633,0.9624916666666666,1.0012124999999998,0.9488,7.69911,8.00844,7.58935,2016-01-04 17:15:00
16.3903,0.9550291666666667,0.9955041666666666,0.9433208333333333,5.38245,5.61021,5.31626,2016-01-04 17:30:00
11.8423,0.9529625,0.9944291666666667,0.9413791666666667,3.88032,4.04913,3.83312,2016-01-04 17:45:00
10.1933,0.9512916666666666,0.9932416666666668,0.9396291666666667,3.33412,3.48119,3.29326,2016-01-04 18:00:00
8.43667,0.9514833333333333,0.9928791666666666,0.9386083333333333,2.7601,2.88034,2.72275,2016-01-04 18:15:00
5.69067,0.9472083333333334,0.991875,0.9363791666666667,1.85336,1.9408,1.83217,2016-01-04 18:30:00
2.61867,0.9449624999999999,0.991475,0.9338625,0.850835,0.892727,0.840845,2016-01-04 18:45:00
1.25333,0.9341333333333334,0.995425,0.9236458333333334,0.402537,0.428982,0.398046,2016-01-04 19:00:00
0.833333,0.9315416666666666,0.9991708333333335,0.9199041666666666,0.266909,0.286293,0.263584,2016-01-04 19:15:00
0.0,0.9287791666666667,1.0019291666666668,0.9178083333333332,0.0,0.0,0.0,2016-01-04 19:30:00
0.0,0.9285041666666666,1.0021583333333333,0.9160416666666666,0.0,0.0,0.0,2016-01-04 19:45:00
0.0,0.9280125,1.0004541666666666,0.9122250000000001,0.0,0.0,0.0,2016-01-04 20:00:00
0.0,0.9291666666666667,0.9999458333333333,0.9126333333333334,0.0,0.0,0.0,2016-01-04 20:15:00
0.0,0.9311333333333333,1.0011916666666667,0.9138125,0.0,0.0,0.0,2016-01-04 20:30:00
0.0,0.9325958333333333,1.0011208333333335,0.9152125000000001,0.0,0.0,0.0,2016-01-04 20:45:00
0.0,0.9352375,1.0021375000000001,0.9179666666666666,0.0,0.0,0.0,2016-01-04 21:00:00
0.0,0.9357249999999999,1.0029708333333334,0.91915,0.0,0.0,0.0,2016-01-04 21:15:00
0.0,0.9395958333333334,1.0048333333333332,0.9219291666666667,0.0,0.0,0.0,2016-01-04 21:30:00
0.0,0.9404375,1.0054541666666668,0.9225749999999999,0.0,0.0,0.0,2016-01-04 21:45:00
0.0,0.94505,1.0070000000000001,0.9243916666666666,0.0,0.0,0.0,2016-01-04 22:00:00
0.0,0.9478125,1.0072375,0.9259958333333332,0.0,0.0,0.0,2016-01-04 22:15:00
0.0,0.9535625000000001,1.0094333333333332,0.9312,0.0,0.0,0.0,2016-01-04 22:30:00
0.0,0.9565083333333333,1.0105333333333335,0.9345791666666666,0.0,0.0,0.0,2016-01-04 22:45:00
0.0,0.9625166666666667,1.0131208333333332,0.9407500000000001,0.0,0.0,0.0,2016-01-04 23:00:00
0.0,0.9659125000000001,1.01375,0.9452416666666666,0.0,0.0,0.0,2016-01-04 23:15:00
0.0,0.9720041666666667,1.0147833333333334,0.9513041666666667,0.0,0.0,0.0,2016-01-04 23:30:00
0.0,1.0176166666666668,1.0117291666666668,1.0134416666666668,0.0,0.0,0.0,2016-01-04 23:45:00
