date,DSS-0.Bus-671-V3_pu,DSS-0.Bus-671-V1_pu,DSS-0.Bus-671-V2_pu,DSS-0.Generator-Gen_0-P_mw,CSV-0.csv-0-DNI,PV-0.PV_0-P_gen
2016-01-01 00:15:00,0.9642722401938758,0.9836988993583494,1.0118437873924562,-1.0000087192412883e-11,0.0,0.0
2016-01-01 00:30:00,0.970158879089552,0.9872716298391304,1.012296913506957,-1.0000120039827389e-11,0.0,0.0
2016-01-01 00:45:00,0.9721928059148321,0.9892793516856013,1.0129421326875565,-1.0000042797741777e-11,0.0,0.0
2016-01-01 01:00:00,0.9764656837106165,0.9930262505965136,1.0137942931570463,-1.0000072575300536e-11,0.0,0.0
2016-01-01 01:15:00,0.9775062936723851,0.9942471301511726,1.0142736283997427,-1.0000324502855866e-11,0.0,0.0
2016-01-01 01:30:00,0.9782178474158095,0.9953700251085202,1.0141164961716649,-1.0000160807310173e-11,0.0,0.0
2016-01-01 01:45:00,0.9773104674906339,0.9955895915636626,1.0139211845621454,-9.999784952481155e-12,0.0,0.0
2016-01-01 02:00:00,0.9773996731913248,0.998098121403278,1.0138183437822341,-1.0000089785443259e-11,0.0,0.0
2016-01-01 02:15:00,0.9792256258856353,0.9981086981599858,1.0140950467034855,-1.0000026203866287e-11,0.0,0.0
2016-01-01 02:30:00,0.9824997179573722,0.9999954029648098,1.0139590098537579,-1.0000044568344017e-11,0.0,0.0
2016-01-01 02:45:00,0.9839480940868686,1.0005284004910142,1.014263049142615,-1.0000017942264726e-11,0.0,0.0
2016-01-01 03:00:00,0.9871622384655397,1.0020139378971458,1.014093728806174,-1.0000034319326836e-11,0.0,0.0
2016-01-01 03:15:00,0.9915142723160518,1.0033165760938954,1.0144010795717973,-0.0006250021474691831,1.2499999999999996,0.6249999999999998
2016-01-01 03:30:00,0.9966859107437168,1.0045356471171687,1.0136114370917506,-0.0033333424749043125,6.666666666666667,3.3333333333333335
2016-01-01 03:45:00,0.9980567083324238,1.0042133350937892,1.0139524557978925,-0.010548595676918569,21.09686609686609,10.548433048433045
2016-01-01 04:00:00,1.0006404150790456,1.0053960028155897,1.0137540069283384,-0.02250002205698838,45.0,22.5
2016-01-01 04:15:00,1.0027442553181727,1.0067209971669906,1.0147388556604786,-0.0396736121988256,79.34523809523809,39.672619047619044
2016-01-01 04:30:00,1.0091236683251985,1.0088721767128315,1.0143524086873206,-0.04583337751396633,91.66666666666669,45.83333333333334
2016-01-01 04:45:00,1.0130345849989641,1.010351255616674,1.0139304479003761,-0.06750153233528594,135.0,67.5
2016-01-01 05:00:00,1.019040823202027,1.015600783100479,1.0099283110337574,-0.08250190299621114,165.0,82.5
2016-01-01 05:15:00,1.01858344700768,1.015557898472794,1.006770645178334,-0.06791612832714063,135.83333333333334,67.91666666666667
2016-01-01 05:30:00,1.0198401200580995,1.0166090351701271,1.0061327573432988,-0.06250034042943017,125.0,62.5
2016-01-01 05:45:00,1.0193851944939607,1.0163915722131773,1.0056792071313174,-0.09416636288800286,188.3333333333333,94.16666666666664
2016-01-01 06:00:00,1.0163776558729047,1.014103840597253,1.004901555851715,-0.054165340507060254,108.33333333333331,54.16666666666666
2016-01-01 06:15:00,1.0147892908295217,1.0120034898303432,1.005109869940052,-0.032610834977431724,65.22270114942529,32.611350574712645
2016-01-01 06:30:00,1.0132548103144847,1.0101579095955628,1.0049876511683675,-0.01583304022180279,31.666666666666668,15.833333333333334
2016-01-01 06:45:00,1.0131664654051036,1.0096934981829606,1.005231794799243,-0.02106056662929828,42.121212121212125,21.060606060606062
2016-01-01 07:00:00,1.0096913618064212,1.0065748816840419,1.0063141509984475,-0.03833189878101818,76.66666666666666,38.33333333333333
2016-01-01 07:15:00,1.0076385278585658,1.0054385758393578,1.0086119935001552,-0.051943841727449695,103.8888888888889,51.94444444444445
2016-01-01 07:30:00,1.0074615854448572,1.0062391510579192,1.0093249469414038,-0.04750023094311384,95.0,47.5
2016-01-01 07:45:00,1.0060875719833575,1.0057682262223029,1.0107472576359922,-0.08215120491034819,164.30365296803652,82.15182648401826
2016-01-01 08:00:00,1.0021752652608638,1.0015330834503833,1.0102113106037258,-0.10416646246465268,208.3333333333333,104.16666666666664
2016-01-01 08:15:00,0.9994863703758294,0.9990121520411281,1.0097187631608822,-0.0439839491282823,87.96803652968039,43.984018264840195
2016-01-01 08:30:00,0.9963848143530311,0.9961928202661866,1.010616208683459,-0.20583290667915058,411.6666666666667,205.83333333333334
2016-01-01 08:45:00,0.9959555269651303,0.996115631489824,1.0110318010584702,-0.3576344932077439,715.2726063829788,357.6363031914894
2016-01-01 09:00:00,0.9882478028343288,0.9902638858595654,1.0094626420483201,-0.25416449365044186,508.3333333333333,254.16666666666666
2016-01-01 09:15:00,0.9833599031799564,0.9875045825963573,1.008080042485719,-0.1570823224508424,314.1666666666667,157.08333333333334
2016-01-01 09:30:00,0.979950122831887,0.9917496217348363,1.0019492822170457,-0.1283327368859968,256.6666666666667,128.33333333333334
2016-01-01 09:45:00,0.9780593341487449,0.9892545365735032,1.0045125407750979,-0.10219672294600983,204.39393939393932,102.19696969696966
2016-01-01 10:00:00,0.9753076591764291,0.9827294277064642,1.0096517084465115,-0.2599983195269127,520.0,260.0
2016-01-01 10:15:00,0.9714728299620368,0.9744951865218308,1.0114974414549325,-0.1129793776759269,225.9618208516887,112.98091042584436
2016-01-01 10:30:00,0.9667701452717656,0.968639485070325,1.0121214813529478,-0.07999873423250088,160.0,80.0
2016-01-01 10:45:00,0.9660311278501109,0.9672336365158994,1.0125152488637403,-0.0833330623206088,166.66666666666669,83.33333333333334
2016-01-01 11:00:00,0.963425414086889,0.9649643846778153,1.013270570903941,-0.13583220770836263,271.6666666666667,135.83333333333334
2016-01-01 11:15:00,0.962837040322974,0.9650096767418511,1.0128276481459213,-0.20212575970574106,404.2594401041666,202.1297200520833
2016-01-01 11:30:00,0.960449448465632,0.9634625469842785,1.0100503149980646,-0.33416337523047684,668.3333333333334,334.1666666666667
2016-01-01 11:45:00,0.9595335396242236,0.9632570009444089,1.0101195596726276,-0.3408234620879243,681.6666666666666,340.8333333333333
2016-01-01 12:00:00,0.9606180320452852,0.9644811173915371,1.011266723360291,-0.4225021749335628,845.0,422.5
2016-01-01 12:15:00,0.9575896143030491,0.9610473120231805,1.0107453291723272,-0.23103874679393382,462.08392032113926,231.04196016056963
2016-01-01 12:30:00,0.9531606923182305,0.961492682997575,1.0085712514433103,-0.09749878061470536,195.0,97.5
2016-01-01 12:45:00,0.9522195105069889,0.9606425519363343,1.0086415479100994,-0.028682301471566685,57.36742424242424,28.68371212121212
2016-01-01 13:00:00,0.9527019433211665,0.9606640618326499,1.0098031932225822,-0.04916821349997303,98.33333333333331,49.16666666666666
2016-01-01 13:15:00,0.9559293903792935,0.9647188708393699,1.011229626191078,-0.408308881417562,816.6050808314087,408.30254041570436
2016-01-01 13:30:00,0.9559704595741785,0.9643363410491382,1.012413101078685,-0.33416908059855416,668.3333333333334,334.1666666666667
2016-01-01 13:45:00,0.9559333617354568,0.9644371431709678,1.0120246217790114,-0.299777976093647,599.5577281191808,299.7788640595904
2016-01-01 14:00:00,0.9573736862396929,0.967170616530181,1.0128026592324408,-0.3975031061884748,795.0,397.5
2016-01-01 14:15:00,0.9550459139550088,0.9641347635902531,1.0130411228082654,-0.22883251592627818,457.6699029126213,228.83495145631065
2016-01-01 14:30:00,0.9533709261161638,0.9649591197201322,1.011454192195483,-0.178332705821383,356.6666666666667,178.33333333333334
2016-01-01 14:45:00,0.9534483728003582,0.9636583392684597,1.0116571396894136,-0.06442935686737264,128.85899888410648,64.42949944205324
2016-01-01 15:00:00,0.9526875269706354,0.9651586587536308,1.0106744707642064,-0.020833329057344245,41.66666666666666,20.83333333333333
2016-01-01 15:15:00,0.9550362041864209,0.9685859325378811,1.0113141081004398,-0.2009056975901121,401.8068297655454,200.9034148827727
2016-01-01 15:30:00,0.9549175917342757,0.9682389379503562,1.0113927560351983,-0.13749862016907297,275.0,137.5
2016-01-01 15:45:00,0.9547622880374133,0.9684004012733624,1.0113254750864833,-0.08755412980766436,175.10851760851762,87.55425880425881
2016-01-01 16:00:00,0.9561216744035116,0.9693064877480532,1.0113990521336673,-0.05250024845869644,105.0,52.5
2016-01-01 16:15:00,0.9554487606819437,0.9691760482375342,1.0109171203820935,-0.015747881898219022,31.496598639455776,15.748299319727886
2016-01-01 16:30:00,0.9568776405177556,0.9710999427226212,1.0106211403866265,-0.09083384971112471,181.66666666666663,90.83333333333331
2016-01-01 16:45:00,0.9574279656259257,0.9722363227301901,1.0098521540344794,-0.11302829288078203,226.05095541401272,113.02547770700636
2016-01-01 17:00:00,0.9548301275201869,0.9694625099975756,1.0075179058001997,-0.021666385748802107,43.333333333333336,21.666666666666668
2016-01-01 17:15:00,0.9514798388293396,0.9660284274302584,1.0041316277979042,-0.01748998139937935,34.98062015503875,17.490310077519375
2016-01-01 17:30:00,0.9443292441949641,0.9574827439114633,0.9963621405262488,-0.04416650758654373,88.33333333333333,44.166666666666664
2016-01-01 17:45:00,0.9428491849000397,0.9544137348775553,0.9947668349347041,-0.04895787056288326,97.91666666666664,48.95833333333332
2016-01-01 18:00:00,0.9406157341567889,0.952137432458449,0.9932360247324203,-0.05666627666135017,113.33333333333331,56.66666666666666
2016-01-01 18:15:00,0.9395695663260225,0.9511353827085032,0.9926854835009623,-0.06926365511523253,138.53333333333336,69.26666666666668
2016-01-01 18:30:00,0.93720414522457,0.9485561037375192,0.9922478071633499,-0.03583311377242099,71.66666666666667,35.833333333333336
2016-01-01 18:45:00,0.9359446292706792,0.946719531191846,0.9912047196479252,-0.03094165960323884,61.88368055555554,30.94184027777777
2016-01-01 19:00:00,0.9291216554132012,0.9405571925548384,0.9918577441081506,-0.021666381453495163,43.333333333333336,21.666666666666668
2016-01-01 19:15:00,0.9230454175060666,0.9335127732311697,0.9947104034255378,-0.008720176995563421,17.44047619047619,8.720238095238095
2016-01-01 19:30:00,0.9178853911776113,0.929888996260155,0.9998152706774907,-0.0016666731254446425,3.333333333333333,1.6666666666666665
2016-01-01 19:45:00,0.9171412595274484,0.9281026917263975,1.0011920264173342,-0.0008333351966214959,1.6666666666666667,0.8333333333333334
2016-01-01 20:00:00,0.9131928516777004,0.9276972237677228,1.0003567475820907,-9.999962741476719e-12,0.0,0.0
2016-01-01 20:15:00,0.9115485756783961,0.9273253746950182,0.9997215335644686,-9.99977636632937e-12,0.0,0.0
2016-01-01 20:30:00,0.9123103513389218,0.9292337762428888,1.0000340460848567,-1.000021736809027e-11,0.0,0.0
2016-01-01 20:45:00,0.9131369552605697,0.930444519546856,1.0004472546020615,-1.0000276334817598e-11,0.0,0.0
2016-01-01 21:00:00,0.9160341433046276,0.9326105781264111,1.0013759931098303,-1.00000549541709e-11,0.0,0.0
2016-01-01 21:15:00,0.9172876578604839,0.9345478507291181,1.001389428855825,-1.000028194382024e-11,0.0,0.0
2016-01-01 21:30:00,0.9192399508776925,0.936447421518768,1.0035410340303996,-1.0000061195324582e-11,0.0,0.0
2016-01-01 21:45:00,0.9212482141937915,0.9388996306076032,1.004090906091154,-1.0000035985511663e-11,0.0,0.0
2016-01-01 22:00:00,0.9230489064907502,0.9426186849683243,1.0057053674377245,-1.0000055921297451e-11,0.0,0.0
2016-01-01 22:15:00,0.9237082635286072,0.9443522605845921,1.0062516490656197,-1.0000295606682448e-11,0.0,0.0
2016-01-01 22:30:00,0.9281640667680718,0.9503925732539421,1.0078947257644097,-1.0000061736140121e-11,0.0,0.0
2016-01-01 22:45:00,0.9305114045195506,0.9528570343901507,1.0086845992419509,-1.000002795869503e-11,0.0,0.0
2016-01-01 23:00:00,0.936846719895369,0.9584731098628473,1.0110324077945767,-1.0000140459411449e-11,0.0,0.0
2016-01-01 23:15:00,0.9400551725214115,0.961807294683525,1.0123707191698543,-1.000010275997031e-11,0.0,0.0
2016-01-01 23:30:00,0.9474339156734843,0.9681233028068835,1.0132162369211368,-1.0000151369468333e-11,0.0,0.0
2016-01-01 23:45:00,0.95059871796464,0.9712863814975605,1.01403111126113,-1.0000063771639084e-11,0.0,0.0
2016-01-02,0.9607765604895402,0.9814996875195299,1.0112807277591467,-1.000002483977579e-11,0.0,0.0
2016-01-02 00:15:00,0.9642722348254169,0.9836989024054483,1.0118437864533287,-1.0000087314630156e-11,0.0,0.0
2016-01-02 00:30:00,0.970158879085886,0.9872716298420428,1.0122969135057642,-1.0000120039899046e-11,0.0,0.0
2016-01-02 00:45:00,0.9721928059148301,0.9892793516856032,1.0129421326875554,-1.0000042797741818e-11,0.0,0.0
2016-01-02 01:00:00,0.9764656837106165,0.9930262505965136,1.0137942931570463,-1.0000072575300536e-11,0.0,0.0
2016-01-02 01:15:00,0.9775062936723851,0.9942471301511726,1.0142736283997427,-1.0000324502855866e-11,0.0,0.0
2016-01-02 01:30:00,0.9782178474158095,0.9953700251085202,1.0141164961716649,-1.0000160807310173e-11,0.0,0.0
2016-01-02 01:45:00,0.9773104674906339,0.9955895915636626,1.0139211845621454,-9.999784952481155e-12,0.0,0.0
2016-01-02 02:00:00,0.9773996731913248,0.998098121403278,1.0138183437822341,-1.0000089785443259e-11,0.0,0.0
2016-01-02 02:15:00,0.9792256258856353,0.9981086981599858,1.0140950467034855,-1.0000026203866287e-11,0.0,0.0
2016-01-02 02:30:00,0.9824997179573722,0.9999954029648098,1.0139590098537579,-1.0000044568344017e-11,0.0,0.0
2016-01-02 02:45:00,0.9839480940868686,1.0005284004910142,1.014263049142615,-1.0000017942264726e-11,0.0,0.0
2016-01-02 03:00:00,0.9871622384655397,1.0020139378971458,1.014093728806174,-1.0000034319326836e-11,0.0,0.0
2016-01-02 03:15:00,0.9915256257865015,1.003328287656253,1.0144038960604984,-0.0015972277206618081,3.194444444444444,1.597222222222222
2016-01-02 03:30:00,0.9966954306124393,1.004545681028259,1.0136139234146717,-0.004166678080483823,8.333333333333334,4.166666666666667
2016-01-02 03:45:00,0.998057231861689,1.0042138651377008,1.0139525849353617,-0.010592853425733637,21.18538324420677,10.592691622103384
2016-01-02 04:00:00,1.0006404151232795,1.0053960027958546,1.0137540069284252,-0.022500022051980477,45.0,22.5
2016-01-02 04:15:00,1.0026184589340987,1.0065849298682747,1.0147051575432358,-0.028334004889922177,56.66666666666667,28.333333333333336
2016-01-02 04:30:00,1.0088982647366707,1.008623078483959,1.0142894354255383,-0.02500002432341732,50.0,25.0
2016-01-02 04:45:00,1.0127359973751704,1.0100147433644648,1.0138438550943056,-0.03928994606455431,78.57986111111111,39.28993055555556
2016-01-02 05:00:00,1.0187967535740086,1.0153290272304667,1.0098518013220497,-0.05916806134524701,118.33333333333331,59.16666666666666
2016-01-02 05:15:00,1.0186271400972502,1.0156062583032837,1.0067849101060067,-0.07208289608212283,144.16666666666666,72.08333333333333
2016-01-02 05:30:00,1.019962193287943,1.0167438112807812,1.006173376255032,-0.07416710070731096,148.33333333333334,74.16666666666667
2016-01-02 05:45:00,1.0193621617711563,1.016366119443961,1.0056715085659493,-0.091963899998218,183.92857142857144,91.96428571428572
2016-01-02 06:00:00,1.0167226342436373,1.014481263170452,1.0050162230925674,-0.08666490183895127,173.33333333333334,86.66666666666667
2016-01-02 06:15:00,1.015446021770076,1.0127230886876037,1.0053267551426648,-0.0941655500979908,188.3333333333333,94.16666666666664
2016-01-02 06:30:00,1.013970273677346,1.0109422657857663,1.0052231430180563,-0.08249860873279793,165.0,82.5
2016-01-02 06:45:00,1.014092501500508,1.0107123312837736,1.0055349826224855,-0.10750006380718843,215.0,107.5
2016-01-02 07:00:00,1.010271124537503,1.0072093739646275,1.0064969608072396,-0.09166287689314082,183.3333333333333,91.66666666666664
2016-01-02 07:15:00,1.0076655038037923,1.0054679978430825,1.0086199355885745,-0.054372339745603286,108.7468434343434,54.3734217171717
2016-01-02 07:30:00,1.0074979896589797,1.0062791829048445,1.009335834284624,-0.050833585941232114,101.66666666666669,50.83333333333334
2016-01-02 07:45:00,1.005950971487167,1.0056183935394312,1.0107074083294303,-0.0696719224766636,139.3452380952381,69.67261904761905
2016-01-02 08:00:00,1.0015646023368716,1.0008637490595271,1.0100353683644236,-0.049166552389878534,98.33333333333331,49.16666666666666
2016-01-02 08:15:00,0.9995500330530186,0.9990794098802263,1.0097353004119494,-0.0493781061398588,98.75992063492065,49.37996031746032
2016-01-02 08:30:00,0.9949740032601933,0.9946433928331697,1.0102283123980074,-0.08083304606967931,161.66666666666666,80.83333333333333
2016-01-02 08:45:00,0.9928689894193324,0.9927162102960216,1.0101949129618129,-0.08375785498265462,167.51602564102564,83.75801282051282
2016-01-02 09:00:00,0.9861045875798262,0.9879395978120961,1.0088961518370243,-0.06999940915299727,140.0,70.0
2016-01-02 09:15:00,0.982208728275005,0.9862790481185754,1.0077799504548652,-0.060485796238230465,120.9722222222222,60.4861111111111
2016-01-02 09:30:00,0.9792351166263235,0.9910330124767374,1.0017549975086657,-0.06999971557039208,140.0,70.0
2016-01-02 09:45:00,0.9779877520223599,0.9891788814004712,1.004488978651495,-0.09594730106681922,191.89814814814807,95.94907407407403
2016-01-02 10:00:00,0.9732964403800114,0.9806049971576043,1.0091648640083188,-0.09499891141357962,190.0,95.0
2016-01-02 10:15:00,0.9712043146528894,0.9742065221800624,1.0114349797530537,-0.09124917600753815,182.5,91.25
2016-01-02 10:30:00,0.9671233120071137,0.9690228662953577,1.0122020213387017,-0.10833186383337147,216.66666666666663,108.33333333333331
2016-01-02 10:45:00,0.966374953127304,0.9676086135445,1.0125926337141078,-0.11085934547880386,221.7194092827004,110.8597046413502
2016-01-02 11:00:00,0.9638632139888832,0.9654450012021752,1.013366650689343,-0.17083199992680254,341.6666666666667,170.83333333333334
2016-01-02 11:15:00,0.9623048835392122,0.9644327501024322,1.012710666337275,-0.15999916532257363,319.99999999999994,159.99999999999997
2016-01-02 11:30:00,0.9576574777704792,0.96042837360708,1.0094211942284932,-0.11416420694516094,228.3333333333333,114.16666666666664
2016-01-02 11:45:00,0.9565503965185235,0.9600357553555349,1.0094577588310802,-0.10751698598220748,215.0347222222222,107.5173611111111
2016-01-02 12:00:00,0.9564290597236991,0.9599329599800077,1.010348306557825,-0.09250063810801015,185.0,92.5
2016-01-02 12:15:00,0.9562891000208587,0.9596411824152923,1.0104622257899047,-0.12989041726943845,259.78298611111114,129.89149305555557
2016-01-02 12:30:00,0.9531041282639817,0.9614341388639981,1.008560064712796,-0.09333274173750118,186.66666666666663,93.33333333333331
2016-01-02 12:45:00,0.9527555060040129,0.9612064617672667,1.0087604342162197,-0.0696076013529042,139.2171717171717,69.60858585858585
2016-01-02 13:00:00,0.9530897134980667,0.9610709328657587,1.0098835565168507,-0.07833508451151243,156.66666666666666,78.33333333333333
2016-01-02 13:15:00,0.9515577961974152,0.9600677942776916,1.0103183015198107,-0.07098026319710658,141.96127946127947,70.98063973063974
2016-01-02 13:30:00,0.9535237895933585,0.9617292972214081,1.0119167668963196,-0.14500133480421296,289.99999999999994,144.99999999999997
2016-01-02 13:45:00,0.9548756781619454,0.9633157959824772,1.0118062690593284,-0.21787894359586282,435.7552083333333,217.87760416666666
2016-01-02 14:00:00,0.9546389305947375,0.9642620309340265,1.0122435394397808,-0.18417016464143415,368.3333333333333,184.16666666666666
2016-01-02 14:15:00,0.9539337447511942,0.9629595414138361,1.0128167088258835,-0.14339703199068343,286.7951251646904,143.3975625823452
2016-01-02 14:30:00,0.9527575935247115,0.9643211329028809,1.0113277571646129,-0.13166649416650048,263.3333333333333,131.66666666666666
2016-01-02 14:45:00,0.9542527470798964,0.9644976915493036,1.011824492914232,-0.12570583451823117,251.4106234096692,125.7053117048346
2016-01-02 15:00:00,0.9568032655624078,0.969474540155183,1.0115495751529269,-0.3383376712417509,676.6666666666666,338.3333333333333
2016-01-02 15:15:00,0.9540425413618894,0.9675453636756546,1.0111008373369998,-0.12406374325303683,248.13002477850864,124.06501238925432
2016-01-02 15:30:00,0.9542062057546629,0.9675018582631622,1.0112443632925692,-0.08333374835692066,166.66666666666666,83.33333333333333
2016-01-02 15:45:00,0.9544490031849227,0.9680797526362932,1.0112621903144048,-0.06406059073291619,128.11868686868686,64.05934343434343
2016-01-02 16:00:00,0.955837966233797,0.9690132851828926,1.011338669259116,-0.030833484274902196,61.66666666666666,30.83333333333333
2016-01-02 16:15:00,0.9560340122429442,0.9697857961284014,1.0110481838210406,-0.06117821624213211,122.35416666666666,61.17708333333333
2016-01-02 16:30:00,0.9565685277292303,0.9707834375593746,1.0105581234024907,-0.06750180890478884,135.0,67.5
2016-01-02 16:45:00,0.9566154799230318,0.9714030119407834,1.009671955417139,-0.05041664671160785,100.83333333333331,50.41666666666666
2016-01-02 17:00:00,0.9549062613404581,0.9695407353914326,1.007535476174744,-0.0274997488183349,55.0,27.5
2016-01-02 17:15:00,0.952545880444849,0.9671117172638354,1.0043802353875202,-0.09753650294137904,195.0757575757576,97.5378787878788
2016-01-02 17:30:00,0.9444884069769115,0.9576617924971029,0.9964050720484009,-0.056666445206414624,113.33333333333331,56.66666666666666
2016-01-02 17:45:00,0.9425942201711465,0.9541383050677584,0.9946936123428166,-0.028749687245498704,57.5,28.75
2016-01-02 18:00:00,0.9402276850020842,0.9517429325514555,0.9931040336015472,-0.025833157244812135,51.66666666666666,25.83333333333333
2016-01-02 18:15:00,0.9388905498309581,0.9504517271435378,0.9924505380537726,-0.015353814403818646,30.709252450980387,15.354626225490193
2016-01-02 18:30:00,0.936825291916395,0.9481730513648514,0.9921153545505185,-0.005833300768907377,11.666666666666666,5.833333333333333
2016-01-02 18:45:00,0.9355957266727575,0.9463659298295555,0.9910815829379955,-0.0033333138298129454,6.666666666666667,3.3333333333333335
2016-01-02 19:00:00,0.9288905129892829,0.940318564090338,0.9917754013197492,-0.0033332900927030298,6.666666666666667,3.3333333333333335
2016-01-02 19:15:00,0.9229626348950289,0.9334244581476838,0.9946806122865001,-0.0020833194493361075,4.166666666666666,2.083333333333333
2016-01-02 19:30:00,0.9178749553567012,0.9298778392530713,0.9998116233199574,-0.0008333366947054842,1.6666666666666667,0.8333333333333334
2016-01-02 19:45:00,0.9171412590997743,0.9281026914439581,1.0011920216191452,-0.0008333352145429474,1.6666666666666667,0.8333333333333334
2016-01-02 20:00:00,0.9131928516775925,0.9276972237676955,1.00035674757886,-9.999962741595561e-12,0.0,0.0
2016-01-02 20:15:00,0.9115485756783955,0.9273253746950182,0.9997215335644416,-9.999776366330285e-12,0.0,0.0
2016-01-02 20:30:00,0.9123103513389218,0.9292337762428888,1.0000340460848567,-1.0000217368090277e-11,0.0,0.0
2016-01-02 20:45:00,0.9131369552605697,0.930444519546856,1.0004472546020615,-1.0000276334817598e-11,0.0,0.0
2016-01-02 21:00:00,0.9160341433046276,0.9326105781264111,1.0013759931098303,-1.00000549541709e-11,0.0,0.0
2016-01-02 21:15:00,0.9172876578604839,0.9345478507291181,1.001389428855825,-1.000028194382024e-11,0.0,0.0
2016-01-02 21:30:00,0.9192399508776925,0.936447421518768,1.0035410340303996,-1.0000061195324582e-11,0.0,0.0
2016-01-02 21:45:00,0.9212482141937915,0.9388996306076032,1.004090906091154,-1.0000035985511663e-11,0.0,0.0
2016-01-02 22:00:00,0.9230489064907502,0.9426186849683243,1.0057053674377245,-1.0000055921297451e-11,0.0,0.0
2016-01-02 22:15:00,0.9237082635286072,0.9443522605845921,1.0062516490656197,-1.0000295606682448e-11,0.0,0.0
2016-01-02 22:30:00,0.9281640667680718,0.9503925732539421,1.0078947257644097,-1.0000061736140121e-11,0.0,0.0
2016-01-02 22:45:00,0.9305114045195506,0.9528570343901507,1.0086845992419509,-1.000002795869503e-11,0.0,0.0
2016-01-02 23:00:00,0.936846719895369,0.9584731098628473,1.0110324077945767,-1.0000140459411449e-11,0.0,0.0
2016-01-02 23:15:00,0.9400551725214115,0.961807294683525,1.0123707191698543,-1.000010275997031e-11,0.0,0.0
2016-01-02 23:30:00,0.9474339156734843,0.9681233028068835,1.0132162369211368,-1.0000151369468333e-11,0.0,0.0
2016-01-02 23:45:00,0.95059871796464,0.9712863814975605,1.01403111126113,-1.0000063771639084e-11,0.0,0.0
2016-01-03,0.9607765604895402,0.9814996875195299,1.0112807277591467,-1.000002483977579e-11,0.0,0.0
2016-01-03 00:15:00,0.9642722348254169,0.9836989024054483,1.0118437864533287,-1.0000087314630156e-11,0.0,0.0
2016-01-03 00:30:00,0.970158879085886,0.9872716298420428,1.0122969135057642,-1.0000120039899046e-11,0.0,0.0
2016-01-03 00:45:00,0.9721928059148301,0.9892793516856032,1.0129421326875554,-1.0000042797741818e-11,0.0,0.0
2016-01-03 01:00:00,0.9764656837106165,0.9930262505965136,1.0137942931570463,-1.0000072575300536e-11,0.0,0.0
2016-01-03 01:15:00,0.9775062936723851,0.9942471301511726,1.0142736283997427,-1.0000324502855866e-11,0.0,0.0
2016-01-03 01:30:00,0.9782178474158095,0.9953700251085202,1.0141164961716649,-1.0000160807310173e-11,0.0,0.0
2016-01-03 01:45:00,0.9773104674906339,0.9955895915636626,1.0139211845621454,-9.999784952481155e-12,0.0,0.0
2016-01-03 02:00:00,0.9773996731913248,0.998098121403278,1.0138183437822341,-1.0000089785443259e-11,0.0,0.0
2016-01-03 02:15:00,0.9792256258856353,0.9981086981599858,1.0140950467034855,-1.0000026203866287e-11,0.0,0.0
2016-01-03 02:30:00,0.9824997179573722,0.9999954029648098,1.0139590098537579,-1.0000044568344017e-11,0.0,0.0
2016-01-03 02:45:00,0.9839480940868686,1.0005284004910142,1.014263049142615,-1.0000017942264726e-11,0.0,0.0
2016-01-03 03:00:00,0.987172159432686,1.0020239719413495,1.014096123038649,-0.0008333362002378393,1.6666666666666667,0.8333333333333334
2016-01-03 03:15:00,0.9915306963415879,1.0033335132038095,1.0144051534532397,-0.0020312569820744057,4.062499999999999,2.0312499999999996
2016-01-03 03:30:00,0.9967049493682801,1.0045557151082067,1.0136164092247044,-0.005000013698894367,10.0,5.0
2016-01-03 03:45:00,0.9980354940650082,1.0041906594973504,1.0139468364422146,-0.008670471423925314,17.3406862745098,8.6703431372549
2016-01-03 04:00:00,1.0006217151084833,1.0053759541908696,1.0137490017102095,-0.020833353816908116,41.66666666666666,20.83333333333333
2016-01-03 04:15:00,1.0026674706334016,1.0066379708190794,1.0147183025646025,-0.03275306561120141,65.50452898550724,32.75226449275362
2016-01-03 04:30:00,1.0091416724634683,1.0088920938717136,1.0143574381178022,-0.047500046539618535,95.0,47.5
2016-01-03 04:45:00,1.0130168692210124,1.0103314350649741,1.0139253407570405,-0.06583481265001273,131.66666666666669,65.83333333333334
2016-01-03 05:00:00,1.0190582210265329,1.015620185742144,1.0099337651579559,-0.0841686196999295,168.33333333333334,84.16666666666667
2016-01-03 05:15:00,1.0189264452208304,1.015937478012711,1.0068824869024595,-0.10064671402308258,201.29445822994205,100.64722911497103
2016-01-03 05:30:00,1.0204573669877084,1.017291782252424,1.0063379950114262,-0.12166747978969653,243.3333333333333,121.66666666666664
2016-01-03 05:45:00,1.0198803960069291,1.0169393157585096,1.0058445220200103,-0.14161564503260501,283.23232323232327,141.61616161616163
2016-01-03 06:00:00,1.0175222859104418,1.0153595875637382,1.0052816541755096,-0.1624973429568908,325.0,162.5
2016-01-03 06:15:00,1.0160185468762555,1.0133530192922446,1.0055155392394692,-0.1482031164142295,296.41025641025635,148.20512820512818
2016-01-03 06:30:00,1.0148737693935976,1.0119384605167894,1.0055200018091528,-0.16749796873313613,335.00000000000006,167.50000000000003
2016-01-03 06:45:00,1.015301377118392,1.012052547198933,1.0059297883395988,-0.2217777543701921,443.5539215686274,221.7769607843137
2016-01-03 07:00:00,1.011942374703512,1.0090525293561616,1.0070230415177823,-0.24749199582973858,495.0,247.5
2016-01-03 07:15:00,1.0097559665002696,1.0077819317011043,1.0092500653653973,-0.2478933888794685,495.7939189189189,247.89695945945945
2016-01-03 07:30:00,1.0089868284143466,1.0079248904588638,1.009780239984129,-0.18833261760882505,376.6666666666667,188.33333333333334
2016-01-03 07:45:00,1.0083776304999497,1.0082995357817965,1.0114127656113168,-0.2941669220199131,588.3333333333334,294.1666666666667
2016-01-03 08:00:00,1.0045126140265954,1.0041210572229091,1.0108831927224586,-0.31833285732077526,636.6666666666667,318.33333333333337
2016-01-03 08:15:00,1.0027018869130364,1.0025576984855933,1.0106334660147245,-0.3353669804096886,670.7532051282052,335.3766025641026
2016-01-03 08:30:00,0.9962823198569312,0.9960797234969364,1.010587901945171,-0.19666575437867398,393.3333333333333,196.66666666666666
2016-01-03 08:45:00,0.9940636955935627,0.9940239438718833,1.0105192227856883,-0.18863601759902385,377.2727272727273,188.63636363636365
2016-01-03 09:00:00,0.9877575811980182,0.9897295217556965,1.0093332196508027,-0.21166517925668904,423.3333333333333,211.66666666666666
2016-01-03 09:15:00,0.9853169546685129,0.9896090336424599,1.0085905580332453,-0.3242149291237433,648.4313725490196,324.2156862745098
2016-01-03 09:30:00,0.9816836674753414,0.993501219640847,1.002420281225788,-0.27166541073428174,543.3333333333334,271.6666666666667
2016-01-03 09:45:00,0.9791523076978174,0.9903662805656487,1.0047979080405693,-0.19185203851742513,383.7053571428572,191.8526785714286
2016-01-03 10:00:00,0.9743383407202261,0.9817021055046982,1.009416789589326,-0.17999798862817176,360.0,180.0
2016-01-03 10:15:00,0.9721281638388541,0.9752034236265029,1.0116520351935496,-0.16653359614311955,333.0701754385965,166.53508771929825
2016-01-03 10:30:00,0.9684220517141741,0.9704384986917547,1.0124976289768957,-0.21333083977605288,426.6666666666667,213.33333333333334
2016-01-03 10:45:00,0.9667145430192888,0.9679794949451274,1.0126686238107045,-0.13809544215668723,276.1926605504587,138.09633027522935
2016-01-03 11:00:00,0.9633946067133468,0.9649304587422385,1.0132633719093065,-0.13333186785281814,266.6666666666667,133.33333333333334
2016-01-03 11:15:00,0.9623621438919302,0.9644892300549803,1.0127205813540212,-0.16394847170997048,327.9109195402299,163.95545977011494
2016-01-03 11:30:00,0.9587137789466426,0.9615711122152409,1.0096589419773314,-0.1966634808744261,393.3333333333333,196.66666666666666
2016-01-03 11:45:00,0.9587671494115814,0.9624236791266451,1.0099545706336377,-0.28075353373902395,561.4935064935066,280.7467532467533
2016-01-03 12:00:00,0.9577696088837417,0.9613755795600624,1.0106349361711755,-0.19582498336641208,391.6666666666667,195.83333333333334
2016-01-03 12:15:00,0.9594344559494246,0.9630615329415968,1.011152066522676,-0.37739153067290515,754.7777777777778,377.3888888888889
2016-01-03 12:30:00,0.9546559788036273,0.9630688545011116,1.0088932008846812,-0.21166380422024142,423.3333333333333,211.66666666666666
2016-01-03 12:45:00,0.9531280947181253,0.9615969291854612,1.0088406662452547,-0.09786597645191993,195.7333333333333,97.86666666666665
2016-01-03 13:00:00,0.9532571797239968,0.9612461739675,1.0099172243110413,-0.09083427705071427,181.66666666666663,90.83333333333331
2016-01-03 13:15:00,0.9518611305394628,0.9603927666457889,1.0103816516180348,-0.09416619302178321,188.3333333333333,94.16666666666664
2016-01-03 13:30:00,0.95281313674863,0.9609795208018973,1.011770743575795,-0.0908337516383777,181.66666666666663,90.83333333333331
2016-01-03 13:45:00,0.9539558959151639,0.9623441870141343,1.0116165637532843,-0.14724892480379495,294.49626204648524,147.24813102324262
2016-01-03 14:00:00,0.9548640796091503,0.9645089120510357,1.0122873838318094,-0.2016679479016122,403.3333333333333,201.66666666666666
2016-01-03 14:15:00,0.9559151696191442,0.9650607868126394,1.0132199281235752,-0.29667684902261177,593.3513513513514,296.6756756756757
2016-01-03 14:30:00,0.9515584290498695,0.9630757033421644,1.0110780440316671,-0.04083265174723998,81.66666666666667,40.833333333333336
2016-01-03 14:45:00,0.9538088536165261,0.9640354766431904,1.0117331883427463,-0.09197987085310813,183.9583333333333,91.97916666666664
2016-01-03 15:00:00,0.9534132435785689,0.9659124881524299,1.010828094178913,-0.07583344263369768,151.66666666666666,75.83333333333333
2016-01-03 15:15:00,0.9532222550122914,0.9666912199749472,1.0109320687744425,-0.06182614296750801,123.65079365079366,61.82539682539683
2016-01-03 15:30:00,0.9539473956854096,0.967237924476546,1.011193694132442,-0.06416891574780123,128.33333333333334,64.16666666666667
2016-01-03 15:45:00,0.9542013404279297,0.9678245088481982,1.0112101725502398,-0.04526220548291397,90.5225988700565,45.26129943502825
2016-01-03 16:00:00,0.9565444877642122,0.9697453515897441,1.0114897047419744,-0.08500072908998463,169.99999999999997,84.99999999999999
2016-01-03 16:15:00,0.9572038428714696,0.9709992947909784,1.011296098629783,-0.1510318367351616,302.0627062706271,151.03135313531354
2016-01-03 16:30:00,0.9572149861467647,0.9714445892467569,1.010694925072293,-0.11666670227502217,233.3333333333333,116.66666666666664
2016-01-03 16:45:00,0.957639254927111,0.9724516433862824,1.0098975814107938,-0.12916907261744906,258.3333333333333,129.16666666666666
2016-01-03 17:00:00,0.9559384501128142,0.970590013706975,1.0077671652952545,-0.10583240970141554,211.66666666666663,105.83333333333331
2016-01-03 17:15:00,0.952247124820859,0.966808141750452,1.004310090338511,-0.07499845241992277,150.0,75.0
2016-01-03 17:30:00,0.9448481661168167,0.9580667523694923,0.9965023150189922,-0.08499969500876425,169.99999999999997,84.99999999999999
2016-01-03 17:45:00,0.9431235005164194,0.954713126749539,0.9948442433700444,-0.07065871607460869,141.31944444444446,70.65972222222223
2016-01-03 18:00:00,0.9403642471418655,0.9518816547623136,0.9931505556570345,-0.036666386735717836,73.33333333333334,36.66666666666667
2016-01-03 18:15:00,0.9390403147284576,0.9506022084811598,0.992502519819781,-0.027205261496093036,54.41337719298245,27.206688596491226
2016-01-03 18:30:00,0.9369622513960889,0.9483114493070947,0.9921632096087922,-0.016666573609312167,33.333333333333336,16.666666666666668
2016-01-03 18:45:00,0.9357271640142354,0.9464990614075042,0.9911279681107176,-0.01372286366009241,27.445887445887443,13.722943722943722
2016-01-03 19:00:00,0.9289325819856666,0.9403619715898841,0.9917904177812638,-0.0066665789449337634,13.333333333333334,6.666666666666667
2016-01-03 19:15:00,0.9229834289582561,0.9334466389333382,0.9946880872256759,-0.0037499748219209277,7.5,3.75
2016-01-03 19:30:00,0.9178749561393813,0.9298778398410379,0.9998116334653433,-0.0008333366579315903,1.6666666666666667,0.8333333333333334
2016-01-03 19:45:00,0.9171307840215223,0.9280915521958104,1.0011884451371103,-1.0000022374777235e-11,0.0,0.0
2016-01-03 20:00:00,0.9131928513243099,0.9276972236737173,1.0003567435127414,-9.999962923265599e-12,0.0,0.0
2016-01-03 20:15:00,0.9115485756774133,0.9273253746947047,0.9997215335321514,-9.999776367496954e-12,0.0,0.0
2016-01-03 20:30:00,0.9123103513389171,0.9292337762428818,1.0000340460845836,-1.0000217368099253e-11,0.0,0.0
2016-01-03 20:45:00,0.9131369552605697,0.9304445195468557,1.000447254602059,-1.0000276334817679e-11,0.0,0.0
2016-01-03 21:00:00,0.9160341433046276,0.9326105781264111,1.0013759931098303,-1.00000549541709e-11,0.0,0.0
2016-01-03 21:15:00,0.9172876578604839,0.9345478507291181,1.001389428855825,-1.000028194382024e-11,0.0,0.0
2016-01-03 21:30:00,0.9192399508776925,0.936447421518768,1.0035410340303996,-1.0000061195324582e-11,0.0,0.0
2016-01-03 21:45:00,0.9212482141937915,0.9388996306076032,1.004090906091154,-1.0000035985511663e-11,0.0,0.0
2016-01-03 22:00:00,0.9230489064907502,0.9426186849683243,1.0057053674377245,-1.0000055921297451e-11,0.0,0.0
2016-01-03 22:15:00,0.9237082635286072,0.9443522605845921,1.0062516490656197,-1.0000295606682448e-11,0.0,0.0
2016-01-03 22:30:00,0.9281640667680718,0.9503925732539421,1.0078947257644097,-1.0000061736140121e-11,0.0,0.0
2016-01-03 22:45:00,0.9305114045195506,0.9528570343901507,1.0086845992419509,-1.000002795869503e-11,0.0,0.0
2016-01-03 23:00:00,0.936846719895369,0.9584731098628473,1.0110324077945767,-1.0000140459411449e-11,0.0,0.0
2016-01-03 23:15:00,0.9400551725214115,0.961807294683525,1.0123707191698543,-1.000010275997031e-11,0.0,0.0
2016-01-03 23:30:00,0.9474339156734843,0.9681233028068835,1.0132162369211368,-1.0000151369468333e-11,0.0,0.0
2016-01-03 23:45:00,0.95059871796464,0.9712863814975605,1.01403111126113,-1.0000063771639084e-11,0.0,0.0
2016-01-04,0.9607765604895402,0.9814996875195299,1.0112807277591467,-1.000002483977579e-11,0.0,0.0
2016-01-04 00:15:00,0.9642722348254169,0.9836989024054483,1.0118437864533287,-1.0000087314630156e-11,0.0,0.0
2016-01-04 00:30:00,0.970158879085886,0.9872716298420428,1.0122969135057642,-1.0000120039899046e-11,0.0,0.0
2016-01-04 00:45:00,0.9721928059148301,0.9892793516856032,1.0129421326875554,-1.0000042797741818e-11,0.0,0.0
2016-01-04 01:00:00,0.9764656837106165,0.9930262505965136,1.0137942931570463,-1.0000072575300536e-11,0.0,0.0
2016-01-04 01:15:00,0.9775062936723851,0.9942471301511726,1.0142736283997427,-1.0000324502855866e-11,0.0,0.0
2016-01-04 01:30:00,0.9782178474158095,0.9953700251085202,1.0141164961716649,-1.0000160807310173e-11,0.0,0.0
2016-01-04 01:45:00,0.9773104674906339,0.9955895915636626,1.0139211845621454,-9.999784952481155e-12,0.0,0.0
2016-01-04 02:00:00,0.9773996731913248,0.998098121403278,1.0138183437822341,-1.0000089785443259e-11,0.0,0.0
2016-01-04 02:15:00,0.9792256258856353,0.9981086981599858,1.0140950467034855,-1.0000026203866287e-11,0.0,0.0
2016-01-04 02:30:00,0.9824997179573722,0.9999954029648098,1.0139590098537579,-1.0000044568344017e-11,0.0,0.0
2016-01-04 02:45:00,0.9839480940868686,1.0005284004910142,1.014263049142615,-1.0000017942264726e-11,0.0,0.0
2016-01-04 03:00:00,0.9871622384655397,1.0020139378971458,1.014093728806174,-1.0000034319326836e-11,0.0,0.0
2016-01-04 03:15:00,0.9915167052486148,1.0033190854990262,1.014401683139366,-0.0008333361977964129,1.6666666666666667,0.8333333333333334
2016-01-04 03:30:00,0.9966763907553385,1.0045256113418077,1.013608951171164,-0.002500006844189566,5.0,2.5
2016-01-04 03:45:00,0.9980069661273623,1.0041603334311866,1.0139393344485026,-0.006157085263670579,12.313988095238097,6.156994047619048
2016-01-04 04:00:00,1.0005094385256443,1.0052556229899026,1.0137189438802476,-0.010833343706070555,21.666666666666668,10.833333333333334
2016-01-04 04:15:00,1.002517138484584,1.006475699715426,1.014678108997859,-0.019232609752730653,38.46428571428571,19.232142857142854
2016-01-04 04:30:00,1.0088802042159948,1.008603139623649,1.0142843893943152,-0.023333356473721485,46.66666666666666,23.33333333333333
2016-01-04 04:45:00,1.0126033408375403,1.0098666638925822,1.0138056687639636,-0.026867826506756367,53.735632183908045,26.867816091954023
2016-01-04 05:00:00,1.0186757531412827,1.0151927040079287,1.0098132897637244,-0.04750001271286318,95.0,47.5
2016-01-04 05:15:00,1.0185822778450049,1.0155566991095584,1.0067702814510064,-0.06781211300841122,135.625,67.8125
2016-01-04 05:30:00,1.0198575685097828,1.016628293842486,1.006138564580903,-0.06416702270033338,128.33333333333334,64.16666666666667
2016-01-04 05:45:00,1.019353836079859,1.0163569454434234,1.0056687295559545,-0.09117030967201352,182.34126984126985,91.17063492063492
2016-01-04 06:00:00,1.0174084214184211,1.015234293853141,1.005243903684812,-0.151664670849657,303.3333333333333,151.66666666666666
2016-01-04 06:15:00,1.01586140132794,1.0131798370002802,1.0054637445408898,-0.1333314443882729,266.66666666666663,133.33333333333331
2016-01-04 06:30:00,1.014582522491391,1.011616630366969,1.005424377115643,-0.1399980545145151,280.0,140.0
2016-01-04 06:45:00,1.0141306949304187,1.0107543852332455,1.0055474488104108,-0.11106672657937668,222.13480392156865,111.06740196078432
2016-01-04 07:00:00,1.01195086586473,1.009062002996814,1.00702575642173,-0.2483289695134016,496.6666666666667,248.33333333333334
2016-01-04 07:15:00,1.0099604163107259,1.0080099760625514,1.0093115687056302,-0.2670801355665587,534.1666666666666,267.0833333333333
2016-01-04 07:30:00,1.0100262679068366,1.0090843372799445,1.0100900139326936,-0.2858349901619819,571.6666666666666,285.8333333333333
2016-01-04 07:45:00,1.0081647971386882,1.0080626188253725,1.011350831785732,-0.27417653041101714,548.3608815426996,274.1804407713498
2016-01-04 08:00:00,1.0032564579545875,1.0027249546650274,1.0105224218024729,-0.20249955966608343,405.0,202.5
2016-01-04 08:15:00,1.0020045671313609,1.0017817713338566,1.0104354794240207,-0.2712386274396608,542.4880200744699,271.24401003723494
2016-01-04 08:30:00,0.9979108633782976,0.9978852210156154,1.0110349533830179,-0.34333247328687144,686.6666666666666,343.3333333333333
2016-01-04 08:45:00,0.9959841727798021,0.9961480582826998,1.011038291459983,-0.36004776687886153,720.1234567901236,360.0617283950618
2016-01-04 09:00:00,0.9894845720701705,0.9916198571363241,1.0097893879361002,-0.36249764018924163,725.0,362.5
2016-01-04 09:15:00,0.9860561437070203,0.9904107192770453,1.0087830254564318,-0.3882731285196452,776.5490196078431,388.27450980392155
2016-01-04 09:30:00,0.983109990587664,0.9949577174378451,1.0028074959602138,-0.3916653201755799,783.3333333333334,391.6666666666667
2016-01-04 09:45:00,0.9815369437510777,0.9928198185993076,1.0054203589253994,-0.39124940667936325,782.5000000000001,391.25000000000006
2016-01-04 10:00:00,0.9776793212989955,0.9852677054426036,1.0102252111928693,-0.45916314482630877,918.3333333333334,459.1666666666667
2016-01-04 10:15:00,0.9751693069275857,0.9785238480906617,1.0123677454876332,-0.4197692235040241,839.5454545454545,419.77272727272725
2016-01-04 10:30:00,0.9710861610040705,0.9733754570873537,1.013105066229014,-0.43332837678342206,866.6666666666666,433.3333333333333
2016-01-04 10:45:00,0.9706065227225311,0.9722871383632371,1.013545244151209,-0.4579044598791046,915.8333333333334,457.9166666666667
2016-01-04 11:00:00,0.9673142454534299,0.9692751728118101,1.0141259301946206,-0.4524957683419032,905.0,452.5
2016-01-04 11:15:00,0.9638094419748923,0.9660833171739645,1.0130402083176995,-0.28044727099544486,560.9013091641491,280.45065458207455
2016-01-04 11:30:00,0.9598018145509921,0.9627546736878451,1.0099034463567529,-0.2824951850457923,565.0,282.5
2016-01-04 11:45:00,0.9603758462721078,0.9641821392253674,1.010311112225167,-0.40875155816160313,817.5,408.75
2016-01-04 12:00:00,0.9600178465107437,0.9638242814092538,1.0111325689192268,-0.3741639156782886,748.3333333333334,374.1666666666667
2016-01-04 12:15:00,0.9577825996859943,0.9612572154089267,1.0107880605087467,-0.246243661868898,492.49235474006105,246.24617737003052
2016-01-04 12:30:00,0.9546109455828723,0.963021900711062,1.0088845943045694,-0.20833208806588221,416.6666666666667,208.33333333333334
2016-01-04 12:45:00,0.9534294084069099,0.9619134163515479,1.0089052177761546,-0.12075203163471072,241.50534188034183,120.75267094017092
2016-01-04 13:00:00,0.9530547422228464,0.9610301945055341,1.0098706367639716,-0.074998599628637,150.0,75.0
2016-01-04 13:15:00,0.9515151773185554,0.960021831736714,1.0103093942327628,-0.06771318092645791,135.42708333333331,67.71354166666666
2016-01-04 13:30:00,0.9527358407349357,0.9608983564704098,1.0117551912272875,-0.08500049887617948,169.99999999999997,84.99999999999999
2016-01-04 13:45:00,0.9526432123593229,0.9609634435297553,1.011346600561321,-0.04742917991473843,94.85899776831002,47.42949888415501
2016-01-04 14:00:00,0.9526099485317162,0.9621489426585592,1.0118265758344864,-0.030000073925912533,60.0,30.0
2016-01-04 14:15:00,0.9524199302562137,0.9613749201864015,1.0125046044434134,-0.02833296990396264,56.66666666666666,28.33333333333333
2016-01-04 14:30:00,0.951422012708239,0.9629356944680432,1.0110522845005305,-0.030833324524824846,61.66666666666666,30.83333333333333
2016-01-04 14:45:00,0.9532668995973327,0.9634714789030769,1.011620937219222,-0.05088265337665578,101.76470588235294,50.88235294117647
2016-01-04 15:00:00,0.9529296162025556,0.9654101197296187,1.0107259021560377,-0.03916673449539205,78.33333333333333,39.166666666666664
2016-01-04 15:15:00,0.9530496004602091,0.9665148729063375,1.010898001292042,-0.04904904562705376,98.09523809523812,49.04761904761906
2016-01-04 15:30:00,0.9536306459347546,0.9669094473262655,1.01112597276695,-0.04000109767523478,80.0,40.0
2016-01-04 15:45:00,0.9541083432023792,0.9677304715048646,1.0111921839369167,-0.03842715541650799,76.85185185185185,38.425925925925924
2016-01-04 16:00:00,0.9557829590874002,0.9689568059399805,1.0113271356042166,-0.02666682867167892,53.333333333333336,26.666666666666668
2016-01-04 16:15:00,0.9556215598854075,0.9693580495930505,1.0109575322250075,-0.029378790949259735,58.757575757575744,29.378787878787872
2016-01-04 16:30:00,0.956175298000693,0.970380379187115,1.0104732637846845,-0.03750105174773319,75.0,37.5
2016-01-04 16:45:00,0.9563023249127718,0.9710850343570059,1.009604183742588,-0.026666763221045678,53.333333333333336,26.666666666666668
2016-01-04 17:00:00,0.954938924179828,0.9695742558416365,1.0075429919756176,-0.029999770441117908,60.0,30.0
2016-01-04 17:15:00,0.9515496855144667,0.9661004738701432,1.0041479922130685,-0.02276471554253732,45.53030303030302,22.76515151515151
2016-01-04 17:30:00,0.9440634640999628,0.9571842168901219,0.9962903600073233,-0.023333245035205074,46.66666666666666,23.33333333333333
2016-01-04 17:45:00,0.9424350469962933,0.9539661306335444,0.9946481627216455,-0.016169483384898636,32.339285714285715,16.169642857142858
2016-01-04 18:00:00,0.9400488953918258,0.9515614492863471,0.9930432107565873,-0.01166658622927149,23.33333333333333,11.666666666666664
2016-01-04 18:15:00,0.9388225810904619,0.9503836865409933,0.9924265454472602,-0.009999508683448283,20.000000000000004,10.000000000000002
2016-01-04 18:30:00,0.9368569035682712,0.9482049956298826,0.9921263697444709,-0.008333288598038847,16.666666666666668,8.333333333333334
2016-01-04 18:45:00,0.9356220960540083,0.9463926319983836,0.9910908904737694,-0.0054166349435891565,10.833333333333334,5.416666666666667
2016-01-04 19:00:00,0.9288799967188334,0.9403077121620745,0.9917716735373431,-0.0024999673563873563,5.0,2.5
2016-01-04 19:15:00,0.9229509370669229,0.9334119809229305,0.9946764139655343,-0.0011458256948221415,2.291666666666666,1.145833333333333
2016-01-04 19:30:00,0.9178749549165393,0.9298778389224724,0.9998116176174032,-0.0008333367153788873,1.6666666666666667,0.8333333333333334
2016-01-04 19:45:00,0.9171307840210448,0.9280915521953758,1.001188445125649,-1.0000022375197247e-11,0.0,0.0
2016-01-04 20:00:00,0.9131928513243088,0.9276972236737177,1.0003567435127343,-9.999962923265887e-12,0.0,0.0
2016-01-04 20:15:00,0.9115485756774133,0.9273253746947052,0.999721533532151,-9.999776367496958e-12,0.0,0.0
2016-01-04 20:30:00,0.9123103513389171,0.9292337762428818,1.0000340460845834,-1.0000217368099253e-11,0.0,0.0
2016-01-04 20:45:00,0.9131369552605697,0.9304445195468557,1.000447254602059,-1.0000276334817679e-11,0.0,0.0
2016-01-04 21:00:00,0.9160341433046276,0.9326105781264111,1.0013759931098303,-1.00000549541709e-11,0.0,0.0
2016-01-04 21:15:00,0.9172876578604839,0.9345478507291181,1.001389428855825,-1.000028194382024e-11,0.0,0.0
2016-01-04 21:30:00,0.9192399508776925,0.936447421518768,1.0035410340303996,-1.0000061195324582e-11,0.0,0.0
2016-01-04 21:45:00,0.9212482141937915,0.9388996306076032,1.004090906091154,-1.0000035985511663e-11,0.0,0.0
2016-01-04 22:00:00,0.9230489064907502,0.9426186849683243,1.0057053674377245,-1.0000055921297451e-11,0.0,0.0
2016-01-04 22:15:00,0.9237082635286072,0.9443522605845921,1.0062516490656197,-1.0000295606682448e-11,0.0,0.0
2016-01-04 22:30:00,0.9281640667680718,0.9503925732539421,1.0078947257644097,-1.0000061736140121e-11,0.0,0.0
2016-01-04 22:45:00,0.9305114045195506,0.9528570343901507,1.0086845992419509,-1.000002795869503e-11,0.0,0.0
2016-01-04 23:00:00,0.936846719895369,0.9584731098628473,1.0110324077945767,-1.0000140459411449e-11,0.0,0.0
2016-01-04 23:15:00,0.9400551725214115,0.961807294683525,1.0123707191698543,-1.000010275997031e-11,0.0,0.0
2016-01-04 23:30:00,0.9474339156734843,0.9681233028068835,1.0132162369211368,-1.0000151369468333e-11,0.0,0.0
2016-01-04 23:45:00,0.95059871796464,0.9712863814975605,1.01403111126113,-1.0000063771639084e-11,0.0,0.0
2016-01-04 23:45:00,0.95059871796464,0.9712863814975605,1.01403111126113,-1.0000063771639084e-11,0.0,0.0