hour, t(sec), Irradiance,PanelkW,P_TFactor,Efficiency,Vreg,Vavg (DRC),volt-var,volt-watt,DRC,VV_DRC,watt-pf,watt-var,kW_out_desired,Grid voltage,di/dt,it,it History,Rated VDC,Avg duty cycle,Target (Amps),Series L,Max. Amps (phase),
0, 900.00000, 0, 0, 1, 1, 9999, 9999, 9999, 9999, 9999, 9999, 9999, 9999, 0, 0, 0, 0, 0, 8000, 0, 0, 0, 0
0, 1800.00000, 0, 0, 1, 1, 9999, 9999, 9999, 9999, 9999, 9999, 9999, 9999, 0, 0, 0, 0, 0, 8000, 0, 0, 0, 0
0, 2700.00000, 0, 0, 1, 1, 9999, 9999, 9999, 9999, 9999, 9999, 9999, 9999, 0, 0, 0, 0, 0, 8000, 0, 0, 0, 0
1, 0.00000, 0, 0, 1, 1, 9999, 9999, 9999, 9999, 9999, 9999, 9999, 9999, 0, 0, 0, 0, 0, 8000, 0, 0, 0, 0
1, 900.00000, 0, 0, 1, 1, 9999, 9999, 9999, 9999, 9999, 9999, 9999, 9999, 0, 0, 0, 0, 0, 8000, 0, 0, 0, 0
1, 1800.00000, 0, 0, 1, 1, 9999, 9999, 9999, 9999, 9999, 9999, 9999, 9999, 0, 0, 0, 0, 0, 8000, 0, 0, 0, 0
1, 2700.00000, 0, 0, 1, 1, 9999, 9999, 9999, 9999, 9999, 9999, 9999, 9999, 0, 0, 0, 0, 0, 8000, 0, 0, 0, 0
2, 0.00000, 0, 0, 1, 1, 9999, 9999, 9999, 9999, 9999, 9999, 9999, 9999, 0, 0, 0, 0, 0, 8000, 0, 0, 0, 0
2, 900.00000, 0, 0, 1, 1, 9999, 9999, 9999, 9999, 9999, 9999, 9999, 9999, 0, 0, 0, 0, 0, 8000, 0, 0, 0, 0
2, 1800.00000, 0, 0, 1, 1, 9999, 9999, 9999, 9999, 9999, 9999, 9999, 9999, 0, 0, 0, 0, 0, 8000, 0, 0, 0, 0
2, 2700.00000, 0, 0, 1, 1, 9999, 9999, 9999, 9999, 9999, 9999, 9999, 9999, 0, 0, 0, 0, 0, 8000, 0, 0, 0, 0
3, 0.00000, 0, 0, 1, 1, 9999, 9999, 9999, 9999, 9999, 9999, 9999, 9999, 0, 0, 0, 0, 0, 8000, 0, 0, 0, 0
3, 900.00000, 0.000853333, 0.426667, 1, 1, 9999, 9999, 9999, 9999, 9999, 9999, 9999, 9999, 0.426667, 0, 0, 0, 0, 8000, 0, 0, 0, 0
3, 1800.00000, 0.00621762, 3.10881, 1, 1, 9999, 9999, 9999, 9999, 9999, 9999, 9999, 9999, 3.10881, 0, 0, 0, 0, 8000, 0, 0, 0, 0
3, 2700.00000, 0.019748, 9.87402, 1, 1, 9999, 9999, 9999, 9999, 9999, 9999, 9999, 9999, 9.87402, 0, 0, 0, 0, 8000, 0, 0, 0, 0
4, 0.00000, 0.0433167, 21.6583, 1, 1, 9999, 9999, 9999, 9999, 9999, 9999, 9999, 9999, 21.6583, 0, 0, 0, 0, 8000, 0, 0, 0, 0
4, 900.00000, 0.0753124, 37.6562, 1, 1, 9999, 9999, 9999, 9999, 9999, 9999, 9999, 9999, 37.6562, 0, 0, 0, 0, 8000, 0, 0, 0, 0
4, 1800.00000, 0.0916667, 45.8333, 1, 1, 9999, 9999, 9999, 9999, 9999, 9999, 9999, 9999, 45.8333, 0, 0, 0, 0, 8000, 0, 0, 0, 0
4, 2700.00000, 0.135, 67.5, 1, 1, 9999, 9999, 9999, 9999, 9999, 9999, 9999, 9999, 67.5, 0, 0, 0, 0, 8000, 0, 0, 0, 0
5, 0.00000, 0.16416, 82.08, 1, 1, 9999, 9999, 9999, 9999, 9999, 9999, 9999, 9999, 82.08, 0, 0, 0, 0, 8000, 0, 0, 0, 0
5, 900.00000, 0.135587, 67.7933, 1, 1, 9999, 9999, 9999, 9999, 9999, 9999, 9999, 9999, 67.7933, 0, 0, 0, 0, 8000, 0, 0, 0, 0
5, 1800.00000, 0.126849, 63.4246, 1, 1, 9999, 9999, 9999, 9999, 9999, 9999, 9999, 9999, 63.4246, 0, 0, 0, 0, 8000, 0, 0, 0, 0
5, 2700.00000, 0.15528, 77.64, 1, 1, 9999, 9999, 9999, 9999, 9999, 9999, 9999, 9999, 77.64, 0, 0, 0, 0, 8000, 0, 0, 0, 0
6, 0.00000, 0.117699, 58.8494, 1, 1, 9999, 9999, 9999, 9999, 9999, 9999, 9999, 9999, 58.8494, 0, 0, 0, 0, 8000, 0, 0, 0, 0
6, 900.00000, 0.0681977, 34.0989, 1, 1, 9999, 9999, 9999, 9999, 9999, 9999, 9999, 9999, 34.0989, 0, 0, 0, 0, 8000, 0, 0, 0, 0
6, 1800.00000, 0.0330956, 16.5478, 1, 1, 9999, 9999, 9999, 9999, 9999, 9999, 9999, 9999, 16.5478, 0, 0, 0, 0, 8000, 0, 0, 0, 0
6, 2700.00000, 0.0359358, 17.9679, 1, 1, 9999, 9999, 9999, 9999, 9999, 9999, 9999, 9999, 17.9679, 0, 0, 0, 0, 8000, 0, 0, 0, 0
7, 0.00000, 0.0753365, 37.6683, 1, 1, 9999, 9999, 9999, 9999, 9999, 9999, 9999, 9999, 37.6683, 0, 0, 0, 0, 8000, 0, 0, 0, 0
7, 900.00000, 0.104253, 52.1267, 1, 1, 9999, 9999, 9999, 9999, 9999, 9999, 9999, 9999, 52.1267, 0, 0, 0, 0, 8000, 0, 0, 0, 0
7, 1800.00000, 0.0951467, 47.5733, 1, 1, 9999, 9999, 9999, 9999, 9999, 9999, 9999, 9999, 47.5733, 0, 0, 0, 0, 8000, 0, 0, 0, 0
7, 2700.00000, 0.148424, 74.2122, 1, 1, 9999, 9999, 9999, 9999, 9999, 9999, 9999, 9999, 74.2122, 0, 0, 0, 0, 8000, 0, 0, 0, 0
8, 0.00000, 0.209827, 104.913, 1, 1, 9999, 9999, 9999, 9999, 9999, 9999, 9999, 9999, 104.913, 0, 0, 0, 0, 8000, 0, 0, 0, 0
8, 900.00000, 0.0885258, 44.2629, 1, 1, 9999, 9999, 9999, 9999, 9999, 9999, 9999, 9999, 44.2629, 0, 0, 0, 0, 8000, 0, 0, 0, 0
8, 1800.00000, 0.378278, 189.139, 1, 1, 9999, 9999, 9999, 9999, 9999, 9999, 9999, 9999, 189.139, 0, 0, 0, 0, 8000, 0, 0, 0, 0
8, 2700.00000, 0.711274, 355.637, 1, 1, 9999, 9999, 9999, 9999, 9999, 9999, 9999, 9999, 355.637, 0, 0, 0, 0, 8000, 0, 0, 0, 0
9, 0.00000, 0.532346, 266.173, 1, 1, 9999, 9999, 9999, 9999, 9999, 9999, 9999, 9999, 266.173, 0, 0, 0, 0, 8000, 0, 0, 0, 0
9, 900.00000, 0.304547, 152.273, 1, 1, 9999, 9999, 9999, 9999, 9999, 9999, 9999, 9999, 152.273, 0, 0, 0, 0, 8000, 0, 0, 0, 0
9, 1800.00000, 0.265391, 132.695, 1, 1, 9999, 9999, 9999, 9999, 9999, 9999, 9999, 9999, 132.695, 0, 0, 0, 0, 8000, 0, 0, 0, 0
9, 2700.00000, 0.199455, 99.7273, 1, 1, 9999, 9999, 9999, 9999, 9999, 9999, 9999, 9999, 99.7273, 0, 0, 0, 0, 8000, 0, 0, 0, 0
10, 0.00000, 0.512924, 256.462, 1, 1, 9999, 9999, 9999, 9999, 9999, 9999, 9999, 9999, 256.462, 0, 0, 0, 0, 8000, 0, 0, 0, 0
10, 900.00000, 0.254255, 127.127, 1, 1, 9999, 9999, 9999, 9999, 9999, 9999, 9999, 9999, 127.127, 0, 0, 0, 0, 8000, 0, 0, 0, 0
10, 1800.00000, 0.157937, 78.9686, 1, 1, 9999, 9999, 9999, 9999, 9999, 9999, 9999, 9999, 78.9686, 0, 0, 0, 0, 8000, 0, 0, 0, 0
10, 2700.00000, 0.170613, 85.3067, 1, 1, 9999, 9999, 9999, 9999, 9999, 9999, 9999, 9999, 85.3067, 0, 0, 0, 0, 8000, 0, 0, 0, 0
11, 0.00000, 0.268353, 134.177, 1, 1, 9999, 9999, 9999, 9999, 9999, 9999, 9999, 9999, 134.177, 0, 0, 0, 0, 8000, 0, 0, 0, 0
11, 900.00000, 0.355178, 177.589, 1, 1, 9999, 9999, 9999, 9999, 9999, 9999, 9999, 9999, 177.589, 0, 0, 0, 0, 8000, 0, 0, 0, 0
11, 1800.00000, 0.659209, 329.605, 1, 1, 9999, 9999, 9999, 9999, 9999, 9999, 9999, 9999, 329.605, 0, 0, 0, 0, 8000, 0, 0, 0, 0
11, 2700.00000, 0.728533, 364.267, 1, 1, 9999, 9999, 9999, 9999, 9999, 9999, 9999, 9999, 364.267, 0, 0, 0, 0, 8000, 0, 0, 0, 0
12, 0.00000, 0.835993, 417.997, 1, 1, 9999, 9999, 9999, 9999, 9999, 9999, 9999, 9999, 417.997, 0, 0, 0, 0, 8000, 0, 0, 0, 0
12, 900.00000, 0.503375, 251.687, 1, 1, 9999, 9999, 9999, 9999, 9999, 9999, 9999, 9999, 251.687, 0, 0, 0, 0, 8000, 0, 0, 0, 0
12, 1800.00000, 0.205549, 102.774, 1, 1, 9999, 9999, 9999, 9999, 9999, 9999, 9999, 9999, 102.774, 0, 0, 0, 0, 8000, 0, 0, 0, 0
12, 2700.00000, 0.0609006, 30.4503, 1, 1, 9999, 9999, 9999, 9999, 9999, 9999, 9999, 9999, 30.4503, 0, 0, 0, 0, 8000, 0, 0, 0, 0
13, 0.00000, 0.0893674, 44.6837, 1, 1, 9999, 9999, 9999, 9999, 9999, 9999, 9999, 9999, 44.6837, 0, 0, 0, 0, 8000, 0, 0, 0, 0
13, 900.00000, 0.815129, 407.565, 1, 1, 9999, 9999, 9999, 9999, 9999, 9999, 9999, 9999, 407.565, 0, 0, 0, 0, 8000, 0, 0, 0, 0
13, 1800.00000, 0.685625, 342.812, 1, 1, 9999, 9999, 9999, 9999, 9999, 9999, 9999, 9999, 342.812, 0, 0, 0, 0, 8000, 0, 0, 0, 0
13, 2700.00000, 0.568274, 284.137, 1, 1, 9999, 9999, 9999, 9999, 9999, 9999, 9999, 9999, 284.137, 0, 0, 0, 0, 8000, 0, 0, 0, 0
14, 0.00000, 0.794065, 397.033, 1, 1, 9999, 9999, 9999, 9999, 9999, 9999, 9999, 9999, 397.033, 0, 0, 0, 0, 8000, 0, 0, 0, 0
14, 900.00000, 0.513476, 256.738, 1, 1, 9999, 9999, 9999, 9999, 9999, 9999, 9999, 9999, 256.738, 0, 0, 0, 0, 8000, 0, 0, 0, 0
14, 1800.00000, 0.35452, 177.26, 1, 1, 9999, 9999, 9999, 9999, 9999, 9999, 9999, 9999, 177.26, 0, 0, 0, 0, 8000, 0, 0, 0, 0
14, 2700.00000, 0.155811, 77.9054, 1, 1, 9999, 9999, 9999, 9999, 9999, 9999, 9999, 9999, 77.9054, 0, 0, 0, 0, 8000, 0, 0, 0, 0
15, 0.00000, 0.041701, 20.8505, 1, 1, 9999, 9999, 9999, 9999, 9999, 9999, 9999, 9999, 20.8505, 0, 0, 0, 0, 8000, 0, 0, 0, 0
15, 900.00000, 0.343588, 171.794, 1, 1, 9999, 9999, 9999, 9999, 9999, 9999, 9999, 9999, 171.794, 0, 0, 0, 0, 8000, 0, 0, 0, 0
15, 1800.00000, 0.290302, 145.151, 1, 1, 9999, 9999, 9999, 9999, 9999, 9999, 9999, 9999, 145.151, 0, 0, 0, 0, 8000, 0, 0, 0, 0
15, 2700.00000, 0.187602, 93.8011, 1, 1, 9999, 9999, 9999, 9999, 9999, 9999, 9999, 9999, 93.8011, 0, 0, 0, 0, 8000, 0, 0, 0, 0
16, 0.00000, 0.10799, 53.9951, 1, 1, 9999, 9999, 9999, 9999, 9999, 9999, 9999, 9999, 53.9951, 0, 0, 0, 0, 8000, 0, 0, 0, 0
16, 900.00000, 0.0345374, 17.2687, 1, 1, 9999, 9999, 9999, 9999, 9999, 9999, 9999, 9999, 17.2687, 0, 0, 0, 0, 8000, 0, 0, 0, 0
16, 1800.00000, 0.166002, 83.001, 1, 1, 9999, 9999, 9999, 9999, 9999, 9999, 9999, 9999, 83.001, 0, 0, 0, 0, 8000, 0, 0, 0, 0
16, 2700.00000, 0.250287, 125.144, 1, 1, 9999, 9999, 9999, 9999, 9999, 9999, 9999, 9999, 125.144, 0, 0, 0, 0, 8000, 0, 0, 0, 0
17, 0.00000, 0.0477095, 23.8547, 1, 1, 9999, 9999, 9999, 9999, 9999, 9999, 9999, 9999, 23.8547, 0, 0, 0, 0, 8000, 0, 0, 0, 0
17, 900.00000, 0.0292918, 14.6459, 1, 1, 9999, 9999, 9999, 9999, 9999, 9999, 9999, 9999, 14.6459, 0, 0, 0, 0, 8000, 0, 0, 0, 0
17, 1800.00000, 0.087206, 43.603, 1, 1, 9999, 9999, 9999, 9999, 9999, 9999, 9999, 9999, 43.603, 0, 0, 0, 0, 8000, 0, 0, 0, 0
17, 2700.00000, 0.0968533, 48.4267, 1, 1, 9999, 9999, 9999, 9999, 9999, 9999, 9999, 9999, 48.4267, 0, 0, 0, 0, 8000, 0, 0, 0, 0
18, 0.00000, 0.111837, 55.9184, 1, 1, 9999, 9999, 9999, 9999, 9999, 9999, 9999, 9999, 55.9184, 0, 0, 0, 0, 8000, 0, 0, 0, 0
18, 900.00000, 0.14374, 71.8701, 1, 1, 9999, 9999, 9999, 9999, 9999, 9999, 9999, 9999, 71.8701, 0, 0, 0, 0, 8000, 0, 0, 0, 0
18, 1800.00000, 0.0726715, 36.3357, 1, 1, 9999, 9999, 9999, 9999, 9999, 9999, 9999, 9999, 36.3357, 0, 0, 0, 0, 8000, 0, 0, 0, 0
18, 2700.00000, 0.0642067, 32.1033, 1, 1, 9999, 9999, 9999, 9999, 9999, 9999, 9999, 9999, 32.1033, 0, 0, 0, 0, 8000, 0, 0, 0, 0
19, 0.00000, 0.0443635, 22.1818, 1, 1, 9999, 9999, 9999, 9999, 9999, 9999, 9999, 9999, 22.1818, 0, 0, 0, 0, 8000, 0, 0, 0, 0
19, 900.00000, 0.0193143, 9.65714, 1, 1, 9999, 9999, 9999, 9999, 9999, 9999, 9999, 9999, 9.65714, 0, 0, 0, 0, 8000, 0, 0, 0, 0
19, 1800.00000, 0.00365029, 1.82514, 1, 1, 9999, 9999, 9999, 9999, 9999, 9999, 9999, 9999, 1.82514, 0, 0, 0, 0, 8000, 0, 0, 0, 0
19, 2700.00000, 0.00166667, 0.833333, 1, 1, 9999, 9999, 9999, 9999, 9999, 9999, 9999, 9999, 0.833333, 0, 0, 0, 0, 8000, 0, 0, 0, 0
20, 0.00000, 4.66667e-05, 0.0233333, 1, 1, 9999, 9999, 9999, 9999, 9999, 9999, 9999, 9999, 0.0233333, 0, 0, 0, 0, 8000, 0, 0, 0, 0
20, 900.00000, 0, 0, 1, 1, 9999, 9999, 9999, 9999, 9999, 9999, 9999, 9999, 0, 0, 0, 0, 0, 8000, 0, 0, 0, 0
20, 1800.00000, 0, 0, 1, 1, 9999, 9999, 9999, 9999, 9999, 9999, 9999, 9999, 0, 0, 0, 0, 0, 8000, 0, 0, 0, 0
20, 2700.00000, 0, 0, 1, 1, 9999, 9999, 9999, 9999, 9999, 9999, 9999, 9999, 0, 0, 0, 0, 0, 8000, 0, 0, 0, 0
21, 0.00000, 0, 0, 1, 1, 9999, 9999, 9999, 9999, 9999, 9999, 9999, 9999, 0, 0, 0, 0, 0, 8000, 0, 0, 0, 0
21, 900.00000, 0, 0, 1, 1, 9999, 9999, 9999, 9999, 9999, 9999, 9999, 9999, 0, 0, 0, 0, 0, 8000, 0, 0, 0, 0
21, 1800.00000, 0, 0, 1, 1, 9999, 9999, 9999, 9999, 9999, 9999, 9999, 9999, 0, 0, 0, 0, 0, 8000, 0, 0, 0, 0
21, 2700.00000, 0, 0, 1, 1, 9999, 9999, 9999, 9999, 9999, 9999, 9999, 9999, 0, 0, 0, 0, 0, 8000, 0, 0, 0, 0
22, 0.00000, 0, 0, 1, 1, 9999, 9999, 9999, 9999, 9999, 9999, 9999, 9999, 0, 0, 0, 0, 0, 8000, 0, 0, 0, 0
22, 900.00000, 0, 0, 1, 1, 9999, 9999, 9999, 9999, 9999, 9999, 9999, 9999, 0, 0, 0, 0, 0, 8000, 0, 0, 0, 0
22, 1800.00000, 0, 0, 1, 1, 9999, 9999, 9999, 9999, 9999, 9999, 9999, 9999, 0, 0, 0, 0, 0, 8000, 0, 0, 0, 0
22, 2700.00000, 0, 0, 1, 1, 9999, 9999, 9999, 9999, 9999, 9999, 9999, 9999, 0, 0, 0, 0, 0, 8000, 0, 0, 0, 0
23, 0.00000, 0, 0, 1, 1, 9999, 9999, 9999, 9999, 9999, 9999, 9999, 9999, 0, 0, 0, 0, 0, 8000, 0, 0, 0, 0
23, 900.00000, 0, 0, 1, 1, 9999, 9999, 9999, 9999, 9999, 9999, 9999, 9999, 0, 0, 0, 0, 0, 8000, 0, 0, 0, 0
23, 1800.00000, 0, 0, 1, 1, 9999, 9999, 9999, 9999, 9999, 9999, 9999, 9999, 0, 0, 0, 0, 0, 8000, 0, 0, 0, 0
23, 2700.00000, 0, 0, 1, 1, 9999, 9999, 9999, 9999, 9999, 9999, 9999, 9999, 0, 0, 0, 0, 0, 8000, 0, 0, 0, 0
24, 0.00000, 0, 0, 1, 1, 9999, 9999, 9999, 9999, 9999, 9999, 9999, 9999, 0, 0, 0, 0, 0, 8000, 0, 0, 0, 0
24, 900.00000, 0, 0, 1, 1, 9999, 9999, 9999, 9999, 9999, 9999, 9999, 9999, 0, 0, 0, 0, 0, 8000, 0, 0, 0, 0
24, 1800.00000, 0, 0, 1, 1, 9999, 9999, 9999, 9999, 9999, 9999, 9999, 9999, 0, 0, 0, 0, 0, 8000, 0, 0, 0, 0
24, 2700.00000, 0, 0, 1, 1, 9999, 9999, 9999, 9999, 9999, 9999, 9999, 9999, 0, 0, 0, 0, 0, 8000, 0, 0, 0, 0
25, 0.00000, 0, 0, 1, 1, 9999, 9999, 9999, 9999, 9999, 9999, 9999, 9999, 0, 0, 0, 0, 0, 8000, 0, 0, 0, 0
25, 900.00000, 0, 0, 1, 1, 9999, 9999, 9999, 9999, 9999, 9999, 9999, 9999, 0, 0, 0, 0, 0, 8000, 0, 0, 0, 0
25, 1800.00000, 0, 0, 1, 1, 9999, 9999, 9999, 9999, 9999, 9999, 9999, 9999, 0, 0, 0, 0, 0, 8000, 0, 0, 0, 0
25, 2700.00000, 0, 0, 1, 1, 9999, 9999, 9999, 9999, 9999, 9999, 9999, 9999, 0, 0, 0, 0, 0, 8000, 0, 0, 0, 0
26, 0.00000, 0, 0, 1, 1, 9999, 9999, 9999, 9999, 9999, 9999, 9999, 9999, 0, 0, 0, 0, 0, 8000, 0, 0, 0, 0
26, 900.00000, 0, 0, 1, 1, 9999, 9999, 9999, 9999, 9999, 9999, 9999, 9999, 0, 0, 0, 0, 0, 8000, 0, 0, 0, 0
26, 1800.00000, 0, 0, 1, 1, 9999, 9999, 9999, 9999, 9999, 9999, 9999, 9999, 0, 0, 0, 0, 0, 8000, 0, 0, 0, 0
26, 2700.00000, 0, 0, 1, 1, 9999, 9999, 9999, 9999, 9999, 9999, 9999, 9999, 0, 0, 0, 0, 0, 8000, 0, 0, 0, 0
27, 0.00000, 0, 0, 1, 1, 9999, 9999, 9999, 9999, 9999, 9999, 9999, 9999, 0, 0, 0, 0, 0, 8000, 0, 0, 0, 0
27, 900.00000, 0.00284, 1.42, 1, 1, 9999, 9999, 9999, 9999, 9999, 9999, 9999, 9999, 1.42, 0, 0, 0, 0, 8000, 0, 0, 0, 0
27, 1800.00000, 0.00788429, 3.94214, 1, 1, 9999, 9999, 9999, 9999, 9999, 9999, 9999, 9999, 3.94214, 0, 0, 0, 0, 8000, 0, 0, 0, 0
27, 2700.00000, 0.0202534, 10.1267, 1, 1, 9999, 9999, 9999, 9999, 9999, 9999, 9999, 9999, 10.1267, 0, 0, 0, 0, 8000, 0, 0, 0, 0
28, 0.00000, 0.0427999, 21.4, 1, 1, 9999, 9999, 9999, 9999, 9999, 9999, 9999, 9999, 21.4, 0, 0, 0, 0, 8000, 0, 0, 0, 0
28, 900.00000, 0.0616, 30.8, 1, 1, 9999, 9999, 9999, 9999, 9999, 9999, 9999, 9999, 30.8, 0, 0, 0, 0, 8000, 0, 0, 0, 0
28, 1800.00000, 0.0486718, 24.3359, 1, 1, 9999, 9999, 9999, 9999, 9999, 9999, 9999, 9999, 24.3359, 0, 0, 0, 0, 8000, 0, 0, 0, 0
28, 2700.00000, 0.0764627, 38.2313, 1, 1, 9999, 9999, 9999, 9999, 9999, 9999, 9999, 9999, 38.2313, 0, 0, 0, 0, 8000, 0, 0, 0, 0
29, 0.00000, 0.115466, 57.733, 1, 1, 9999, 9999, 9999, 9999, 9999, 9999, 9999, 9999, 57.733, 0, 0, 0, 0, 8000, 0, 0, 0, 0
29, 900.00000, 0.144907, 72.4533, 1, 1, 9999, 9999, 9999, 9999, 9999, 9999, 9999, 9999, 72.4533, 0, 0, 0, 0, 8000, 0, 0, 0, 0
29, 1800.00000, 0.147233, 73.6164, 1, 1, 9999, 9999, 9999, 9999, 9999, 9999, 9999, 9999, 73.6164, 0, 0, 0, 0, 8000, 0, 0, 0, 0
29, 2700.00000, 0.184284, 92.1419, 1, 1, 9999, 9999, 9999, 9999, 9999, 9999, 9999, 9999, 92.1419, 0, 0, 0, 0, 8000, 0, 0, 0, 0
30, 0.00000, 0.173524, 86.7619, 1, 1, 9999, 9999, 9999, 9999, 9999, 9999, 9999, 9999, 86.7619, 0, 0, 0, 0, 8000, 0, 0, 0, 0
30, 900.00000, 0.188333, 94.1667, 1, 1, 9999, 9999, 9999, 9999, 9999, 9999, 9999, 9999, 94.1667, 0, 0, 0, 0, 8000, 0, 0, 0, 0
30, 1800.00000, 0.166913, 83.4567, 1, 1, 9999, 9999, 9999, 9999, 9999, 9999, 9999, 9999, 83.4567, 0, 0, 0, 0, 8000, 0, 0, 0, 0
30, 2700.00000, 0.196747, 98.3733, 1, 1, 9999, 9999, 9999, 9999, 9999, 9999, 9999, 9999, 98.3733, 0, 0, 0, 0, 8000, 0, 0, 0, 0
31, 0.00000, 0.192059, 96.0295, 1, 1, 9999, 9999, 9999, 9999, 9999, 9999, 9999, 9999, 96.0295, 0, 0, 0, 0, 8000, 0, 0, 0, 0
31, 900.00000, 0.110624, 55.3121, 1, 1, 9999, 9999, 9999, 9999, 9999, 9999, 9999, 9999, 55.3121, 0, 0, 0, 0, 8000, 0, 0, 0, 0
31, 1800.00000, 0.101686, 50.843, 1, 1, 9999, 9999, 9999, 9999, 9999, 9999, 9999, 9999, 50.843, 0, 0, 0, 0, 8000, 0, 0, 0, 0
31, 2700.00000, 0.14119, 70.5952, 1, 1, 9999, 9999, 9999, 9999, 9999, 9999, 9999, 9999, 70.5952, 0, 0, 0, 0, 8000, 0, 0, 0, 0
32, 0.00000, 0.0998641, 49.9321, 1, 1, 9999, 9999, 9999, 9999, 9999, 9999, 9999, 9999, 49.9321, 0, 0, 0, 0, 8000, 0, 0, 0, 0
32, 900.00000, 0.096421, 48.2105, 1, 1, 9999, 9999, 9999, 9999, 9999, 9999, 9999, 9999, 48.2105, 0, 0, 0, 0, 8000, 0, 0, 0, 0
32, 1800.00000, 0.158159, 79.0795, 1, 1, 9999, 9999, 9999, 9999, 9999, 9999, 9999, 9999, 79.0795, 0, 0, 0, 0, 8000, 0, 0, 0, 0
32, 2700.00000, 0.172306, 86.1528, 1, 1, 9999, 9999, 9999, 9999, 9999, 9999, 9999, 9999, 86.1528, 0, 0, 0, 0, 8000, 0, 0, 0, 0
33, 0.00000, 0.141065, 70.5326, 1, 1, 9999, 9999, 9999, 9999, 9999, 9999, 9999, 9999, 70.5326, 0, 0, 0, 0, 8000, 0, 0, 0, 0
33, 900.00000, 0.12064, 60.32, 1, 1, 9999, 9999, 9999, 9999, 9999, 9999, 9999, 9999, 60.32, 0, 0, 0, 0, 8000, 0, 0, 0, 0
33, 1800.00000, 0.137727, 68.8635, 1, 1, 9999, 9999, 9999, 9999, 9999, 9999, 9999, 9999, 68.8635, 0, 0, 0, 0, 8000, 0, 0, 0, 0
33, 2700.00000, 0.188987, 94.4933, 1, 1, 9999, 9999, 9999, 9999, 9999, 9999, 9999, 9999, 94.4933, 0, 0, 0, 0, 8000, 0, 0, 0, 0
34, 0.00000, 0.19028, 95.14, 1, 1, 9999, 9999, 9999, 9999, 9999, 9999, 9999, 9999, 95.14, 0, 0, 0, 0, 8000, 0, 0, 0, 0
34, 900.00000, 0.1936, 96.8, 1, 1, 9999, 9999, 9999, 9999, 9999, 9999, 9999, 9999, 96.8, 0, 0, 0, 0, 8000, 0, 0, 0, 0
34, 1800.00000, 0.21466, 107.33, 1, 1, 9999, 9999, 9999, 9999, 9999, 9999, 9999, 9999, 107.33, 0, 0, 0, 0, 8000, 0, 0, 0, 0
34, 2700.00000, 0.217827, 108.914, 1, 1, 9999, 9999, 9999, 9999, 9999, 9999, 9999, 9999, 108.914, 0, 0, 0, 0, 8000, 0, 0, 0, 0
35, 0.00000, 0.339483, 169.741, 1, 1, 9999, 9999, 9999, 9999, 9999, 9999, 9999, 9999, 169.741, 0, 0, 0, 0, 8000, 0, 0, 0, 0
35, 900.00000, 0.316053, 158.027, 1, 1, 9999, 9999, 9999, 9999, 9999, 9999, 9999, 9999, 158.027, 0, 0, 0, 0, 8000, 0, 0, 0, 0
35, 1800.00000, 0.231797, 115.898, 1, 1, 9999, 9999, 9999, 9999, 9999, 9999, 9999, 9999, 115.898, 0, 0, 0, 0, 8000, 0, 0, 0, 0
35, 2700.00000, 0.217813, 108.907, 1, 1, 9999, 9999, 9999, 9999, 9999, 9999, 9999, 9999, 108.907, 0, 0, 0, 0, 8000, 0, 0, 0, 0
36, 0.00000, 0.185292, 92.6458, 1, 1, 9999, 9999, 9999, 9999, 9999, 9999, 9999, 9999, 92.6458, 0, 0, 0, 0, 8000, 0, 0, 0, 0
36, 900.00000, 0.262073, 131.037, 1, 1, 9999, 9999, 9999, 9999, 9999, 9999, 9999, 9999, 131.037, 0, 0, 0, 0, 8000, 0, 0, 0, 0
36, 1800.00000, 0.191452, 95.726, 1, 1, 9999, 9999, 9999, 9999, 9999, 9999, 9999, 9999, 95.726, 0, 0, 0, 0, 8000, 0, 0, 0, 0
36, 2700.00000, 0.141925, 70.9624, 1, 1, 9999, 9999, 9999, 9999, 9999, 9999, 9999, 9999, 70.9624, 0, 0, 0, 0, 8000, 0, 0, 0, 0
37, 0.00000, 0.155967, 77.9833, 1, 1, 9999, 9999, 9999, 9999, 9999, 9999, 9999, 9999, 77.9833, 0, 0, 0, 0, 8000, 0, 0, 0, 0
37, 900.00000, 0.136373, 68.1865, 1, 1, 9999, 9999, 9999, 9999, 9999, 9999, 9999, 9999, 68.1865, 0, 0, 0, 0, 8000, 0, 0, 0, 0
37, 1800.00000, 0.276765, 138.382, 1, 1, 9999, 9999, 9999, 9999, 9999, 9999, 9999, 9999, 138.382, 0, 0, 0, 0, 8000, 0, 0, 0, 0
37, 2700.00000, 0.439793, 219.897, 1, 1, 9999, 9999, 9999, 9999, 9999, 9999, 9999, 9999, 219.897, 0, 0, 0, 0, 8000, 0, 0, 0, 0
38, 0.00000, 0.373591, 186.796, 1, 1, 9999, 9999, 9999, 9999, 9999, 9999, 9999, 9999, 186.796, 0, 0, 0, 0, 8000, 0, 0, 0, 0
38, 900.00000, 0.2893, 144.65, 1, 1, 9999, 9999, 9999, 9999, 9999, 9999, 9999, 9999, 144.65, 0, 0, 0, 0, 8000, 0, 0, 0, 0
38, 1800.00000, 0.264925, 132.462, 1, 1, 9999, 9999, 9999, 9999, 9999, 9999, 9999, 9999, 132.462, 0, 0, 0, 0, 8000, 0, 0, 0, 0
38, 2700.00000, 0.24743, 123.715, 1, 1, 9999, 9999, 9999, 9999, 9999, 9999, 9999, 9999, 123.715, 0, 0, 0, 0, 8000, 0, 0, 0, 0
39, 0.00000, 0.666285, 333.143, 1, 1, 9999, 9999, 9999, 9999, 9999, 9999, 9999, 9999, 333.143, 0, 0, 0, 0, 8000, 0, 0, 0, 0
39, 900.00000, 0.252966, 126.483, 1, 1, 9999, 9999, 9999, 9999, 9999, 9999, 9999, 9999, 126.483, 0, 0, 0, 0, 8000, 0, 0, 0, 0
39, 1800.00000, 0.169166, 84.5828, 1, 1, 9999, 9999, 9999, 9999, 9999, 9999, 9999, 9999, 84.5828, 0, 0, 0, 0, 8000, 0, 0, 0, 0
39, 2700.00000, 0.135939, 67.9697, 1, 1, 9999, 9999, 9999, 9999, 9999, 9999, 9999, 9999, 67.9697, 0, 0, 0, 0, 8000, 0, 0, 0, 0
40, 0.00000, 0.0621733, 31.0867, 1, 1, 9999, 9999, 9999, 9999, 9999, 9999, 9999, 9999, 31.0867, 0, 0, 0, 0, 8000, 0, 0, 0, 0
40, 900.00000, 0.110259, 55.1293, 1, 1, 9999, 9999, 9999, 9999, 9999, 9999, 9999, 9999, 55.1293, 0, 0, 0, 0, 8000, 0, 0, 0, 0
40, 1800.00000, 0.138832, 69.4162, 1, 1, 9999, 9999, 9999, 9999, 9999, 9999, 9999, 9999, 69.4162, 0, 0, 0, 0, 8000, 0, 0, 0, 0
40, 2700.00000, 0.0912133, 45.6067, 1, 1, 9999, 9999, 9999, 9999, 9999, 9999, 9999, 9999, 45.6067, 0, 0, 0, 0, 8000, 0, 0, 0, 0
41, 0.00000, 0.0571933, 28.5967, 1, 1, 9999, 9999, 9999, 9999, 9999, 9999, 9999, 9999, 28.5967, 0, 0, 0, 0, 8000, 0, 0, 0, 0
41, 900.00000, 0.186247, 93.1236, 1, 1, 9999, 9999, 9999, 9999, 9999, 9999, 9999, 9999, 93.1236, 0, 0, 0, 0, 8000, 0, 0, 0, 0
41, 1800.00000, 0.122541, 61.2704, 1, 1, 9999, 9999, 9999, 9999, 9999, 9999, 9999, 9999, 61.2704, 0, 0, 0, 0, 8000, 0, 0, 0, 0
41, 2700.00000, 0.0562667, 28.1333, 1, 1, 9999, 9999, 9999, 9999, 9999, 9999, 9999, 9999, 28.1333, 0, 0, 0, 0, 8000, 0, 0, 0, 0
42, 0.00000, 0.0528724, 26.4362, 1, 1, 9999, 9999, 9999, 9999, 9999, 9999, 9999, 9999, 26.4362, 0, 0, 0, 0, 8000, 0, 0, 0, 0
42, 900.00000, 0.0322804, 16.1402, 1, 1, 9999, 9999, 9999, 9999, 9999, 9999, 9999, 9999, 16.1402, 0, 0, 0, 0, 8000, 0, 0, 0, 0
42, 1800.00000, 0.0125625, 6.28124, 1, 1, 9999, 9999, 9999, 9999, 9999, 9999, 9999, 9999, 6.28124, 0, 0, 0, 0, 8000, 0, 0, 0, 0
42, 2700.00000, 0.00617333, 3.08667, 1, 1, 9999, 9999, 9999, 9999, 9999, 9999, 9999, 9999, 3.08667, 0, 0, 0, 0, 8000, 0, 0, 0, 0
43, 0.00000, 0.00684833, 3.42417, 1, 1, 9999, 9999, 9999, 9999, 9999, 9999, 9999, 9999, 3.42417, 0, 0, 0, 0, 8000, 0, 0, 0, 0
43, 900.00000, 0.00433333, 2.16667, 1, 1, 9999, 9999, 9999, 9999, 9999, 9999, 9999, 9999, 2.16667, 0, 0, 0, 0, 8000, 0, 0, 0, 0
43, 1800.00000, 0.00169833, 0.849167, 1, 1, 9999, 9999, 9999, 9999, 9999, 9999, 9999, 9999, 0.849167, 0, 0, 0, 0, 8000, 0, 0, 0, 0
43, 2700.00000, 0.00166667, 0.833333, 1, 1, 9999, 9999, 9999, 9999, 9999, 9999, 9999, 9999, 0.833333, 0, 0, 0, 0, 8000, 0, 0, 0, 0
44, 0.00000, 4.66667e-05, 0.0233333, 1, 1, 9999, 9999, 9999, 9999, 9999, 9999, 9999, 9999, 0.0233333, 0, 0, 0, 0, 8000, 0, 0, 0, 0
44, 900.00000, 0, 0, 1, 1, 9999, 9999, 9999, 9999, 9999, 9999, 9999, 9999, 0, 0, 0, 0, 0, 8000, 0, 0, 0, 0
44, 1800.00000, 0, 0, 1, 1, 9999, 9999, 9999, 9999, 9999, 9999, 9999, 9999, 0, 0, 0, 0, 0, 8000, 0, 0, 0, 0
44, 2700.00000, 0, 0, 1, 1, 9999, 9999, 9999, 9999, 9999, 9999, 9999, 9999, 0, 0, 0, 0, 0, 8000, 0, 0, 0, 0
45, 0.00000, 0, 0, 1, 1, 9999, 9999, 9999, 9999, 9999, 9999, 9999, 9999, 0, 0, 0, 0, 0, 8000, 0, 0, 0, 0
45, 900.00000, 0, 0, 1, 1, 9999, 9999, 9999, 9999, 9999, 9999, 9999, 9999, 0, 0, 0, 0, 0, 8000, 0, 0, 0, 0
45, 1800.00000, 0, 0, 1, 1, 9999, 9999, 9999, 9999, 9999, 9999, 9999, 9999, 0, 0, 0, 0, 0, 8000, 0, 0, 0, 0
45, 2700.00000, 0, 0, 1, 1, 9999, 9999, 9999, 9999, 9999, 9999, 9999, 9999, 0, 0, 0, 0, 0, 8000, 0, 0, 0, 0
46, 0.00000, 0, 0, 1, 1, 9999, 9999, 9999, 9999, 9999, 9999, 9999, 9999, 0, 0, 0, 0, 0, 8000, 0, 0, 0, 0
46, 900.00000, 0, 0, 1, 1, 9999, 9999, 9999, 9999, 9999, 9999, 9999, 9999, 0, 0, 0, 0, 0, 8000, 0, 0, 0, 0
46, 1800.00000, 0, 0, 1, 1, 9999, 9999, 9999, 9999, 9999, 9999, 9999, 9999, 0, 0, 0, 0, 0, 8000, 0, 0, 0, 0
46, 2700.00000, 0, 0, 1, 1, 9999, 9999, 9999, 9999, 9999, 9999, 9999, 9999, 0, 0, 0, 0, 0, 8000, 0, 0, 0, 0
47, 0.00000, 0, 0, 1, 1, 9999, 9999, 9999, 9999, 9999, 9999, 9999, 9999, 0, 0, 0, 0, 0, 8000, 0, 0, 0, 0
47, 900.00000, 0, 0, 1, 1, 9999, 9999, 9999, 9999, 9999, 9999, 9999, 9999, 0, 0, 0, 0, 0, 8000, 0, 0, 0, 0
47, 1800.00000, 0, 0, 1, 1, 9999, 9999, 9999, 9999, 9999, 9999, 9999, 9999, 0, 0, 0, 0, 0, 8000, 0, 0, 0, 0
47, 2700.00000, 0, 0, 1, 1, 9999, 9999, 9999, 9999, 9999, 9999, 9999, 9999, 0, 0, 0, 0, 0, 8000, 0, 0, 0, 0
48, 0.00000, 0, 0, 1, 1, 9999, 9999, 9999, 9999, 9999, 9999, 9999, 9999, 0, 0, 0, 0, 0, 8000, 0, 0, 0, 0
48, 900.00000, 0, 0, 1, 1, 9999, 9999, 9999, 9999, 9999, 9999, 9999, 9999, 0, 0, 0, 0, 0, 8000, 0, 0, 0, 0
48, 1800.00000, 0, 0, 1, 1, 9999, 9999, 9999, 9999, 9999, 9999, 9999, 9999, 0, 0, 0, 0, 0, 8000, 0, 0, 0, 0
48, 2700.00000, 0, 0, 1, 1, 9999, 9999, 9999, 9999, 9999, 9999, 9999, 9999, 0, 0, 0, 0, 0, 8000, 0, 0, 0, 0
49, 0.00000, 0, 0, 1, 1, 9999, 9999, 9999, 9999, 9999, 9999, 9999, 9999, 0, 0, 0, 0, 0, 8000, 0, 0, 0, 0
49, 900.00000, 0, 0, 1, 1, 9999, 9999, 9999, 9999, 9999, 9999, 9999, 9999, 0, 0, 0, 0, 0, 8000, 0, 0, 0, 0
49, 1800.00000, 0, 0, 1, 1, 9999, 9999, 9999, 9999, 9999, 9999, 9999, 9999, 0, 0, 0, 0, 0, 8000, 0, 0, 0, 0
49, 2700.00000, 0, 0, 1, 1, 9999, 9999, 9999, 9999, 9999, 9999, 9999, 9999, 0, 0, 0, 0, 0, 8000, 0, 0, 0, 0
50, 0.00000, 0, 0, 1, 1, 9999, 9999, 9999, 9999, 9999, 9999, 9999, 9999, 0, 0, 0, 0, 0, 8000, 0, 0, 0, 0
50, 900.00000, 0, 0, 1, 1, 9999, 9999, 9999, 9999, 9999, 9999, 9999, 9999, 0, 0, 0, 0, 0, 8000, 0, 0, 0, 0
50, 1800.00000, 0, 0, 1, 1, 9999, 9999, 9999, 9999, 9999, 9999, 9999, 9999, 0, 0, 0, 0, 0, 8000, 0, 0, 0, 0
50, 2700.00000, 0, 0, 1, 1, 9999, 9999, 9999, 9999, 9999, 9999, 9999, 9999, 0, 0, 0, 0, 0, 8000, 0, 0, 0, 0
51, 0.00000, 0.001485, 0.7425, 1, 1, 9999, 9999, 9999, 9999, 9999, 9999, 9999, 9999, 0.7425, 0, 0, 0, 0, 8000, 0, 0, 0, 0
51, 900.00000, 0.00392, 1.96, 1, 1, 9999, 9999, 9999, 9999, 9999, 9999, 9999, 9999, 1.96, 0, 0, 0, 0, 8000, 0, 0, 0, 0
51, 1800.00000, 0.0095585, 4.77925, 1, 1, 9999, 9999, 9999, 9999, 9999, 9999, 9999, 9999, 4.77925, 0, 0, 0, 0, 8000, 0, 0, 0, 0
51, 2700.00000, 0.016331, 8.16549, 1, 1, 9999, 9999, 9999, 9999, 9999, 9999, 9999, 9999, 8.16549, 0, 0, 0, 0, 8000, 0, 0, 0, 0
52, 0.00000, 0.0399333, 19.9667, 1, 1, 9999, 9999, 9999, 9999, 9999, 9999, 9999, 9999, 19.9667, 0, 0, 0, 0, 8000, 0, 0, 0, 0
52, 900.00000, 0.0636595, 31.8297, 1, 1, 9999, 9999, 9999, 9999, 9999, 9999, 9999, 9999, 31.8297, 0, 0, 0, 0, 8000, 0, 0, 0, 0
52, 1800.00000, 0.0928122, 46.4061, 1, 1, 9999, 9999, 9999, 9999, 9999, 9999, 9999, 9999, 46.4061, 0, 0, 0, 0, 8000, 0, 0, 0, 0
52, 2700.00000, 0.129372, 64.686, 1, 1, 9999, 9999, 9999, 9999, 9999, 9999, 9999, 9999, 64.686, 0, 0, 0, 0, 8000, 0, 0, 0, 0
53, 0.00000, 0.165895, 82.9477, 1, 1, 9999, 9999, 9999, 9999, 9999, 9999, 9999, 9999, 82.9477, 0, 0, 0, 0, 8000, 0, 0, 0, 0
53, 900.00000, 0.199455, 99.7273, 1, 1, 9999, 9999, 9999, 9999, 9999, 9999, 9999, 9999, 99.7273, 0, 0, 0, 0, 8000, 0, 0, 0, 0
53, 1800.00000, 0.240322, 120.161, 1, 1, 9999, 9999, 9999, 9999, 9999, 9999, 9999, 9999, 120.161, 0, 0, 0, 0, 8000, 0, 0, 0, 0
53, 2700.00000, 0.280589, 140.295, 1, 1, 9999, 9999, 9999, 9999, 9999, 9999, 9999, 9999, 140.295, 0, 0, 0, 0, 8000, 0, 0, 0, 0
54, 0.00000, 0.324454, 162.227, 1, 1, 9999, 9999, 9999, 9999, 9999, 9999, 9999, 9999, 162.227, 0, 0, 0, 0, 8000, 0, 0, 0, 0
54, 900.00000, 0.301051, 150.526, 1, 1, 9999, 9999, 9999, 9999, 9999, 9999, 9999, 9999, 150.526, 0, 0, 0, 0, 8000, 0, 0, 0, 0
54, 1800.00000, 0.327808, 163.904, 1, 1, 9999, 9999, 9999, 9999, 9999, 9999, 9999, 9999, 163.904, 0, 0, 0, 0, 8000, 0, 0, 0, 0
54, 2700.00000, 0.442898, 221.449, 1, 1, 9999, 9999, 9999, 9999, 9999, 9999, 9999, 9999, 221.449, 0, 0, 0, 0, 8000, 0, 0, 0, 0
55, 0.00000, 0.49311, 246.555, 1, 1, 9999, 9999, 9999, 9999, 9999, 9999, 9999, 9999, 246.555, 0, 0, 0, 0, 8000, 0, 0, 0, 0
55, 900.00000, 0.49725, 248.625, 1, 1, 9999, 9999, 9999, 9999, 9999, 9999, 9999, 9999, 248.625, 0, 0, 0, 0, 8000, 0, 0, 0, 0
55, 1800.00000, 0.379463, 189.731, 1, 1, 9999, 9999, 9999, 9999, 9999, 9999, 9999, 9999, 189.731, 0, 0, 0, 0, 8000, 0, 0, 0, 0
55, 2700.00000, 0.591293, 295.647, 1, 1, 9999, 9999, 9999, 9999, 9999, 9999, 9999, 9999, 295.647, 0, 0, 0, 0, 8000, 0, 0, 0, 0
56, 0.00000, 0.630242, 315.121, 1, 1, 9999, 9999, 9999, 9999, 9999, 9999, 9999, 9999, 315.121, 0, 0, 0, 0, 8000, 0, 0, 0, 0
56, 900.00000, 0.679378, 339.689, 1, 1, 9999, 9999, 9999, 9999, 9999, 9999, 9999, 9999, 339.689, 0, 0, 0, 0, 8000, 0, 0, 0, 0
56, 1800.00000, 0.400261, 200.131, 1, 1, 9999, 9999, 9999, 9999, 9999, 9999, 9999, 9999, 200.131, 0, 0, 0, 0, 8000, 0, 0, 0, 0
56, 2700.00000, 0.378098, 189.049, 1, 1, 9999, 9999, 9999, 9999, 9999, 9999, 9999, 9999, 189.049, 0, 0, 0, 0, 8000, 0, 0, 0, 0
57, 0.00000, 0.415494, 207.747, 1, 1, 9999, 9999, 9999, 9999, 9999, 9999, 9999, 9999, 207.747, 0, 0, 0, 0, 8000, 0, 0, 0, 0
57, 900.00000, 0.651195, 325.598, 1, 1, 9999, 9999, 9999, 9999, 9999, 9999, 9999, 9999, 325.598, 0, 0, 0, 0, 8000, 0, 0, 0, 0
57, 1800.00000, 0.553246, 276.623, 1, 1, 9999, 9999, 9999, 9999, 9999, 9999, 9999, 9999, 276.623, 0, 0, 0, 0, 8000, 0, 0, 0, 0
57, 2700.00000, 0.393335, 196.668, 1, 1, 9999, 9999, 9999, 9999, 9999, 9999, 9999, 9999, 196.668, 0, 0, 0, 0, 8000, 0, 0, 0, 0
58, 0.00000, 0.359907, 179.953, 1, 1, 9999, 9999, 9999, 9999, 9999, 9999, 9999, 9999, 179.953, 0, 0, 0, 0, 8000, 0, 0, 0, 0
58, 900.00000, 0.33475, 167.375, 1, 1, 9999, 9999, 9999, 9999, 9999, 9999, 9999, 9999, 167.375, 0, 0, 0, 0, 8000, 0, 0, 0, 0
58, 1800.00000, 0.423913, 211.957, 1, 1, 9999, 9999, 9999, 9999, 9999, 9999, 9999, 9999, 211.957, 0, 0, 0, 0, 8000, 0, 0, 0, 0
58, 2700.00000, 0.287054, 143.527, 1, 1, 9999, 9999, 9999, 9999, 9999, 9999, 9999, 9999, 143.527, 0, 0, 0, 0, 8000, 0, 0, 0, 0
59, 0.00000, 0.264123, 132.062, 1, 1, 9999, 9999, 9999, 9999, 9999, 9999, 9999, 9999, 132.062, 0, 0, 0, 0, 8000, 0, 0, 0, 0
59, 900.00000, 0.319503, 159.751, 1, 1, 9999, 9999, 9999, 9999, 9999, 9999, 9999, 9999, 159.751, 0, 0, 0, 0, 8000, 0, 0, 0, 0
59, 1800.00000, 0.388523, 194.261, 1, 1, 9999, 9999, 9999, 9999, 9999, 9999, 9999, 9999, 194.261, 0, 0, 0, 0, 8000, 0, 0, 0, 0
59, 2700.00000, 0.587934, 293.967, 1, 1, 9999, 9999, 9999, 9999, 9999, 9999, 9999, 9999, 293.967, 0, 0, 0, 0, 8000, 0, 0, 0, 0
60, 0.00000, 0.392519, 196.26, 1, 1, 9999, 9999, 9999, 9999, 9999, 9999, 9999, 9999, 196.26, 0, 0, 0, 0, 8000, 0, 0, 0, 0
60, 900.00000, 0.725011, 362.505, 1, 1, 9999, 9999, 9999, 9999, 9999, 9999, 9999, 9999, 362.505, 0, 0, 0, 0, 8000, 0, 0, 0, 0
60, 1800.00000, 0.455434, 227.717, 1, 1, 9999, 9999, 9999, 9999, 9999, 9999, 9999, 9999, 227.717, 0, 0, 0, 0, 8000, 0, 0, 0, 0
60, 2700.00000, 0.204178, 102.089, 1, 1, 9999, 9999, 9999, 9999, 9999, 9999, 9999, 9999, 102.089, 0, 0, 0, 0, 8000, 0, 0, 0, 0
61, 0.00000, 0.180505, 90.2526, 1, 1, 9999, 9999, 9999, 9999, 9999, 9999, 9999, 9999, 90.2526, 0, 0, 0, 0, 8000, 0, 0, 0, 0
61, 900.00000, 0.191787, 95.8933, 1, 1, 9999, 9999, 9999, 9999, 9999, 9999, 9999, 9999, 95.8933, 0, 0, 0, 0, 8000, 0, 0, 0, 0
61, 1800.00000, 0.180777, 90.3887, 1, 1, 9999, 9999, 9999, 9999, 9999, 9999, 9999, 9999, 90.3887, 0, 0, 0, 0, 8000, 0, 0, 0, 0
61, 2700.00000, 0.283058, 141.529, 1, 1, 9999, 9999, 9999, 9999, 9999, 9999, 9999, 9999, 141.529, 0, 0, 0, 0, 8000, 0, 0, 0, 0
62, 0.00000, 0.394477, 197.239, 1, 1, 9999, 9999, 9999, 9999, 9999, 9999, 9999, 9999, 197.239, 0, 0, 0, 0, 8000, 0, 0, 0, 0
62, 900.00000, 0.626881, 313.44, 1, 1, 9999, 9999, 9999, 9999, 9999, 9999, 9999, 9999, 313.44, 0, 0, 0, 0, 8000, 0, 0, 0, 0
62, 1800.00000, 0.0881454, 44.0727, 1, 1, 9999, 9999, 9999, 9999, 9999, 9999, 9999, 9999, 44.0727, 0, 0, 0, 0, 8000, 0, 0, 0, 0
62, 2700.00000, 0.177667, 88.8333, 1, 1, 9999, 9999, 9999, 9999, 9999, 9999, 9999, 9999, 88.8333, 0, 0, 0, 0, 8000, 0, 0, 0, 0
63, 0.00000, 0.155092, 77.5458, 1, 1, 9999, 9999, 9999, 9999, 9999, 9999, 9999, 9999, 77.5458, 0, 0, 0, 0, 8000, 0, 0, 0, 0
63, 900.00000, 0.126032, 63.0162, 1, 1, 9999, 9999, 9999, 9999, 9999, 9999, 9999, 9999, 63.0162, 0, 0, 0, 0, 8000, 0, 0, 0, 0
63, 1800.00000, 0.128007, 64.0033, 1, 1, 9999, 9999, 9999, 9999, 9999, 9999, 9999, 9999, 64.0033, 0, 0, 0, 0, 8000, 0, 0, 0, 0
63, 2700.00000, 0.084548, 42.274, 1, 1, 9999, 9999, 9999, 9999, 9999, 9999, 9999, 9999, 42.274, 0, 0, 0, 0, 8000, 0, 0, 0, 0
64, 0.00000, 0.164328, 82.1638, 1, 1, 9999, 9999, 9999, 9999, 9999, 9999, 9999, 9999, 82.1638, 0, 0, 0, 0, 8000, 0, 0, 0, 0
64, 900.00000, 0.28983, 144.915, 1, 1, 9999, 9999, 9999, 9999, 9999, 9999, 9999, 9999, 144.915, 0, 0, 0, 0, 8000, 0, 0, 0, 0
64, 1800.00000, 0.236273, 118.137, 1, 1, 9999, 9999, 9999, 9999, 9999, 9999, 9999, 9999, 118.137, 0, 0, 0, 0, 8000, 0, 0, 0, 0
64, 2700.00000, 0.274613, 137.307, 1, 1, 9999, 9999, 9999, 9999, 9999, 9999, 9999, 9999, 137.307, 0, 0, 0, 0, 8000, 0, 0, 0, 0
65, 0.00000, 0.211433, 105.717, 1, 1, 9999, 9999, 9999, 9999, 9999, 9999, 9999, 9999, 105.717, 0, 0, 0, 0, 8000, 0, 0, 0, 0
65, 900.00000, 0.15, 75, 1, 1, 9999, 9999, 9999, 9999, 9999, 9999, 9999, 9999, 75, 0, 0, 0, 0, 8000, 0, 0, 0, 0
65, 1800.00000, 0.168144, 84.072, 1, 1, 9999, 9999, 9999, 9999, 9999, 9999, 9999, 9999, 84.072, 0, 0, 0, 0, 8000, 0, 0, 0, 0
65, 2700.00000, 0.154, 77, 1, 1, 9999, 9999, 9999, 9999, 9999, 9999, 9999, 9999, 77, 0, 0, 0, 0, 8000, 0, 0, 0, 0
66, 0.00000, 0.0743637, 37.1818, 1, 1, 9999, 9999, 9999, 9999, 9999, 9999, 9999, 9999, 37.1818, 0, 0, 0, 0, 8000, 0, 0, 0, 0
66, 900.00000, 0.0575509, 28.7754, 1, 1, 9999, 9999, 9999, 9999, 9999, 9999, 9999, 9999, 28.7754, 0, 0, 0, 0, 8000, 0, 0, 0, 0
66, 1800.00000, 0.0336792, 16.8396, 1, 1, 9999, 9999, 9999, 9999, 9999, 9999, 9999, 9999, 16.8396, 0, 0, 0, 0, 8000, 0, 0, 0, 0
66, 2700.00000, 0.028608, 14.304, 1, 1, 9999, 9999, 9999, 9999, 9999, 9999, 9999, 9999, 14.304, 0, 0, 0, 0, 8000, 0, 0, 0, 0
67, 0.00000, 0.0138706, 6.93528, 1, 1, 9999, 9999, 9999, 9999, 9999, 9999, 9999, 9999, 6.93528, 0, 0, 0, 0, 8000, 0, 0, 0, 0
67, 900.00000, 0.008048, 4.024, 1, 1, 9999, 9999, 9999, 9999, 9999, 9999, 9999, 9999, 4.024, 0, 0, 0, 0, 8000, 0, 0, 0, 0
67, 1800.00000, 0.001904, 0.952, 1, 1, 9999, 9999, 9999, 9999, 9999, 9999, 9999, 9999, 0.952, 0, 0, 0, 0, 8000, 0, 0, 0, 0
67, 2700.00000, 0, 0, 1, 1, 9999, 9999, 9999, 9999, 9999, 9999, 9999, 9999, 0, 0, 0, 0, 0, 8000, 0, 0, 0, 0
68, 0.00000, 0, 0, 1, 1, 9999, 9999, 9999, 9999, 9999, 9999, 9999, 9999, 0, 0, 0, 0, 0, 8000, 0, 0, 0, 0
68, 900.00000, 0, 0, 1, 1, 9999, 9999, 9999, 9999, 9999, 9999, 9999, 9999, 0, 0, 0, 0, 0, 8000, 0, 0, 0, 0
68, 1800.00000, 0, 0, 1, 1, 9999, 9999, 9999, 9999, 9999, 9999, 9999, 9999, 0, 0, 0, 0, 0, 8000, 0, 0, 0, 0
68, 2700.00000, 0, 0, 1, 1, 9999, 9999, 9999, 9999, 9999, 9999, 9999, 9999, 0, 0, 0, 0, 0, 8000, 0, 0, 0, 0
69, 0.00000, 0, 0, 1, 1, 9999, 9999, 9999, 9999, 9999, 9999, 9999, 9999, 0, 0, 0, 0, 0, 8000, 0, 0, 0, 0
69, 900.00000, 0, 0, 1, 1, 9999, 9999, 9999, 9999, 9999, 9999, 9999, 9999, 0, 0, 0, 0, 0, 8000, 0, 0, 0, 0
69, 1800.00000, 0, 0, 1, 1, 9999, 9999, 9999, 9999, 9999, 9999, 9999, 9999, 0, 0, 0, 0, 0, 8000, 0, 0, 0, 0
69, 2700.00000, 0, 0, 1, 1, 9999, 9999, 9999, 9999, 9999, 9999, 9999, 9999, 0, 0, 0, 0, 0, 8000, 0, 0, 0, 0
70, 0.00000, 0, 0, 1, 1, 9999, 9999, 9999, 9999, 9999, 9999, 9999, 9999, 0, 0, 0, 0, 0, 8000, 0, 0, 0, 0
70, 900.00000, 0, 0, 1, 1, 9999, 9999, 9999, 9999, 9999, 9999, 9999, 9999, 0, 0, 0, 0, 0, 8000, 0, 0, 0, 0
70, 1800.00000, 0, 0, 1, 1, 9999, 9999, 9999, 9999, 9999, 9999, 9999, 9999, 0, 0, 0, 0, 0, 8000, 0, 0, 0, 0
70, 2700.00000, 0, 0, 1, 1, 9999, 9999, 9999, 9999, 9999, 9999, 9999, 9999, 0, 0, 0, 0, 0, 8000, 0, 0, 0, 0
71, 0.00000, 0, 0, 1, 1, 9999, 9999, 9999, 9999, 9999, 9999, 9999, 9999, 0, 0, 0, 0, 0, 8000, 0, 0, 0, 0
71, 900.00000, 0, 0, 1, 1, 9999, 9999, 9999, 9999, 9999, 9999, 9999, 9999, 0, 0, 0, 0, 0, 8000, 0, 0, 0, 0
71, 1800.00000, 0, 0, 1, 1, 9999, 9999, 9999, 9999, 9999, 9999, 9999, 9999, 0, 0, 0, 0, 0, 8000, 0, 0, 0, 0
71, 2700.00000, 0, 0, 1, 1, 9999, 9999, 9999, 9999, 9999, 9999, 9999, 9999, 0, 0, 0, 0, 0, 8000, 0, 0, 0, 0
72, 0.00000, 0, 0, 1, 1, 9999, 9999, 9999, 9999, 9999, 9999, 9999, 9999, 0, 0, 0, 0, 0, 8000, 0, 0, 0, 0
72, 900.00000, 0, 0, 1, 1, 9999, 9999, 9999, 9999, 9999, 9999, 9999, 9999, 0, 0, 0, 0, 0, 8000, 0, 0, 0, 0
72, 1800.00000, 0, 0, 1, 1, 9999, 9999, 9999, 9999, 9999, 9999, 9999, 9999, 0, 0, 0, 0, 0, 8000, 0, 0, 0, 0
72, 2700.00000, 0, 0, 1, 1, 9999, 9999, 9999, 9999, 9999, 9999, 9999, 9999, 0, 0, 0, 0, 0, 8000, 0, 0, 0, 0
73, 0.00000, 0, 0, 1, 1, 9999, 9999, 9999, 9999, 9999, 9999, 9999, 9999, 0, 0, 0, 0, 0, 8000, 0, 0, 0, 0
73, 900.00000, 0, 0, 1, 1, 9999, 9999, 9999, 9999, 9999, 9999, 9999, 9999, 0, 0, 0, 0, 0, 8000, 0, 0, 0, 0
73, 1800.00000, 0, 0, 1, 1, 9999, 9999, 9999, 9999, 9999, 9999, 9999, 9999, 0, 0, 0, 0, 0, 8000, 0, 0, 0, 0
73, 2700.00000, 0, 0, 1, 1, 9999, 9999, 9999, 9999, 9999, 9999, 9999, 9999, 0, 0, 0, 0, 0, 8000, 0, 0, 0, 0
74, 0.00000, 0, 0, 1, 1, 9999, 9999, 9999, 9999, 9999, 9999, 9999, 9999, 0, 0, 0, 0, 0, 8000, 0, 0, 0, 0
74, 900.00000, 0, 0, 1, 1, 9999, 9999, 9999, 9999, 9999, 9999, 9999, 9999, 0, 0, 0, 0, 0, 8000, 0, 0, 0, 0
74, 1800.00000, 0, 0, 1, 1, 9999, 9999, 9999, 9999, 9999, 9999, 9999, 9999, 0, 0, 0, 0, 0, 8000, 0, 0, 0, 0
74, 2700.00000, 0, 0, 1, 1, 9999, 9999, 9999, 9999, 9999, 9999, 9999, 9999, 0, 0, 0, 0, 0, 8000, 0, 0, 0, 0
75, 0.00000, 0, 0, 1, 1, 9999, 9999, 9999, 9999, 9999, 9999, 9999, 9999, 0, 0, 0, 0, 0, 8000, 0, 0, 0, 0
75, 900.00000, 0.00166667, 0.833333, 1, 1, 9999, 9999, 9999, 9999, 9999, 9999, 9999, 9999, 0.833333, 0, 0, 0, 0, 8000, 0, 0, 0, 0
75, 1800.00000, 0.00463667, 2.31833, 1, 1, 9999, 9999, 9999, 9999, 9999, 9999, 9999, 9999, 2.31833, 0, 0, 0, 0, 8000, 0, 0, 0, 0
75, 2700.00000, 0.0113524, 5.67619, 1, 1, 9999, 9999, 9999, 9999, 9999, 9999, 9999, 9999, 5.67619, 0, 0, 0, 0, 8000, 0, 0, 0, 0
76, 0.00000, 0.0210767, 10.5383, 1, 1, 9999, 9999, 9999, 9999, 9999, 9999, 9999, 9999, 10.5383, 0, 0, 0, 0, 8000, 0, 0, 0, 0
76, 900.00000, 0.0365349, 18.2674, 1, 1, 9999, 9999, 9999, 9999, 9999, 9999, 9999, 9999, 18.2674, 0, 0, 0, 0, 8000, 0, 0, 0, 0
76, 1800.00000, 0.046647, 23.3235, 1, 1, 9999, 9999, 9999, 9999, 9999, 9999, 9999, 9999, 23.3235, 0, 0, 0, 0, 8000, 0, 0, 0, 0
76, 2700.00000, 0.0514556, 25.7278, 1, 1, 9999, 9999, 9999, 9999, 9999, 9999, 9999, 9999, 25.7278, 0, 0, 0, 0, 8000, 0, 0, 0, 0
77, 0.00000, 0.0922661, 46.1331, 1, 1, 9999, 9999, 9999, 9999, 9999, 9999, 9999, 9999, 46.1331, 0, 0, 0, 0, 8000, 0, 0, 0, 0
77, 900.00000, 0.1324, 66.2, 1, 1, 9999, 9999, 9999, 9999, 9999, 9999, 9999, 9999, 66.2, 0, 0, 0, 0, 8000, 0, 0, 0, 0
77, 1800.00000, 0.1288, 64.4, 1, 1, 9999, 9999, 9999, 9999, 9999, 9999, 9999, 9999, 64.4, 0, 0, 0, 0, 8000, 0, 0, 0, 0
77, 2700.00000, 0.18183, 90.9152, 1, 1, 9999, 9999, 9999, 9999, 9999, 9999, 9999, 9999, 90.9152, 0, 0, 0, 0, 8000, 0, 0, 0, 0
78, 0.00000, 0.300207, 150.103, 1, 1, 9999, 9999, 9999, 9999, 9999, 9999, 9999, 9999, 150.103, 0, 0, 0, 0, 8000, 0, 0, 0, 0
78, 900.00000, 0.26272, 131.36, 1, 1, 9999, 9999, 9999, 9999, 9999, 9999, 9999, 9999, 131.36, 0, 0, 0, 0, 8000, 0, 0, 0, 0
78, 1800.00000, 0.28, 140, 1, 1, 9999, 9999, 9999, 9999, 9999, 9999, 9999, 9999, 140, 0, 0, 0, 0, 8000, 0, 0, 0, 0
78, 2700.00000, 0.21908, 109.54, 1, 1, 9999, 9999, 9999, 9999, 9999, 9999, 9999, 9999, 109.54, 0, 0, 0, 0, 8000, 0, 0, 0, 0
79, 0.00000, 0.485784, 242.892, 1, 1, 9999, 9999, 9999, 9999, 9999, 9999, 9999, 9999, 242.892, 0, 0, 0, 0, 8000, 0, 0, 0, 0
79, 900.00000, 0.532907, 266.453, 1, 1, 9999, 9999, 9999, 9999, 9999, 9999, 9999, 9999, 266.453, 0, 0, 0, 0, 8000, 0, 0, 0, 0
79, 1800.00000, 0.56839, 284.195, 1, 1, 9999, 9999, 9999, 9999, 9999, 9999, 9999, 9999, 284.195, 0, 0, 0, 0, 8000, 0, 0, 0, 0
79, 2700.00000, 0.566315, 283.157, 1, 1, 9999, 9999, 9999, 9999, 9999, 9999, 9999, 9999, 283.157, 0, 0, 0, 0, 8000, 0, 0, 0, 0
80, 0.00000, 0.405991, 202.996, 1, 1, 9999, 9999, 9999, 9999, 9999, 9999, 9999, 9999, 202.996, 0, 0, 0, 0, 8000, 0, 0, 0, 0
80, 900.00000, 0.516768, 258.384, 1, 1, 9999, 9999, 9999, 9999, 9999, 9999, 9999, 9999, 258.384, 0, 0, 0, 0, 8000, 0, 0, 0, 0
80, 1800.00000, 0.684096, 342.048, 1, 1, 9999, 9999, 9999, 9999, 9999, 9999, 9999, 9999, 342.048, 0, 0, 0, 0, 8000, 0, 0, 0, 0
80, 2700.00000, 0.716329, 358.164, 1, 1, 9999, 9999, 9999, 9999, 9999, 9999, 9999, 9999, 358.164, 0, 0, 0, 0, 8000, 0, 0, 0, 0
81, 0.00000, 0.725187, 362.593, 1, 1, 9999, 9999, 9999, 9999, 9999, 9999, 9999, 9999, 362.593, 0, 0, 0, 0, 8000, 0, 0, 0, 0
81, 900.00000, 0.774835, 387.418, 1, 1, 9999, 9999, 9999, 9999, 9999, 9999, 9999, 9999, 387.418, 0, 0, 0, 0, 8000, 0, 0, 0, 0
81, 1800.00000, 0.783052, 391.526, 1, 1, 9999, 9999, 9999, 9999, 9999, 9999, 9999, 9999, 391.526, 0, 0, 0, 0, 8000, 0, 0, 0, 0
81, 2700.00000, 0.798533, 399.267, 1, 1, 9999, 9999, 9999, 9999, 9999, 9999, 9999, 9999, 399.267, 0, 0, 0, 0, 8000, 0, 0, 0, 0
82, 0.00000, 0.913013, 456.507, 1, 1, 9999, 9999, 9999, 9999, 9999, 9999, 9999, 9999, 456.507, 0, 0, 0, 0, 8000, 0, 0, 0, 0
82, 900.00000, 0.836584, 418.292, 1, 1, 9999, 9999, 9999, 9999, 9999, 9999, 9999, 9999, 418.292, 0, 0, 0, 0, 8000, 0, 0, 0, 0
82, 1800.00000, 0.864639, 432.319, 1, 1, 9999, 9999, 9999, 9999, 9999, 9999, 9999, 9999, 432.319, 0, 0, 0, 0, 8000, 0, 0, 0, 0
82, 2700.00000, 0.921507, 460.753, 1, 1, 9999, 9999, 9999, 9999, 9999, 9999, 9999, 9999, 460.753, 0, 0, 0, 0, 8000, 0, 0, 0, 0
83, 0.00000, 0.904767, 452.383, 1, 1, 9999, 9999, 9999, 9999, 9999, 9999, 9999, 9999, 452.383, 0, 0, 0, 0, 8000, 0, 0, 0, 0
83, 900.00000, 0.625212, 312.606, 1, 1, 9999, 9999, 9999, 9999, 9999, 9999, 9999, 9999, 312.606, 0, 0, 0, 0, 8000, 0, 0, 0, 0
83, 1800.00000, 0.538266, 269.133, 1, 1, 9999, 9999, 9999, 9999, 9999, 9999, 9999, 9999, 269.133, 0, 0, 0, 0, 8000, 0, 0, 0, 0
83, 2700.00000, 0.839453, 419.727, 1, 1, 9999, 9999, 9999, 9999, 9999, 9999, 9999, 9999, 419.727, 0, 0, 0, 0, 8000, 0, 0, 0, 0
84, 0.00000, 0.748193, 374.097, 1, 1, 9999, 9999, 9999, 9999, 9999, 9999, 9999, 9999, 374.097, 0, 0, 0, 0, 8000, 0, 0, 0, 0
84, 900.00000, 0.527071, 263.536, 1, 1, 9999, 9999, 9999, 9999, 9999, 9999, 9999, 9999, 263.536, 0, 0, 0, 0, 8000, 0, 0, 0, 0
84, 1800.00000, 0.41578, 207.89, 1, 1, 9999, 9999, 9999, 9999, 9999, 9999, 9999, 9999, 207.89, 0, 0, 0, 0, 8000, 0, 0, 0, 0
84, 2700.00000, 0.243889, 121.945, 1, 1, 9999, 9999, 9999, 9999, 9999, 9999, 9999, 9999, 121.945, 0, 0, 0, 0, 8000, 0, 0, 0, 0
85, 0.00000, 0.156443, 78.2214, 1, 1, 9999, 9999, 9999, 9999, 9999, 9999, 9999, 9999, 78.2214, 0, 0, 0, 0, 8000, 0, 0, 0, 0
85, 900.00000, 0.125901, 62.9507, 1, 1, 9999, 9999, 9999, 9999, 9999, 9999, 9999, 9999, 62.9507, 0, 0, 0, 0, 8000, 0, 0, 0, 0
85, 1800.00000, 0.169983, 84.9913, 1, 1, 9999, 9999, 9999, 9999, 9999, 9999, 9999, 9999, 84.9913, 0, 0, 0, 0, 8000, 0, 0, 0, 0
85, 2700.00000, 0.0978165, 48.9082, 1, 1, 9999, 9999, 9999, 9999, 9999, 9999, 9999, 9999, 48.9082, 0, 0, 0, 0, 8000, 0, 0, 0, 0
86, 0.00000, 0.0608482, 30.4241, 1, 1, 9999, 9999, 9999, 9999, 9999, 9999, 9999, 9999, 30.4241, 0, 0, 0, 0, 8000, 0, 0, 0, 0
86, 900.00000, 0.0566667, 28.3333, 1, 1, 9999, 9999, 9999, 9999, 9999, 9999, 9999, 9999, 28.3333, 0, 0, 0, 0, 8000, 0, 0, 0, 0
86, 1800.00000, 0.0607977, 30.3988, 1, 1, 9999, 9999, 9999, 9999, 9999, 9999, 9999, 9999, 30.3988, 0, 0, 0, 0, 8000, 0, 0, 0, 0
86, 2700.00000, 0.103329, 51.6643, 1, 1, 9999, 9999, 9999, 9999, 9999, 9999, 9999, 9999, 51.6643, 0, 0, 0, 0, 8000, 0, 0, 0, 0
87, 0.00000, 0.0786263, 39.3131, 1, 1, 9999, 9999, 9999, 9999, 9999, 9999, 9999, 9999, 39.3131, 0, 0, 0, 0, 8000, 0, 0, 0, 0
87, 900.00000, 0.0968324, 48.4162, 1, 1, 9999, 9999, 9999, 9999, 9999, 9999, 9999, 9999, 48.4162, 0, 0, 0, 0, 8000, 0, 0, 0, 0
87, 1800.00000, 0.0806067, 40.3033, 1, 1, 9999, 9999, 9999, 9999, 9999, 9999, 9999, 9999, 40.3033, 0, 0, 0, 0, 8000, 0, 0, 0, 0
87, 2700.00000, 0.0788889, 39.4444, 1, 1, 9999, 9999, 9999, 9999, 9999, 9999, 9999, 9999, 39.4444, 0, 0, 0, 0, 8000, 0, 0, 0, 0
88, 0.00000, 0.0535733, 26.7867, 1, 1, 9999, 9999, 9999, 9999, 9999, 9999, 9999, 9999, 26.7867, 0, 0, 0, 0, 8000, 0, 0, 0, 0
88, 900.00000, 0.0583045, 29.1522, 1, 1, 9999, 9999, 9999, 9999, 9999, 9999, 9999, 9999, 29.1522, 0, 0, 0, 0, 8000, 0, 0, 0, 0
88, 1800.00000, 0.0746921, 37.3461, 1, 1, 9999, 9999, 9999, 9999, 9999, 9999, 9999, 9999, 37.3461, 0, 0, 0, 0, 8000, 0, 0, 0, 0
88, 2700.00000, 0.05604, 28.02, 1, 1, 9999, 9999, 9999, 9999, 9999, 9999, 9999, 9999, 28.02, 0, 0, 0, 0, 8000, 0, 0, 0, 0
89, 0.00000, 0.05958, 29.79, 1, 1, 9999, 9999, 9999, 9999, 9999, 9999, 9999, 9999, 29.79, 0, 0, 0, 0, 8000, 0, 0, 0, 0
89, 900.00000, 0.0468376, 23.4188, 1, 1, 9999, 9999, 9999, 9999, 9999, 9999, 9999, 9999, 23.4188, 0, 0, 0, 0, 8000, 0, 0, 0, 0
89, 1800.00000, 0.0465267, 23.2633, 1, 1, 9999, 9999, 9999, 9999, 9999, 9999, 9999, 9999, 23.2633, 0, 0, 0, 0, 8000, 0, 0, 0, 0
89, 2700.00000, 0.0327806, 16.3903, 1, 1, 9999, 9999, 9999, 9999, 9999, 9999, 9999, 9999, 16.3903, 0, 0, 0, 0, 8000, 0, 0, 0, 0
90, 0.00000, 0.0236846, 11.8423, 1, 1, 9999, 9999, 9999, 9999, 9999, 9999, 9999, 9999, 11.8423, 0, 0, 0, 0, 8000, 0, 0, 0, 0
90, 900.00000, 0.0203867, 10.1933, 1, 1, 9999, 9999, 9999, 9999, 9999, 9999, 9999, 9999, 10.1933, 0, 0, 0, 0, 8000, 0, 0, 0, 0
90, 1800.00000, 0.0168733, 8.43667, 1, 1, 9999, 9999, 9999, 9999, 9999, 9999, 9999, 9999, 8.43667, 0, 0, 0, 0, 8000, 0, 0, 0, 0
90, 2700.00000, 0.0113813, 5.69067, 1, 1, 9999, 9999, 9999, 9999, 9999, 9999, 9999, 9999, 5.69067, 0, 0, 0, 0, 8000, 0, 0, 0, 0
91, 0.00000, 0.00523733, 2.61867, 1, 1, 9999, 9999, 9999, 9999, 9999, 9999, 9999, 9999, 2.61867, 0, 0, 0, 0, 8000, 0, 0, 0, 0
91, 900.00000, 0.00250667, 1.25333, 1, 1, 9999, 9999, 9999, 9999, 9999, 9999, 9999, 9999, 1.25333, 0, 0, 0, 0, 8000, 0, 0, 0, 0
91, 1800.00000, 0.00166667, 0.833333, 1, 1, 9999, 9999, 9999, 9999, 9999, 9999, 9999, 9999, 0.833333, 0, 0, 0, 0, 8000, 0, 0, 0, 0
91, 2700.00000, 0, 0, 1, 1, 9999, 9999, 9999, 9999, 9999, 9999, 9999, 9999, 0, 0, 0, 0, 0, 8000, 0, 0, 0, 0
92, 0.00000, 0, 0, 1, 1, 9999, 9999, 9999, 9999, 9999, 9999, 9999, 9999, 0, 0, 0, 0, 0, 8000, 0, 0, 0, 0
92, 900.00000, 0, 0, 1, 1, 9999, 9999, 9999, 9999, 9999, 9999, 9999, 9999, 0, 0, 0, 0, 0, 8000, 0, 0, 0, 0
92, 1800.00000, 0, 0, 1, 1, 9999, 9999, 9999, 9999, 9999, 9999, 9999, 9999, 0, 0, 0, 0, 0, 8000, 0, 0, 0, 0
92, 2700.00000, 0, 0, 1, 1, 9999, 9999, 9999, 9999, 9999, 9999, 9999, 9999, 0, 0, 0, 0, 0, 8000, 0, 0, 0, 0
93, 0.00000, 0, 0, 1, 1, 9999, 9999, 9999, 9999, 9999, 9999, 9999, 9999, 0, 0, 0, 0, 0, 8000, 0, 0, 0, 0
93, 900.00000, 0, 0, 1, 1, 9999, 9999, 9999, 9999, 9999, 9999, 9999, 9999, 0, 0, 0, 0, 0, 8000, 0, 0, 0, 0
93, 1800.00000, 0, 0, 1, 1, 9999, 9999, 9999, 9999, 9999, 9999, 9999, 9999, 0, 0, 0, 0, 0, 8000, 0, 0, 0, 0
93, 2700.00000, 0, 0, 1, 1, 9999, 9999, 9999, 9999, 9999, 9999, 9999, 9999, 0, 0, 0, 0, 0, 8000, 0, 0, 0, 0
94, 0.00000, 0, 0, 1, 1, 9999, 9999, 9999, 9999, 9999, 9999, 9999, 9999, 0, 0, 0, 0, 0, 8000, 0, 0, 0, 0
94, 900.00000, 0, 0, 1, 1, 9999, 9999, 9999, 9999, 9999, 9999, 9999, 9999, 0, 0, 0, 0, 0, 8000, 0, 0, 0, 0
94, 1800.00000, 0, 0, 1, 1, 9999, 9999, 9999, 9999, 9999, 9999, 9999, 9999, 0, 0, 0, 0, 0, 8000, 0, 0, 0, 0
94, 2700.00000, 0, 0, 1, 1, 9999, 9999, 9999, 9999, 9999, 9999, 9999, 9999, 0, 0, 0, 0, 0, 8000, 0, 0, 0, 0
95, 0.00000, 0, 0, 1, 1, 9999, 9999, 9999, 9999, 9999, 9999, 9999, 9999, 0, 0, 0, 0, 0, 8000, 0, 0, 0, 0
95, 900.00000, 0, 0, 1, 1, 9999, 9999, 9999, 9999, 9999, 9999, 9999, 9999, 0, 0, 0, 0, 0, 8000, 0, 0, 0, 0
95, 1800.00000, 0, 0, 1, 1, 9999, 9999, 9999, 9999, 9999, 9999, 9999, 9999, 0, 0, 0, 0, 0, 8000, 0, 0, 0, 0
95, 2700.00000, 0, 0, 1, 1, 9999, 9999, 9999, 9999, 9999, 9999, 9999, 9999, 0, 0, 0, 0, 0, 8000, 0, 0, 0, 0
96, 0.00000, 0, 0, 1, 1, 9999, 9999, 9999, 9999, 9999, 9999, 9999, 9999, 0, 0, 0, 0, 0, 8000, 0, 0, 0, 0
