hour, t(sec), V1, VAngle1, V2, VAngle2, V3, VAngle3, V4, VAngle4, I1, IAngle1, I2, IAngle2, I3, IAngle3, I4, IAngle4
0, 900.00000, 2362.62, -2.65257, 2430.22, -120.689, 2315.98, 117.338, 0, 0, 0, 0, 0, 0, 0, 0, 0, 0
0, 1800.00000, 2368.74, -2.49454, 2429.51, -120.644, 2323.31, 117.414, 0, 0, 0, 0, 0, 0, 0, 0, 0, 0
0, 2700.00000, 2376.03, -2.32578, 2432.86, -120.526, 2334.98, 117.597, 0, 0, 0, 0, 0, 0, 0, 0, 0, 0
1, 0.00000, 2381.04, -2.2219, 2434.76, -120.45, 2341.09, 117.689, 0, 0, 0, 0, 0, 0, 0, 0, 0, 0
1, 900.00000, 2387.96, -2.07479, 2436.06, -120.356, 2347.77, 117.774, 0, 0, 0, 0, 0, 0, 0, 0, 0, 0
1, 1800.00000, 2388.39, -2.04911, 2435.85, -120.355, 2349.55, 117.795, 0, 0, 0, 0, 0, 0, 0, 0, 0, 0
1, 2700.00000, 2391.18, -2.03222, 2435.22, -120.311, 2347.28, 117.764, 0, 0, 0, 0, 0, 0, 0, 0, 0, 0
2, 0.00000, 2394.09, -1.9989, 2435.56, -120.26, 2346.88, 117.756, 0, 0, 0, 0, 0, 0, 0, 0, 0, 0
2, 900.00000, 2397.24, -1.90613, 2435.63, -120.235, 2351.88, 117.812, 0, 0, 0, 0, 0, 0, 0, 0, 0, 0
2, 1800.00000, 2400.47, -1.83112, 2436.87, -120.189, 2356.31, 117.872, 0, 0, 0, 0, 0, 0, 0, 0, 0, 0
2, 2700.00000, 2403.05, -1.72665, 2436.03, -120.192, 2363.22, 117.947, 0, 0, 0, 0, 0, 0, 0, 0, 0, 0
3, 0.00000, 2405.1, -1.64988, 2434.99, -120.194, 2367.28, 117.978, 0, 0, 0, 0, 0, 0, 0, 0, 0, 0
3, 900.00000, 2409.73, -1.46952, 2436.36, -120.165, 2381.38, 118.156, 0, 0, 0, 0, 0, 0, 0, 0, 0, 0
3, 1800.00000, 2412.23, -1.35268, 2435.69, -120.169, 2388.93, 118.246, 0, 0, 1.07438, 178.647, 1.08482, 59.8315, 1.06398, -61.7553, 0.0363149, -45.6243
3, 2700.00000, 2412.34, -1.23495, 2435.4, -120.198, 2397.47, 118.36, 0, 0, 3.41255, 178.765, 3.44511, 59.8027, 3.39142, -61.641, 0.0953121, -44.4585
4, 0.00000, 2414.32, -1.15548, 2436.34, -120.139, 2401.13, 118.449, 0, 0, 7.49145, 178.839, 7.55985, 59.8621, 7.44979, -61.5569, 0.20166, -43.6102
4, 900.00000, 2419.6, -0.977821, 2437.6, -120.029, 2409.74, 118.61, 0, 0, 13.0535, 179.022, 13.1504, 59.9715, 13, -61.3907, 0.314107, -38.4827
4, 1800.00000, 2423.62, -0.841006, 2440.1, -119.952, 2418.79, 118.779, 0, 0, 15.9145, 179.159, 16.0224, 60.0482, 15.8824, -61.2225, 0.331079, -36.1563
4, 2700.00000, 2429.59, -0.505994, 2436.04, -119.927, 2435.71, 118.996, 0, 0, 23.496, 179.494, 23.5573, 60.0749, 23.5539, -61.0064, 0.327083, -3.91412
5, 0.00000, 2437.21, -0.236163, 2432.36, -119.865, 2445.75, 119.102, 0, 0, 28.6604, 179.763, 28.6026, 60.136, 28.7596, -60.9, 0.477776, 25.5951
5, 900.00000, 2441.91, -0.0409058, 2418.8, -120.052, 2449.25, 118.915, 0, 0, 23.7175, 179.958, 23.4925, 59.9496, 23.7875, -61.085, 0.651816, 46.124
5, 1800.00000, 2443.63, -0.000946983, 2416.94, -120.069, 2450.29, 118.886, 0, 0, 22.204, 179.995, 21.9625, 59.9328, 22.2634, -61.1128, 0.657693, 47.3768
5, 2700.00000, 2443.83, 0.0478996, 2416.15, -120.045, 2451.22, 118.923, 0, 0, 27.1837, -179.954, 26.8753, 59.9553, 27.2649, -61.0799, 0.825895, 48.9044
6, 0.00000, 2438.65, -0.094451, 2414.24, -120.176, 2446.03, 118.782, 0, 0, 20.5602, 179.906, 20.3547, 59.8231, 20.6227, -61.2174, 0.597562, 48.1208
6, 900.00000, 2432.05, -0.305363, 2414.47, -120.309, 2438.76, 118.64, 0, 0, 11.8808, 179.695, 11.7952, 59.6898, 11.9139, -61.3586, 0.302136, 44.0428
6, 1800.00000, 2429.81, -0.402968, 2414.96, -120.378, 2436.73, 118.58, 0, 0, 5.76029, 179.603, 5.72503, 59.6202, 5.77709, -61.4163, 0.13792, 43.0239
6, 2700.00000, 2425.71, -0.476032, 2414.54, -120.431, 2434.08, 118.555, 0, 0, 6.24441, 179.531, 6.21516, 59.5687, 6.26623, -61.4427, 0.137653, 42.9829
7, 0.00000, 2422.41, -0.52711, 2416.21, -120.39, 2430.64, 118.603, 0, 0, 13.0726, 179.473, 13.0392, 59.6098, 13.1172, -61.3967, 0.245894, 37.1683
7, 900.00000, 2417.11, -0.704086, 2423.13, -120.282, 2422.18, 118.602, 0, 0, 18.0505, 179.297, 18.0958, 59.7166, 18.089, -61.3968, 0.265936, 7.19935
7, 1800.00000, 2417.31, -0.738279, 2424.7, -120.271, 2421.35, 118.602, 0, 0, 16.475, 179.263, 16.5256, 59.7277, 16.5035, -61.3968, 0.242077, 1.27247
7, 2700.00000, 2418.69, -0.706954, 2428.44, -120.123, 2419.06, 118.69, 0, 0, 25.7155, 179.293, 25.8194, 59.877, 25.7197, -61.3099, 0.417813, -12.1106
8, 0.00000, 2414.33, -0.729044, 2428.99, -120.089, 2416.7, 118.796, 0, 0, 36.2883, 179.272, 36.5085, 59.911, 36.3246, -61.2037, 0.531134, -24.1704
8, 900.00000, 2401.41, -1.14168, 2425.71, -120.441, 2402.21, 118.429, 0, 0, 15.2279, 178.859, 15.3823, 59.5581, 15.2336, -61.5692, 0.245594, -43.3398
8, 1800.00000, 2406.74, -0.78053, 2428.96, -119.925, 2404.6, 118.926, 0, 0, 65.2162, 179.22, 65.8177, 60.0756, 65.1586, -61.0745, 1.2467, -46.3144
8, 2700.00000, 2408.74, -0.4209, 2432.46, -119.377, 2404.76, 119.462, 0, 0, 122.727, 179.58, 123.935, 60.6229, 122.529, -60.5373, 2.76826, -53.163
9, 0.00000, 2396.57, -0.891788, 2429.52, -119.797, 2391.63, 119.03, 0, 0, 91.3862, 179.109, 92.6459, 60.2011, 91.2025, -60.9673, 2.33518, -62.6514
9, 900.00000, 2378.94, -1.54209, 2423.17, -120.358, 2367, 118.317, 0, 0, 51.8961, 178.459, 52.863, 59.6394, 51.6398, -61.6793, 1.68448, -66.9316
9, 1800.00000, 2383.43, -1.4447, 2414.91, -120.456, 2362.48, 118.041, 0, 0, 45.3106, 178.554, 45.9096, 59.5445, 44.9118, -61.9582, 1.41298, -49.7884
9, 2700.00000, 2380.71, -1.60637, 2413.8, -120.557, 2352.62, 117.772, 0, 0, 34.0138, 178.394, 34.4873, 59.4426, 33.6137, -62.2261, 1.21409, -48.5516
10, 0.00000, 2381.34, -1.36674, 2422.57, -120.005, 2356.37, 118.434, 0, 0, 87.4943, 178.634, 89.0099, 59.9941, 86.5807, -61.5661, 3.48958, -60.2498
10, 900.00000, 2347.47, -2.40079, 2431.44, -120.667, 2337.63, 118.12, 0, 0, 42.7542, 177.599, 44.2836, 59.3325, 42.5755, -61.8795, 2.33193, -88.4614
10, 1800.00000, 2336.5, -2.72725, 2431.81, -120.927, 2330.6, 117.942, 0, 0, 26.4342, 177.275, 27.5117, 59.0726, 26.3679, -62.0578, 1.56564, -93.3266
10, 2700.00000, 2327.62, -2.93317, 2433.29, -120.991, 2322.75, 117.914, 0, 0, 28.4472, 177.068, 29.738, 59.0086, 28.3885, -62.0853, 1.87226, -95.9065
11, 0.00000, 2328.24, -2.87671, 2435.17, -120.816, 2321.37, 118.072, 0, 0, 44.753, 177.126, 46.8104, 59.181, 44.6274, -61.9269, 3.08034, -95.3487
11, 900.00000, 2326.41, -2.86772, 2435.33, -120.705, 2316.81, 118.15, 0, 0, 59.1888, 177.133, 61.9607, 59.2948, 58.9461, -61.8494, 4.2748, -94.4823
11, 1800.00000, 2337.67, -2.41082, 2436.75, -120.113, 2320.67, 118.628, 0, 0, 110.384, 177.586, 115.07, 59.8885, 109.581, -61.3707, 8.00797, -89.6272
11, 2700.00000, 2333.77, -2.39104, 2431.62, -120.121, 2315.63, 118.603, 0, 0, 121.793, 177.61, 126.898, 59.8787, 120.848, -61.3963, 8.74389, -89.0187
12, 0.00000, 2340.62, -2.19048, 2433.97, -119.84, 2318.69, 118.805, 0, 0, 140.165, 177.807, 145.761, 60.161, 138.85, -61.1951, 10.1511, -86.4115
12, 900.00000, 2322.48, -2.85719, 2431.73, -120.556, 2307.59, 118.216, 0, 0, 83.7467, 177.147, 87.68, 59.4427, 83.2128, -61.7836, 6.35257, -92.4978
12, 1800.00000, 2310.61, -3.32289, 2425.07, -121.187, 2298.12, 117.604, 0, 0, 34.0224, 176.68, 35.7062, 58.8129, 33.8391, -62.3953, 2.53763, -94.6242
12, 2700.00000, 2308.95, -3.57252, 2423.07, -121.372, 2287.93, 117.193, 0, 0, 10.0727, 176.428, 10.5706, 58.6274, 9.98144, -62.8053, 0.77467, -90.8583
13, 0.00000, 2309.26, -3.55449, 2425.35, -121.302, 2289.4, 117.286, 0, 0, 14.7829, 176.446, 15.5255, 58.6975, 14.6549, -62.7166, 1.15772, -91.4671
13, 900.00000, 2339.41, -2.37381, 2434.13, -119.806, 2307.4, 118.591, 0, 0, 136.599, 177.626, 142.129, 60.1951, 134.726, -61.4092, 10.7766, -82.73
13, 1800.00000, 2335.9, -2.57056, 2434.78, -120.025, 2304.4, 118.381, 0, 0, 114.723, 177.43, 119.578, 59.974, 113.178, -61.6192, 9.151, -83.8857
13, 2700.00000, 2331.45, -2.73683, 2434.64, -120.25, 2303.44, 118.207, 0, 0, 94.9073, 177.265, 99.1052, 59.7492, 93.767, -61.7937, 7.52726, -85.7901
14, 0.00000, 2342.4, -2.32779, 2437.56, -119.757, 2310.96, 118.636, 0, 0, 133.237, 177.669, 138.656, 60.2451, 131.444, -61.3646, 10.5105, -82.7812
14, 900.00000, 2330.74, -2.84903, 2437, -120.297, 2301.82, 118.144, 0, 0, 85.7294, 177.154, 89.6346, 59.7019, 84.6691, -61.8547, 7.0064, -86.2037
14, 1800.00000, 2325.76, -3.09026, 2434.26, -120.614, 2295.87, 117.814, 0, 0, 59.0634, 176.911, 61.8183, 59.386, 58.3057, -62.1853, 4.82442, -86.5506
14, 2700.00000, 2319.22, -3.35743, 2431.1, -121.022, 2292.6, 117.463, 0, 0, 25.8856, 176.644, 27.1335, 58.9784, 25.5885, -62.5367, 2.064, -88.4255
15, 0.00000, 2317.93, -3.5069, 2428.67, -121.252, 2291.87, 117.313, 0, 0, 6.92458, 176.491, 7.25509, 58.7498, 6.84644, -62.6883, 0.543033, -89.3168
15, 900.00000, 2334.88, -2.99546, 2431.18, -120.578, 2297.81, 117.796, 0, 0, 57.4644, 177.001, 59.8387, 59.4225, 56.5514, -62.2034, 4.5349, -82.7329
15, 1800.00000, 2333.05, -3.05568, 2431.75, -120.673, 2299, 117.748, 0, 0, 48.5164, 176.945, 50.568, 59.3268, 47.8079, -62.2526, 3.78886, -84.0529
15, 2700.00000, 2331.26, -3.1841, 2430.39, -120.844, 2296.04, 117.536, 0, 0, 31.3285, 176.816, 32.6607, 59.1555, 30.8556, -62.4632, 2.43607, -83.6448
16, 0.00000, 2331.54, -3.24729, 2429.78, -120.962, 2296.09, 117.413, 0, 0, 18.036, 176.75, 18.7964, 59.038, 17.7615, -62.5868, 1.38276, -83.383
16, 900.00000, 2328.75, -3.35537, 2428.27, -121.127, 2295.31, 117.305, 0, 0, 5.76138, 176.645, 6.00753, 58.8735, 5.67865, -62.6952, 0.43578, -84.5873
16, 1800.00000, 2335.75, -3.09364, 2428.77, -120.851, 2299.85, 117.527, 0, 0, 27.7745, 176.905, 28.8812, 59.1489, 27.3472, -62.4736, 2.06247, -82.0633
16, 2700.00000, 2342.28, -2.86115, 2427.23, -120.671, 2303.7, 117.646, 0, 0, 41.994, 177.138, 43.5175, 59.3291, 41.3014, -62.3549, 2.99701, -78.8513
17, 0.00000, 2331.83, -3.23748, 2423.89, -121.123, 2296.5, 117.263, 0, 0, 7.9693, 176.764, 8.2837, 58.8764, 7.84873, -62.7359, 0.569903, -81.99
17, 900.00000, 2320.88, -3.40388, 2411.9, -121.43, 2285.59, 116.991, 0, 0, 4.86988, 176.598, 5.06076, 58.5695, 4.79601, -63.0071, 0.336733, -82.2367
17, 1800.00000, 2311.79, -3.47162, 2403.39, -121.568, 2278.3, 116.912, 0, 0, 14.4417, 176.53, 15.0134, 58.4321, 14.2322, -63.0879, 0.98159, -83.3454
17, 2700.00000, 2294.86, -3.62838, 2390.02, -121.915, 2265.85, 116.607, 0, 0, 15.9225, 176.375, 16.5814, 58.0866, 15.7206, -63.3936, 1.02958, -85.2895
18, 0.00000, 2290.82, -3.66761, 2387.77, -121.959, 2261.85, 116.548, 0, 0, 18.3524, 176.333, 19.1288, 58.0412, 18.1201, -63.4521, 1.19714, -85.6383
18, 900.00000, 2287.99, -3.69832, 2385.61, -121.974, 2258.62, 116.556, 0, 0, 23.5585, 176.302, 24.5634, 58.026, 23.2559, -63.4443, 1.55746, -86.1229
18, 1800.00000, 2285.75, -3.8242, 2383.76, -122.113, 2254.24, 116.398, 0, 0, 11.8988, 176.176, 12.4091, 57.8869, 11.7348, -63.6016, 0.795129, -85.796
18, 2700.00000, 2275.37, -4.01054, 2381.34, -122.283, 2248.79, 116.37, 0, 0, 10.4651, 175.989, 10.9527, 57.7176, 10.3428, -63.6294, 0.725072, -90.3401
19, 0.00000, 2269.44, -4.16362, 2380.17, -122.388, 2242.35, 116.288, 0, 0, 7.21199, 175.836, 7.56397, 57.6128, 7.12593, -63.7113, 0.522283, -91.6053
19, 900.00000, 2242.6, -4.97538, 2389.32, -122.595, 2217.17, 116.258, 0, 0, 3.10256, 175.027, 3.30579, 57.4056, 3.06759, -63.7401, 0.306747, -98.8414
19, 1800.00000, 2235.79, -5.26429, 2398.05, -122.583, 2207.82, 116.263, 0, 0, 0.584597, 174.737, 0.627041, 57.4162, 0.577306, -63.7356, 0.0652073, -99.7261
19, 2700.00000, 2229.14, -5.39748, 2404.66, -122.564, 2202.78, 116.204, 0, 0, 0.266129, 174.603, 0.287084, 57.4356, 0.262986, -63.7954, 0.0315424, -100.414
20, 0.00000, 2228.41, -5.43542, 2405.18, -122.543, 2198.5, 116.12, 0, 0, 0, 0, 0, 0, 0, 0, 0, 0
20, 900.00000, 2227.23, -5.48699, 2401.09, -122.572, 2189.34, 115.94, 0, 0, 0, 0, 0, 0, 0, 0, 0, 0
20, 1800.00000, 2230, -5.42554, 2399.87, -122.555, 2190.32, 115.919, 0, 0, 0, 0, 0, 0, 0, 0, 0, 0
20, 2700.00000, 2234.72, -5.36507, 2402.86, -122.456, 2193.15, 115.972, 0, 0, 0, 0, 0, 0, 0, 0, 0, 0
21, 0.00000, 2238.23, -5.28447, 2402.69, -122.417, 2196.51, 115.994, 0, 0, 0, 0, 0, 0, 0, 0, 0, 0
21, 900.00000, 2244.57, -5.15212, 2405.13, -122.323, 2203.12, 116.078, 0, 0, 0, 0, 0, 0, 0, 0, 0, 0
21, 1800.00000, 2245.74, -5.12146, 2407.13, -122.285, 2205.96, 116.127, 0, 0, 0, 0, 0, 0, 0, 0, 0, 0
21, 2700.00000, 2255.03, -4.96518, 2411.6, -122.112, 2212.63, 116.217, 0, 0, 0, 0, 0, 0, 0, 0, 0, 0
22, 0.00000, 2257.05, -4.94211, 2413.09, -122.069, 2214.18, 116.248, 0, 0, 0, 0, 0, 0, 0, 0, 0, 0
22, 900.00000, 2268.12, -4.77522, 2416.8, -121.872, 2218.54, 116.286, 0, 0, 0, 0, 0, 0, 0, 0, 0, 0
22, 1800.00000, 2274.75, -4.64215, 2417.37, -121.779, 2222.39, 116.306, 0, 0, 0, 0, 0, 0, 0, 0, 0, 0
22, 2700.00000, 2288.55, -4.37637, 2422.64, -121.551, 2234.88, 116.467, 0, 0, 0, 0, 0, 0, 0, 0, 0, 0
23, 0.00000, 2295.62, -4.22401, 2425.28, -121.44, 2242.99, 116.573, 0, 0, 0, 0, 0, 0, 0, 0, 0, 0
23, 900.00000, 2310.04, -3.95449, 2431.49, -121.201, 2257.8, 116.794, 0, 0, 0, 0, 0, 0, 0, 0, 0, 0
23, 1800.00000, 2318.19, -3.75718, 2433, -121.108, 2268.58, 116.93, 0, 0, 0, 0, 0, 0, 0, 0, 0, 0
23, 2700.00000, 2332.81, -3.43827, 2435.48, -120.925, 2283.13, 117.099, 0, 0, 0, 0, 0, 0, 0, 0, 0, 0
24, 0.00000, 2442.28, -0.204888, 2428.15, -119.892, 2432.26, 118.202, 0, 0, 0, 0, 0, 0, 0, 0, 0, 0
24, 900.00000, 2362.62, -2.65256, 2430.22, -120.689, 2315.99, 117.338, 0, 0, 0, 0, 0, 0, 0, 0, 0, 0
24, 1800.00000, 2368.74, -2.49454, 2429.51, -120.644, 2323.31, 117.414, 0, 0, 0, 0, 0, 0, 0, 0, 0, 0
24, 2700.00000, 2376.03, -2.32578, 2432.86, -120.526, 2334.98, 117.597, 0, 0, 0, 0, 0, 0, 0, 0, 0, 0
25, 0.00000, 2381.04, -2.2219, 2434.76, -120.45, 2341.09, 117.689, 0, 0, 0, 0, 0, 0, 0, 0, 0, 0
25, 900.00000, 2387.96, -2.07479, 2436.06, -120.356, 2347.77, 117.774, 0, 0, 0, 0, 0, 0, 0, 0, 0, 0
25, 1800.00000, 2388.39, -2.04911, 2435.85, -120.355, 2349.55, 117.795, 0, 0, 0, 0, 0, 0, 0, 0, 0, 0
25, 2700.00000, 2391.18, -2.03222, 2435.22, -120.311, 2347.28, 117.764, 0, 0, 0, 0, 0, 0, 0, 0, 0, 0
26, 0.00000, 2394.09, -1.9989, 2435.56, -120.26, 2346.88, 117.756, 0, 0, 0, 0, 0, 0, 0, 0, 0, 0
26, 900.00000, 2397.24, -1.90613, 2435.63, -120.235, 2351.88, 117.812, 0, 0, 0, 0, 0, 0, 0, 0, 0, 0
26, 1800.00000, 2400.47, -1.83112, 2436.87, -120.189, 2356.31, 117.872, 0, 0, 0, 0, 0, 0, 0, 0, 0, 0
26, 2700.00000, 2403.05, -1.72665, 2436.03, -120.192, 2363.22, 117.947, 0, 0, 0, 0, 0, 0, 0, 0, 0, 0
27, 0.00000, 2405.1, -1.64988, 2434.99, -120.194, 2367.28, 117.978, 0, 0, 0, 0, 0, 0, 0, 0, 0, 0
27, 900.00000, 2409.84, -1.46445, 2436.39, -120.159, 2381.47, 118.161, 0, 0, 0.490258, 178.535, 0.49565, 59.8416, 0.484462, -61.8409, 0.0187208, -48.2798
27, 1800.00000, 2412.29, -1.34971, 2435.7, -120.166, 2388.99, 118.249, 0, 0, 1.36241, 178.65, 1.37562, 59.8348, 1.34921, -61.7521, 0.0460533, -45.5926
27, 2700.00000, 2412.36, -1.23405, 2435.4, -120.197, 2397.48, 118.361, 0, 0, 3.49991, 178.766, 3.53328, 59.8037, 3.47823, -61.64, 0.0977538, -44.4478
28, 0.00000, 2414.3, -1.1564, 2436.34, -120.14, 2401.12, 118.448, 0, 0, 7.40202, 178.839, 7.46964, 59.861, 7.36087, -61.5578, 0.199229, -43.6209
28, 900.00000, 2419.09, -1.00235, 2437.47, -120.056, 2409.3, 118.584, 0, 0, 10.6745, 178.997, 10.7555, 59.9447, 10.6311, -61.417, 0.256538, -38.8078
28, 1800.00000, 2422.02, -0.917901, 2439.7, -120.036, 2417.42, 118.696, 0, 0, 8.44445, 179.082, 8.50595, 59.9646, 8.42821, -61.3054, 0.174827, -37.2789
28, 2700.00000, 2427.48, -0.61092, 2435.48, -120.039, 2433.83, 118.882, 0, 0, 13.2963, 179.389, 13.3396, 59.9621, 13.3303, -61.1206, 0.180795, -5.50756
29, 0.00000, 2435.49, -0.323924, 2431.9, -119.958, 2444.16, 119.006, 0, 0, 20.1448, 179.675, 20.1145, 60.043, 20.2157, -60.996, 0.328993, 24.9783
29, 900.00000, 2442.23, -0.0239589, 2418.89, -120.034, 2449.56, 118.934, 0, 0, 25.3513, 179.975, 25.1083, 59.9673, 25.4259, -61.067, 0.6988, 46.1549
29, 1800.00000, 2444.32, 0.036098, 2417.13, -120.031, 2450.98, 118.927, 0, 0, 25.7796, -179.97, 25.4938, 59.9713, 25.8481, -61.0737, 0.767546, 47.4176
29, 2700.00000, 2444.82, 0.100671, 2416.43, -119.991, 2452.2, 118.98, 0, 0, 32.2745, -179.902, 31.8989, 60.0097, 32.3705, -61.0233, 0.98738, 49.0074
30, 0.00000, 2440.53, 0.00715513, 2414.79, -120.072, 2447.93, 118.893, 0, 0, 30.3355, -179.985, 30.0148, 59.9262, 30.4304, -61.0991, 0.894609, 48.9282
30, 900.00000, 2436.19, -0.0882669, 2415.67, -120.084, 2442.81, 118.878, 0, 0, 32.8657, 179.912, 32.5894, 59.9154, 32.9558, -61.1209, 0.86328, 44.7705
30, 1800.00000, 2434.45, -0.161676, 2416.31, -120.127, 2441.23, 118.845, 0, 0, 29.1067, 179.843, 28.8895, 59.8717, 29.1897, -61.1528, 0.724225, 43.8187
30, 2700.00000, 2431.3, -0.186548, 2416.17, -120.128, 2439.47, 118.873, 0, 0, 34.2671, 179.819, 34.0508, 59.8717, 34.3833, -61.1278, 0.79491, 43.8422
31, 0.00000, 2426.51, -0.317577, 2417.4, -120.169, 2434.52, 118.833, 0, 0, 33.3827, 179.683, 33.2579, 59.8302, 33.4937, -61.166, 0.654217, 38.1006
31, 900.00000, 2417.33, -0.692743, 2423.19, -120.27, 2422.39, 118.615, 0, 0, 19.1551, 179.308, 19.2022, 59.7284, 19.1961, -61.3836, 0.282416, 7.32581
31, 1800.00000, 2417.55, -0.7266, 2424.77, -120.258, 2421.56, 118.615, 0, 0, 17.609, 179.275, 17.6619, 59.7402, 17.6393, -61.3841, 0.259385, 1.42195
31, 2700.00000, 2418.42, -0.719903, 2428.37, -120.137, 2418.82, 118.676, 0, 0, 24.4594, 179.28, 24.5603, 59.863, 24.4638, -61.3239, 0.396517, -12.2999
32, 0.00000, 2410.29, -0.924965, 2427.89, -120.301, 2413.15, 118.582, 0, 0, 17.242, 179.076, 17.3679, 59.6987, 17.2628, -61.4172, 0.245982, -27.7025
32, 900.00000, 2401.71, -1.12768, 2425.79, -120.426, 2402.47, 118.444, 0, 0, 16.5882, 178.873, 16.7547, 59.5737, 16.5939, -61.5545, 0.267989, -43.0452
32, 1800.00000, 2398.49, -1.17228, 2426.82, -120.352, 2397.57, 118.5, 0, 0, 27.1732, 178.828, 27.4943, 59.6472, 27.1634, -61.4989, 0.515376, -52.7037
32, 2700.00000, 2388.37, -1.38211, 2427.47, -120.43, 2387.81, 118.422, 0, 0, 29.4787, 178.619, 29.9614, 59.5691, 29.4729, -61.5767, 0.678624, -66.906
33, 0.00000, 2381.57, -1.58447, 2425.71, -120.564, 2379.31, 118.28, 0, 0, 24.0653, 178.416, 24.5115, 59.4359, 24.0431, -61.7188, 0.630534, -71.4714
33, 900.00000, 2371.73, -1.86544, 2421.31, -120.72, 2361.15, 117.968, 0, 0, 20.4956, 178.136, 20.9244, 59.2789, 20.4054, -62.029, 0.671744, -70.4569
33, 1800.00000, 2378.48, -1.67102, 2413.66, -120.705, 2358.32, 117.8, 0, 0, 23.4655, 178.328, 23.8129, 59.2956, 23.2663, -62.1997, 0.729931, -52.4157
33, 2700.00000, 2380.31, -1.62497, 2413.7, -120.577, 2352.28, 117.752, 0, 0, 32.2234, 178.375, 32.676, 59.4226, 31.8445, -62.2464, 1.15083, -48.7348
34, 0.00000, 2368.54, -1.93904, 2419.59, -120.641, 2346.08, 117.828, 0, 0, 32.2836, 178.063, 32.9791, 59.3576, 31.9789, -62.1713, 1.29716, -65.9939
34, 900.00000, 2344.95, -2.50523, 2430.79, -120.789, 2335.8, 118.007, 0, 0, 32.5206, 177.499, 33.7091, 59.2088, 32.3954, -61.9921, 1.77533, -89.3252
34, 1800.00000, 2338.87, -2.63012, 2432.44, -120.812, 2332.3, 118.047, 0, 0, 35.9642, 177.371, 37.4024, 59.1873, 35.8637, -61.9526, 2.12284, -92.5787
34, 2700.00000, 2329.62, -2.85269, 2433.82, -120.895, 2324.16, 118.001, 0, 0, 36.3507, 177.149, 37.9758, 59.1045, 36.2664, -61.9979, 2.38486, -95.319
35, 0.00000, 2331.27, -2.75513, 2435.94, -120.671, 2323.46, 118.203, 0, 0, 56.687, 177.246, 59.2381, 59.3253, 56.5064, -61.7961, 3.88724, -94.5007
35, 900.00000, 2324.72, -2.93463, 2434.91, -120.785, 2315.66, 118.078, 0, 0, 52.6312, 177.067, 55.1254, 59.2145, 52.4278, -61.9212, 3.8082, -94.9606
35, 1800.00000, 2319.17, -3.14766, 2432.41, -120.988, 2308.16, 117.844, 0, 0, 38.5083, 176.853, 40.388, 59.0118, 38.3263, -62.1545, 2.85943, -94.9316
35, 2700.00000, 2311.68, -3.27135, 2426.37, -121.164, 2300.55, 117.667, 0, 0, 36.0686, 176.73, 37.8573, 58.8353, 35.8956, -62.332, 2.67179, -95.3532
36, 0.00000, 2312.43, -3.31666, 2427.53, -121.171, 2299.48, 117.614, 0, 0, 30.6915, 176.681, 32.2209, 58.8274, 30.5219, -62.3833, 2.30837, -94.6381
36, 900.00000, 2311.95, -3.27059, 2429.15, -121.05, 2300.47, 117.775, 0, 0, 43.4025, 176.733, 45.6005, 58.9499, 43.1861, -62.2284, 3.34285, -95.3322
36, 1800.00000, 2310, -3.34659, 2424.91, -121.216, 2297.71, 117.578, 0, 0, 31.6825, 176.653, 33.2583, 58.787, 31.5142, -62.417, 2.36977, -94.8135
36, 2700.00000, 2312.51, -3.43491, 2423.99, -121.207, 2290.37, 117.339, 0, 0, 23.5096, 176.565, 24.6437, 58.793, 23.2855, -62.6591, 1.80217, -89.8708
37, 0.00000, 2312.19, -3.44115, 2426.1, -121.166, 2291.41, 117.407, 0, 0, 25.8329, 176.56, 27.104, 58.8336, 25.5993, -62.5963, 2.01531, -90.6507
37, 900.00000, 2309.54, -3.55218, 2427.67, -121.199, 2287.23, 117.364, 0, 0, 22.5614, 176.448, 23.7152, 58.8005, 22.3438, -62.6354, 1.8397, -91.1579
37, 1800.00000, 2317.92, -3.28151, 2430.94, -120.865, 2292.25, 117.641, 0, 0, 45.9527, 176.717, 48.1951, 59.1356, 45.4434, -62.3595, 3.74524, -88.9212
37, 2700.00000, 2325.82, -2.96057, 2433.45, -120.514, 2299.61, 117.974, 0, 0, 73.271, 177.038, 76.6632, 59.4868, 72.4432, -62.0273, 5.85931, -87.37
38, 0.00000, 2324, -3.06264, 2433.83, -120.621, 2298.55, 117.874, 0, 0, 62.197, 176.94, 65.1297, 59.3791, 61.5151, -62.1267, 4.99265, -87.9961
38, 900.00000, 2320.86, -3.23702, 2434.83, -120.758, 2295.18, 117.739, 0, 0, 48.0961, 176.764, 50.4574, 59.2419, 47.5647, -62.2607, 3.97735, -88.9077
38, 1800.00000, 2321.79, -3.24507, 2433.38, -120.798, 2293.21, 117.653, 0, 0, 44.059, 176.752, 46.1812, 59.2016, 43.5217, -62.3421, 3.6186, -87.7796
38, 2700.00000, 2323.25, -3.2005, 2432.07, -120.834, 2295.34, 117.629, 0, 0, 41.1774, 176.799, 43.1063, 59.1666, 40.6822, -62.3718, 3.273, -87.3083
39, 0.00000, 2345.21, -2.42455, 2434.79, -119.973, 2310.51, 118.444, 0, 0, 111.93, 177.57, 116.213, 60.0299, 110.266, -61.5571, 8.5565, -81.5444
39, 900.00000, 2330.9, -3.15232, 2430.29, -120.764, 2295.12, 117.633, 0, 0, 42.2383, 176.851, 44.0376, 59.2347, 41.5921, -62.3647, 3.3325, -83.8647
39, 1800.00000, 2327.74, -3.26501, 2430.52, -120.921, 2295.35, 117.529, 0, 0, 28.2073, 176.736, 29.4522, 59.079, 27.8147, -62.4712, 2.21371, -85.5545
39, 2700.00000, 2328.98, -3.27351, 2429.87, -120.95, 2294.48, 117.443, 0, 0, 22.6777, 176.723, 23.6623, 59.0491, 22.3435, -62.5535, 1.7691, -84.4038
40, 0.00000, 2329.54, -3.32617, 2429.3, -121.056, 2294.69, 117.331, 0, 0, 10.3748, 176.671, 10.8196, 58.9444, 10.2196, -62.6695, 0.796893, -83.9632
40, 900.00000, 2332.05, -3.2253, 2429.08, -120.972, 2297.61, 117.442, 0, 0, 18.4188, 176.774, 19.1852, 59.028, 18.1466, -62.5589, 1.38993, -83.643
40, 1800.00000, 2334.56, -3.141, 2428.5, -120.907, 2299, 117.478, 0, 0, 23.2154, 176.855, 24.1522, 59.0936, 22.8619, -62.522, 1.72874, -82.4782
40, 2700.00000, 2335.42, -3.13722, 2425.63, -120.994, 2298.8, 117.358, 0, 0, 15.2593, 176.86, 15.8495, 59.0073, 15.02, -62.6412, 1.09625, -80.9482
41, 0.00000, 2332.24, -3.22125, 2424, -121.104, 2296.79, 117.28, 0, 0, 9.55502, 176.779, 9.93086, 58.8959, 9.40983, -62.7194, 0.683601, -81.8674
41, 900.00000, 2327.65, -3.1336, 2413.63, -121.114, 2290.5, 117.275, 0, 0, 31.0543, 176.867, 32.2012, 58.8863, 30.5594, -62.7237, 2.13571, -80.2001
41, 1800.00000, 2313.36, -3.41144, 2403.79, -121.496, 2279.33, 116.975, 0, 0, 20.3075, 176.591, 21.1001, 58.5044, 20.0082, -63.0256, 1.37867, -82.8098
41, 2700.00000, 2293.07, -3.69667, 2389.51, -121.997, 2264.65, 116.536, 0, 0, 9.24307, 176.307, 9.63088, 58.0047, 9.12802, -63.4651, 0.598277, -85.8702
42, 0.00000, 2288.33, -3.76605, 2387.01, -122.078, 2260.15, 116.447, 0, 0, 8.66691, 176.235, 9.04054, 57.922, 8.56008, -63.5529, 0.56628, -86.4971
42, 900.00000, 2283.56, -3.8767, 2383.97, -122.199, 2255.45, 116.361, 0, 0, 5.28034, 176.123, 5.51257, 57.8017, 5.21535, -63.6385, 0.349114, -87.5222
42, 1800.00000, 2283.39, -3.91945, 2382.85, -122.234, 2252.53, 116.293, 0, 0, 2.0548, 176.078, 2.14446, 57.7673, 2.02705, -63.7088, 0.137418, -86.5078
42, 2700.00000, 2273.1, -4.10134, 2380.42, -122.4, 2247.16, 116.269, 0, 0, 1.00519, 175.899, 1.05267, 57.6005, 0.993723, -63.7309, 0.0696082, -91.0149
43, 0.00000, 2267.97, -4.22193, 2379.56, -122.464, 2241.32, 116.223, 0, 0, 1.11258, 175.778, 1.16734, 57.5368, 1.09951, -63.7768, 0.0805389, -92.0317
43, 900.00000, 2242, -4.99769, 2389.05, -122.626, 2216.8, 116.232, 0, 0, 0.695899, 175.004, 0.741601, 57.3744, 0.688126, -63.7659, 0.0687843, -98.997
43, 1800.00000, 2235.71, -5.26715, 2398.01, -122.587, 2207.77, 116.26, 0, 0, 0.27198, 174.734, 0.291733, 57.4121, 0.268592, -63.739, 0.0303357, -99.744
43, 2700.00000, 2229.14, -5.39748, 2404.66, -122.564, 2202.78, 116.204, 0, 0, 0.266129, 174.603, 0.287084, 57.4356, 0.262986, -63.7955, 0.0315423, -100.413
44, 0.00000, 2228.41, -5.43542, 2405.18, -122.543, 2198.5, 116.12, 0, 0, 0, 0, 0, 0, 0, 0, 0, 0
44, 900.00000, 2227.23, -5.48699, 2401.09, -122.572, 2189.34, 115.94, 0, 0, 0, 0, 0, 0, 0, 0, 0, 0
44, 1800.00000, 2230, -5.42554, 2399.87, -122.555, 2190.32, 115.919, 0, 0, 0, 0, 0, 0, 0, 0, 0, 0
44, 2700.00000, 2234.72, -5.36507, 2402.86, -122.456, 2193.15, 115.972, 0, 0, 0, 0, 0, 0, 0, 0, 0, 0
45, 0.00000, 2238.23, -5.28447, 2402.69, -122.417, 2196.51, 115.994, 0, 0, 0, 0, 0, 0, 0, 0, 0, 0
45, 900.00000, 2244.57, -5.15212, 2405.13, -122.323, 2203.12, 116.078, 0, 0, 0, 0, 0, 0, 0, 0, 0, 0
45, 1800.00000, 2245.74, -5.12146, 2407.13, -122.285, 2205.96, 116.127, 0, 0, 0, 0, 0, 0, 0, 0, 0, 0
45, 2700.00000, 2255.03, -4.96518, 2411.6, -122.112, 2212.63, 116.217, 0, 0, 0, 0, 0, 0, 0, 0, 0, 0
46, 0.00000, 2257.05, -4.94211, 2413.09, -122.069, 2214.18, 116.248, 0, 0, 0, 0, 0, 0, 0, 0, 0, 0
46, 900.00000, 2268.12, -4.77522, 2416.8, -121.872, 2218.54, 116.286, 0, 0, 0, 0, 0, 0, 0, 0, 0, 0
46, 1800.00000, 2274.75, -4.64215, 2417.37, -121.779, 2222.39, 116.306, 0, 0, 0, 0, 0, 0, 0, 0, 0, 0
46, 2700.00000, 2288.55, -4.37637, 2422.64, -121.551, 2234.88, 116.467, 0, 0, 0, 0, 0, 0, 0, 0, 0, 0
47, 0.00000, 2295.62, -4.22401, 2425.28, -121.44, 2242.99, 116.573, 0, 0, 0, 0, 0, 0, 0, 0, 0, 0
47, 900.00000, 2310.04, -3.95449, 2431.49, -121.201, 2257.8, 116.794, 0, 0, 0, 0, 0, 0, 0, 0, 0, 0
47, 1800.00000, 2318.19, -3.75718, 2433, -121.108, 2268.58, 116.93, 0, 0, 0, 0, 0, 0, 0, 0, 0, 0
47, 2700.00000, 2332.81, -3.43827, 2435.48, -120.925, 2283.13, 117.099, 0, 0, 0, 0, 0, 0, 0, 0, 0, 0
48, 0.00000, 2442.28, -0.204888, 2428.15, -119.892, 2432.26, 118.202, 0, 0, 0, 0, 0, 0, 0, 0, 0, 0
48, 900.00000, 2362.62, -2.65256, 2430.22, -120.689, 2315.99, 117.338, 0, 0, 0, 0, 0, 0, 0, 0, 0, 0
48, 1800.00000, 2368.74, -2.49454, 2429.51, -120.644, 2323.31, 117.414, 0, 0, 0, 0, 0, 0, 0, 0, 0, 0
48, 2700.00000, 2376.03, -2.32578, 2432.86, -120.526, 2334.98, 117.597, 0, 0, 0, 0, 0, 0, 0, 0, 0, 0
49, 0.00000, 2381.04, -2.2219, 2434.76, -120.45, 2341.09, 117.689, 0, 0, 0, 0, 0, 0, 0, 0, 0, 0
49, 900.00000, 2387.96, -2.07479, 2436.06, -120.356, 2347.77, 117.774, 0, 0, 0, 0, 0, 0, 0, 0, 0, 0
49, 1800.00000, 2388.39, -2.04911, 2435.85, -120.355, 2349.55, 117.795, 0, 0, 0, 0, 0, 0, 0, 0, 0, 0
49, 2700.00000, 2391.18, -2.03222, 2435.22, -120.311, 2347.28, 117.764, 0, 0, 0, 0, 0, 0, 0, 0, 0, 0
50, 0.00000, 2394.09, -1.9989, 2435.56, -120.26, 2346.88, 117.756, 0, 0, 0, 0, 0, 0, 0, 0, 0, 0
50, 900.00000, 2397.24, -1.90613, 2435.63, -120.235, 2351.88, 117.812, 0, 0, 0, 0, 0, 0, 0, 0, 0, 0
50, 1800.00000, 2400.47, -1.83112, 2436.87, -120.189, 2356.31, 117.872, 0, 0, 0, 0, 0, 0, 0, 0, 0, 0
50, 2700.00000, 2403.05, -1.72665, 2436.03, -120.192, 2363.22, 117.947, 0, 0, 0, 0, 0, 0, 0, 0, 0, 0
51, 0.00000, 2405.16, -1.64723, 2435, -120.191, 2367.32, 117.981, 0, 0, 0.255849, 178.352, 0.259022, 59.8096, 0.25182, -62.0193, 0.0115059, -50.3646
51, 900.00000, 2409.88, -1.46252, 2436.4, -120.157, 2381.5, 118.163, 0, 0, 0.676706, 178.537, 0.68414, 59.8438, 0.668704, -61.8388, 0.0258412, -48.2606
51, 1800.00000, 2412.36, -1.34672, 2435.72, -120.163, 2389.04, 118.252, 0, 0, 1.65176, 178.653, 1.66774, 59.838, 1.63575, -61.749, 0.0558379, -45.5606
51, 2700.00000, 2412.21, -1.24104, 2435.37, -120.204, 2397.35, 118.354, 0, 0, 2.82191, 178.759, 2.84896, 59.796, 2.80446, -61.6475, 0.0787989, -44.5332
52, 0.00000, 2414.19, -1.16152, 2436.31, -120.146, 2401.02, 118.443, 0, 0, 6.90595, 178.833, 6.96928, 59.8555, 6.86759, -61.5634, 0.185863, -43.6849
52, 900.00000, 2419.16, -0.998662, 2437.49, -120.052, 2409.36, 118.588, 0, 0, 11.0318, 179.001, 11.1152, 59.9488, 10.9868, -61.4131, 0.265179, -38.7584
52, 1800.00000, 2423.67, -0.838952, 2440.11, -119.95, 2418.83, 118.781, 0, 0, 16.1137, 179.161, 16.2227, 60.0505, 16.0812, -61.2204, 0.335299, -36.1229
52, 2700.00000, 2429.39, -0.516096, 2435.99, -119.937, 2435.53, 118.985, 0, 0, 22.5146, 179.483, 22.5747, 60.0641, 22.5703, -61.0174, 0.312687, -4.06657
53, 0.00000, 2437.27, -0.233029, 2432.38, -119.862, 2445.81, 119.105, 0, 0, 28.9641, 179.766, 28.9051, 60.1393, 29.0643, -60.8967, 0.48325, 25.6156
53, 900.00000, 2444.1, 0.0751958, 2419.41, -119.932, 2451.39, 119.042, 0, 0, 34.9212, -179.926, 34.5672, 60.07, 35.0232, -60.9589, 0.976314, 46.4538
53, 1800.00000, 2447.5, 0.205673, 2418, -119.856, 2454.12, 119.112, 0, 0, 42.1353, -179.804, 41.6286, 60.1468, 42.2445, -60.8936, 1.28341, 47.6799
53, 2700.00000, 2448.07, 0.276329, 2417.33, -119.811, 2455.45, 119.172, 0, 0, 49.2067, -179.727, 48.5874, 60.19, 49.3523, -60.832, 1.53874, 49.5111
54, 0.00000, 2445.66, 0.282048, 2416.22, -119.79, 2453.02, 119.194, 0, 0, 56.8428, -179.715, 56.156, 60.2095, 57.0167, -60.8049, 1.73905, 49.465
54, 900.00000, 2440.04, 0.116279, 2416.76, -119.872, 2446.59, 119.102, 0, 0, 52.6185, -179.883, 52.1178, 60.1265, 52.7614, -60.8964, 1.42199, 45.5069
54, 1800.00000, 2439.98, 0.130125, 2417.85, -119.824, 2446.61, 119.164, 0, 0, 57.2955, -179.869, 56.7747, 60.1746, 57.4533, -60.8392, 1.49256, 44.5798
54, 2700.00000, 2439.76, 0.259572, 2418.52, -119.665, 2447.63, 119.362, 0, 0, 77.4043, -179.74, 76.7294, 60.3355, 77.6548, -60.6385, 1.91687, 45.1058
55, 0.00000, 2436.94, 0.227409, 2420.27, -119.6, 2444.45, 119.43, 0, 0, 86.0782, -179.772, 85.4908, 60.3988, 86.3461, -60.5688, 1.86708, 40.4949
55, 900.00000, 2431.12, 0.00355554, 2426.85, -119.531, 2434.98, 119.374, 0, 0, 86.5907, -179.996, 86.4444, 60.4664, 86.7343, -60.623, 1.4798, 14.6722
55, 1800.00000, 2427.54, -0.227466, 2427.42, -119.726, 2430.6, 119.159, 0, 0, 65.9839, 179.773, 65.9825, 60.2732, 66.0681, -60.84, 1.08158, 7.10397
55, 2700.00000, 2434.64, 0.0934146, 2432.4, -119.272, 2433.35, 119.557, 0, 0, 103.123, -179.907, 103.027, 60.7288, 103.068, -60.4434, 1.90727, -1.47191
56, 0.00000, 2429.54, 0.028555, 2432.77, -119.278, 2430.14, 119.619, 0, 0, 109.682, -179.97, 109.829, 60.7203, 109.713, -60.3798, 1.77938, -11.8159
56, 900.00000, 2423.14, -0.082261, 2431.18, -119.298, 2421.06, 119.579, 0, 0, 117.92, 179.919, 118.316, 60.7005, 117.825, -60.4188, 2.05213, -25.3997
56, 1800.00000, 2407.55, -0.74151, 2429.18, -119.882, 2405.29, 118.969, 0, 0, 69.0254, 179.26, 69.6491, 60.1157, 68.9648, -61.0285, 1.31376, -46.0286
56, 2700.00000, 2396.21, -1.01807, 2429.51, -120.028, 2394.31, 118.818, 0, 0, 64.8977, 178.983, 65.8012, 59.9706, 64.85, -61.1804, 1.47684, -61.8609
57, 0.00000, 2392.12, -1.09992, 2428.44, -120.026, 2387.97, 118.805, 0, 0, 71.1958, 178.901, 72.2777, 59.9736, 71.0741, -61.1933, 1.83339, -65.2519
57, 900.00000, 2392.4, -0.924385, 2426.29, -119.677, 2377.94, 118.976, 0, 0, 111.596, 179.075, 113.182, 60.3225, 110.925, -61.0207, 3.58491, -59.8605
57, 1800.00000, 2394.47, -0.929215, 2417.49, -119.896, 2371.84, 118.588, 0, 0, 94.895, 179.069, 95.8074, 60.1053, 93.9942, -61.4116, 2.98467, -43.8144
57, 2700.00000, 2388.23, -1.26015, 2415.56, -120.179, 2358.98, 118.137, 0, 0, 67.2882, 178.74, 68.0609, 59.82, 66.4673, -61.8599, 2.41323, -44.9282
58, 0.00000, 2375.28, -1.63938, 2421.21, -120.307, 2351.5, 118.146, 0, 0, 61.2361, 178.363, 62.4206, 59.6912, 60.6273, -61.8525, 2.44702, -63.0412
58, 900.00000, 2350.79, -2.26117, 2432.28, -120.505, 2340.09, 118.27, 0, 0, 56.3697, 177.744, 58.3214, 59.4916, 56.118, -61.7281, 3.04591, -87.4114
58, 1800.00000, 2347.61, -2.26893, 2434.64, -120.389, 2338.56, 118.436, 0, 0, 71.2874, 177.732, 73.9299, 59.6102, 71.0142, -61.5632, 4.14763, -89.7845
58, 2700.00000, 2332.57, -2.73421, 2434.59, -120.754, 2326.21, 118.129, 0, 0, 47.964, 177.269, 50.06, 59.2448, 47.8351, -61.8694, 3.13014, -94.4557
59, 0.00000, 2328.07, -2.8837, 2435.11, -120.824, 2321.23, 118.063, 0, 0, 44.047, 177.117, 46.0717, 59.1752, 43.9183, -61.936, 3.03713, -95.2581
59, 900.00000, 2324.87, -2.92879, 2434.95, -120.778, 2315.76, 118.084, 0, 0, 53.2086, 177.072, 55.7282, 59.2217, 53.0017, -61.915, 3.85074, -94.9179
59, 1800.00000, 2325.97, -2.87969, 2434.1, -120.667, 2312.76, 118.131, 0, 0, 64.7332, 177.12, 67.7441, 59.3329, 64.3668, -61.8675, 4.7666, -93.0203
59, 2700.00000, 2327.72, -2.6362, 2430.3, -120.408, 2311.49, 118.345, 0, 0, 98.0321, 177.363, 102.354, 59.5922, 97.349, -61.6548, 7.108, -90.7893
60, 0.00000, 2321.46, -2.96253, 2429.8, -120.747, 2305.63, 117.992, 0, 0, 65.2735, 177.039, 68.3186, 59.2526, 64.8295, -62.007, 4.84527, -92.0156
60, 900.00000, 2332.11, -2.47285, 2433.85, -120.101, 2314.04, 118.621, 0, 0, 121.115, 177.524, 126.405, 59.9003, 120.175, -61.3791, 9.10096, -89.7244
60, 1800.00000, 2321.47, -2.89551, 2427.79, -120.677, 2305.55, 118.06, 0, 0, 75.7375, 177.107, 79.2027, 59.323, 75.2191, -61.9393, 5.56638, -91.5595
60, 2700.00000, 2315.24, -3.32849, 2424.68, -121.079, 2292.26, 117.452, 0, 0, 33.8625, 176.673, 35.4629, 58.9199, 33.5281, -62.5458, 2.58536, -89.1038
61, 0.00000, 2313.28, -3.39891, 2426.37, -121.116, 2292.16, 117.451, 0, 0, 29.9132, 176.605, 31.3714, 58.884, 29.6383, -62.5517, 2.32752, -90.3171
61, 900.00000, 2311.99, -3.45787, 2428.29, -121.085, 2288.88, 117.464, 0, 0, 31.7626, 176.542, 33.3602, 58.9143, 31.4455, -62.5355, 2.58366, -90.4967
61, 1800.00000, 2313.66, -3.44587, 2429.92, -121.062, 2289.39, 117.468, 0, 0, 29.9593, 176.552, 31.4661, 58.9361, 29.6459, -62.5322, 2.45155, -90.1264
61, 2700.00000, 2318.93, -3.23081, 2431.87, -120.836, 2294.96, 117.69, 0, 0, 47.0187, 176.768, 49.3094, 59.1646, 46.5317, -62.3107, 3.78744, -89.2889
62, 0.00000, 2324.91, -3.02712, 2434.04, -120.577, 2299.15, 117.911, 0, 0, 65.6952, 176.971, 68.7808, 59.423, 64.9665, -62.0891, 5.28201, -87.7834
62, 900.00000, 2335.73, -2.65109, 2438.01, -120.063, 2305.14, 118.349, 0, 0, 104.884, 177.346, 109.482, 59.9382, 103.509, -61.6508, 8.5526, -84.7834
62, 1800.00000, 2314, -3.54666, 2431.46, -121.161, 2287.95, 117.334, 0, 0, 14.6115, 176.458, 15.352, 58.8384, 14.4476, -62.6645, 1.2053, -89.7486
62, 2700.00000, 2320.18, -3.32026, 2431.34, -120.977, 2293.24, 117.502, 0, 0, 29.528, 176.678, 30.9433, 59.0237, 29.1846, -62.4981, 2.35561, -88.161
63, 0.00000, 2322.89, -3.31425, 2429.94, -121.019, 2295.23, 117.518, 0, 0, 25.8048, 176.679, 26.9971, 58.9819, 25.4968, -62.484, 2.0199, -88.0084
63, 900.00000, 2325.32, -3.37152, 2428.99, -121.024, 2291.27, 117.404, 0, 0, 20.9928, 176.628, 21.9291, 58.9761, 20.6859, -62.5947, 1.66776, -85.4286
63, 1800.00000, 2325.93, -3.33584, 2430.09, -121.005, 2294.11, 117.455, 0, 0, 21.3276, 176.664, 22.2825, 58.995, 21.0355, -62.5457, 1.67734, -86.0615
63, 2700.00000, 2326.73, -3.36176, 2429.32, -121.055, 2292.92, 117.351, 0, 0, 14.0911, 176.636, 14.7135, 58.944, 13.8875, -62.6463, 1.10091, -85.0277
64, 0.00000, 2334.01, -3.15012, 2430.36, -120.847, 2297.79, 117.515, 0, 0, 27.4737, 176.848, 28.6086, 59.1531, 27.0471, -62.4855, 2.10136, -82.6661
64, 900.00000, 2339.86, -2.91428, 2430.89, -120.606, 2303.06, 117.766, 0, 0, 48.5783, 177.085, 50.4686, 59.3944, 47.8133, -62.2343, 3.64186, -81.3716
64, 1800.00000, 2338.81, -2.97143, 2429.47, -120.708, 2302.01, 117.654, 0, 0, 39.5856, 177.029, 41.1186, 59.2924, 38.9626, -62.3445, 2.9282, -81.1552
64, 2700.00000, 2343.33, -2.81866, 2427.46, -120.622, 2304.45, 117.69, 0, 0, 46.0962, 177.181, 47.7515, 59.3783, 45.3307, -62.3106, 3.28608, -78.5346
65, 0.00000, 2338.89, -2.95435, 2425.59, -120.791, 2301.55, 117.56, 0, 0, 35.424, 177.046, 36.7367, 59.2084, 34.8587, -62.4398, 2.51937, -79.8869
65, 900.00000, 2326.09, -3.19615, 2413.24, -121.187, 2289.38, 117.21, 0, 0, 24.9941, 176.806, 25.9298, 58.8128, 24.6007, -62.7884, 1.71962, -80.6792
65, 1800.00000, 2315.37, -3.33376, 2404.31, -121.403, 2280.66, 117.055, 0, 0, 27.8888, 176.668, 28.9588, 58.5972, 27.47, -62.945, 1.89177, -82.163
65, 2700.00000, 2297.38, -3.53179, 2390.71, -121.799, 2267.54, 116.708, 0, 0, 25.3454, 176.472, 26.3726, 58.2027, 25.0149, -63.293, 1.63577, -84.4293
66, 0.00000, 2289.24, -3.73017, 2387.29, -122.035, 2260.77, 116.484, 0, 0, 12.1948, 176.271, 12.7167, 57.9658, 12.0429, -63.5167, 0.796073, -86.1607
66, 900.00000, 2284.55, -3.8367, 2384.35, -122.148, 2256.17, 116.406, 0, 0, 9.41812, 176.163, 9.82963, 57.8525, 9.30111, -63.5942, 0.622799, -87.2198
66, 1800.00000, 2284.22, -3.88603, 2383.18, -122.192, 2253.13, 116.33, 0, 0, 5.51077, 176.111, 5.74997, 57.8097, 5.43584, -63.672, 0.368669, -86.2625
66, 2700.00000, 2273.98, -4.06628, 2380.78, -122.355, 2247.79, 116.308, 0, 0, 4.65997, 175.934, 4.87892, 57.6458, 4.60632, -63.6917, 0.322762, -90.7542
67, 0.00000, 2268.24, -4.21102, 2379.68, -122.449, 2241.51, 116.235, 0, 0, 2.25369, 175.789, 2.36444, 57.5511, 2.22713, -63.7645, 0.163159, -91.9526
67, 900.00000, 2242.15, -4.99216, 2389.12, -122.618, 2216.89, 116.238, 0, 0, 1.29253, 175.01, 1.37736, 57.3821, 1.27806, -63.7595, 0.127765, -98.9583
67, 1800.00000, 2235.71, -5.26685, 2398.01, -122.587, 2207.78, 116.26, 0, 0, 0.304918, 174.734, 0.327062, 57.4125, 0.301119, -63.7387, 0.0340097, -99.7424
67, 2700.00000, 2229.07, -5.3999, 2404.63, -122.568, 2202.74, 116.201, 0, 0, 0, 0, 0, 0, 0, 0, 0, 0
68, 0.00000, 2228.41, -5.43542, 2405.18, -122.543, 2198.5, 116.12, 0, 0, 0, 0, 0, 0, 0, 0, 0, 0
68, 900.00000, 2227.23, -5.48699, 2401.09, -122.572, 2189.34, 115.94, 0, 0, 0, 0, 0, 0, 0, 0, 0, 0
68, 1800.00000, 2230, -5.42554, 2399.87, -122.555, 2190.32, 115.919, 0, 0, 0, 0, 0, 0, 0, 0, 0, 0
68, 2700.00000, 2234.72, -5.36507, 2402.86, -122.456, 2193.15, 115.972, 0, 0, 0, 0, 0, 0, 0, 0, 0, 0
69, 0.00000, 2238.23, -5.28447, 2402.69, -122.417, 2196.51, 115.994, 0, 0, 0, 0, 0, 0, 0, 0, 0, 0
69, 900.00000, 2244.57, -5.15212, 2405.13, -122.323, 2203.12, 116.078, 0, 0, 0, 0, 0, 0, 0, 0, 0, 0
69, 1800.00000, 2245.74, -5.12146, 2407.13, -122.285, 2205.96, 116.127, 0, 0, 0, 0, 0, 0, 0, 0, 0, 0
69, 2700.00000, 2255.03, -4.96518, 2411.6, -122.112, 2212.63, 116.217, 0, 0, 0, 0, 0, 0, 0, 0, 0, 0
70, 0.00000, 2257.05, -4.94211, 2413.09, -122.069, 2214.18, 116.248, 0, 0, 0, 0, 0, 0, 0, 0, 0, 0
70, 900.00000, 2268.12, -4.77522, 2416.8, -121.872, 2218.54, 116.286, 0, 0, 0, 0, 0, 0, 0, 0, 0, 0
70, 1800.00000, 2274.75, -4.64215, 2417.37, -121.779, 2222.39, 116.306, 0, 0, 0, 0, 0, 0, 0, 0, 0, 0
70, 2700.00000, 2288.55, -4.37637, 2422.64, -121.551, 2234.88, 116.467, 0, 0, 0, 0, 0, 0, 0, 0, 0, 0
71, 0.00000, 2295.62, -4.22401, 2425.28, -121.44, 2242.99, 116.573, 0, 0, 0, 0, 0, 0, 0, 0, 0, 0
71, 900.00000, 2310.04, -3.95449, 2431.49, -121.201, 2257.8, 116.794, 0, 0, 0, 0, 0, 0, 0, 0, 0, 0
71, 1800.00000, 2318.19, -3.75718, 2433, -121.108, 2268.58, 116.93, 0, 0, 0, 0, 0, 0, 0, 0, 0, 0
71, 2700.00000, 2332.81, -3.43827, 2435.48, -120.925, 2283.13, 117.099, 0, 0, 0, 0, 0, 0, 0, 0, 0, 0
72, 0.00000, 2442.28, -0.204888, 2428.15, -119.892, 2432.26, 118.202, 0, 0, 0, 0, 0, 0, 0, 0, 0, 0
72, 900.00000, 2362.62, -2.65256, 2430.22, -120.689, 2315.99, 117.338, 0, 0, 0, 0, 0, 0, 0, 0, 0, 0
72, 1800.00000, 2368.74, -2.49454, 2429.51, -120.644, 2323.31, 117.414, 0, 0, 0, 0, 0, 0, 0, 0, 0, 0
72, 2700.00000, 2376.03, -2.32578, 2432.86, -120.526, 2334.98, 117.597, 0, 0, 0, 0, 0, 0, 0, 0, 0, 0
73, 0.00000, 2381.04, -2.2219, 2434.76, -120.45, 2341.09, 117.689, 0, 0, 0, 0, 0, 0, 0, 0, 0, 0
73, 900.00000, 2387.96, -2.07479, 2436.06, -120.356, 2347.77, 117.774, 0, 0, 0, 0, 0, 0, 0, 0, 0, 0
73, 1800.00000, 2388.39, -2.04911, 2435.85, -120.355, 2349.55, 117.795, 0, 0, 0, 0, 0, 0, 0, 0, 0, 0
73, 2700.00000, 2391.18, -2.03222, 2435.22, -120.311, 2347.28, 117.764, 0, 0, 0, 0, 0, 0, 0, 0, 0, 0
74, 0.00000, 2394.09, -1.9989, 2435.56, -120.26, 2346.88, 117.756, 0, 0, 0, 0, 0, 0, 0, 0, 0, 0
74, 900.00000, 2397.24, -1.90613, 2435.63, -120.235, 2351.88, 117.812, 0, 0, 0, 0, 0, 0, 0, 0, 0, 0
74, 1800.00000, 2400.47, -1.83112, 2436.87, -120.189, 2356.31, 117.872, 0, 0, 0, 0, 0, 0, 0, 0, 0, 0
74, 2700.00000, 2403.05, -1.72665, 2436.03, -120.192, 2363.22, 117.947, 0, 0, 0, 0, 0, 0, 0, 0, 0, 0
75, 0.00000, 2405.1, -1.64988, 2434.99, -120.194, 2367.28, 117.978, 0, 0, 0, 0, 0, 0, 0, 0, 0, 0
75, 900.00000, 2409.79, -1.46654, 2436.37, -120.162, 2381.43, 118.159, 0, 0, 0.287705, 178.533, 0.290873, 59.8393, 0.284304, -61.8431, 0.0109858, -48.3008
75, 1800.00000, 2412.17, -1.35551, 2435.67, -120.172, 2388.88, 118.243, 0, 0, 0.801178, 178.644, 0.808977, 59.8284, 0.793423, -61.7583, 0.0270783, -45.6547
75, 2700.00000, 2412.02, -1.24991, 2435.32, -120.214, 2397.19, 118.344, 0, 0, 1.96148, 178.75, 1.9804, 59.7863, 1.94937, -61.657, 0.0547585, -44.6406
76, 0.00000, 2413.48, -1.19511, 2436.13, -120.182, 2400.42, 118.407, 0, 0, 3.64385, 178.801, 3.67806, 59.8186, 3.6238, -61.5982, 0.0978443, -44.0914
76, 900.00000, 2418.15, -1.04713, 2437.24, -120.105, 2408.49, 118.536, 0, 0, 6.32857, 178.952, 6.37847, 59.896, 6.30316, -61.4652, 0.151771, -39.3979
76, 1800.00000, 2421.95, -0.921514, 2439.68, -120.04, 2417.35, 118.692, 0, 0, 8.09292, 179.078, 8.15204, 59.9607, 8.07738, -61.3095, 0.167542, -37.3252
76, 2700.00000, 2426.58, -0.655666, 2435.24, -120.087, 2433.02, 118.833, 0, 0, 8.94437, 179.344, 8.97601, 59.9138, 8.96769, -61.1693, 0.120375, -6.20409
77, 0.00000, 2434.67, -0.365676, 2431.68, -120.002, 2443.41, 118.96, 0, 0, 16.0918, 179.633, 16.0716, 59.9986, 16.1489, -61.0416, 0.260199, 24.6825
77, 900.00000, 2441.81, -0.0466575, 2418.77, -120.058, 2449.14, 118.909, 0, 0, 23.1592, 179.952, 22.9401, 59.9439, 23.2275, -61.0918, 0.636367, 46.0831
77, 1800.00000, 2443.7, 0.00259385, 2416.95, -120.065, 2450.36, 118.89, 0, 0, 22.5462, 179.998, 22.3004, 59.9366, 22.6064, -61.1096, 0.668254, 47.3566
77, 2700.00000, 2444.74, 0.0961951, 2416.4, -119.995, 2452.12, 118.975, 0, 0, 31.8443, -179.908, 31.4742, 60.0055, 31.9384, -61.0302, 0.974172, 48.8986
78, 0.00000, 2444.85, 0.237538, 2415.99, -119.835, 2452.19, 119.145, 0, 0, 52.576, -179.762, 51.9547, 60.1651, 52.734, -60.8554, 1.59693, 49.0951
78, 900.00000, 2438.73, 0.0466047, 2416.39, -119.944, 2445.3, 119.026, 0, 0, 45.8942, -179.953, 45.4751, 60.0546, 46.0194, -60.9726, 1.22804, 45.2641
78, 1800.00000, 2438.34, 0.043225, 2417.4, -119.914, 2445.02, 119.069, 0, 0, 48.9063, -179.955, 48.4853, 60.0847, 49.0421, -60.9331, 1.2573, 44.3186
78, 2700.00000, 2432.08, -0.146768, 2416.4, -120.086, 2440.19, 118.917, 0, 0, 38.1666, 179.854, 37.9212, 59.9136, 38.2947, -61.0822, 0.883539, 43.6985
79, 0.00000, 2436.69, 0.214327, 2420.2, -119.614, 2444.22, 119.416, 0, 0, 84.7941, -179.785, 84.2172, 60.3863, 85.0565, -60.5854, 1.8428, 40.3578
79, 900.00000, 2432.38, 0.0683722, 2427.16, -119.463, 2436.13, 119.445, 0, 0, 92.8484, -179.931, 92.655, 60.5346, 92.9982, -60.5528, 1.60871, 15.3046
79, 1800.00000, 2434.25, 0.115334, 2429.08, -119.365, 2436.71, 119.531, 0, 0, 99.1085, -179.888, 98.9043, 60.6321, 99.216, -60.4721, 1.7374, 10.9351
79, 2700.00000, 2433.75, 0.0476206, 2432.2, -119.32, 2432.54, 119.508, 0, 0, 98.7267, -179.953, 98.6674, 60.6794, 98.6804, -60.4908, 1.80456, -2.11736
80, 0.00000, 2421.47, -0.377407, 2430.84, -119.71, 2422.99, 119.179, 0, 0, 70.4192, 179.624, 70.6941, 60.2878, 70.4668, -60.8188, 1.07555, -18.3464
80, 900.00000, 2417.23, -0.376505, 2429.8, -119.612, 2415.92, 119.261, 0, 0, 89.4785, 179.624, 89.9455, 60.3868, 89.4332, -60.7377, 1.52039, -30.1239
80, 1800.00000, 2418.04, -0.229908, 2431.63, -119.331, 2414.26, 119.52, 0, 0, 118.492, 179.77, 119.159, 60.6686, 118.31, -60.4788, 2.30319, -37.6776
80, 2700.00000, 2408.92, -0.412105, 2432.51, -119.367, 2404.91, 119.472, 0, 0, 123.603, 179.589, 124.819, 60.6304, 123.406, -60.5255, 2.77985, -53.2665
81, 0.00000, 2403.88, -0.545489, 2431.16, -119.419, 2397.65, 119.402, 0, 0, 124.871, 179.455, 126.293, 60.5795, 124.553, -60.596, 3.16638, -58.006
81, 900.00000, 2397.14, -0.701723, 2427.3, -119.435, 2381.81, 119.213, 0, 0, 133.044, 179.298, 134.728, 60.5637, 132.202, -60.7826, 4.2518, -57.4097
81, 1800.00000, 2403.18, -0.512379, 2419.3, -119.449, 2379.26, 119.027, 0, 0, 134.804, 179.485, 135.705, 60.5536, 133.451, -60.9739, 4.28751, -38.964
81, 2700.00000, 2403.72, -0.525785, 2418.75, -119.39, 2372.19, 118.906, 0, 0, 137.493, 179.473, 138.359, 60.6097, 135.691, -61.0917, 5.01431, -37.23
82, 0.00000, 2396.92, -0.644316, 2425.67, -119.218, 2369.05, 119.191, 0, 0, 156.753, 179.358, 158.644, 60.7783, 154.951, -60.8058, 6.18251, -53.0845
82, 900.00000, 2371.38, -1.37801, 2436.82, -119.495, 2355.15, 119.209, 0, 0, 142.106, 178.621, 146.033, 60.5037, 141.138, -60.7889, 7.44628, -80.0766
82, 1800.00000, 2365.84, -1.49421, 2438.61, -119.499, 2351.65, 119.26, 0, 0, 146.528, 178.507, 151.038, 60.4996, 145.658, -60.7383, 8.25104, -83.7011
82, 2700.00000, 2359.28, -1.62705, 2440.54, -119.464, 2344.82, 119.308, 0, 0, 155.731, 178.374, 161.101, 60.5338, 154.79, -60.689, 9.72837, -86.2071
83, 0.00000, 2355.3, -1.76832, 2441.18, -119.518, 2339.95, 119.249, 0, 0, 152.646, 178.232, 158.215, 60.4811, 151.658, -60.7489, 10.0803, -87.082
83, 900.00000, 2338.01, -2.40089, 2438.03, -120.153, 2324.7, 118.647, 0, 0, 104.71, 177.603, 109.186, 59.8449, 104.12, -61.351, 7.41748, -91.16
83, 1800.00000, 2332.44, -2.62107, 2435.61, -120.361, 2317.16, 118.406, 0, 0, 89.9329, 177.38, 93.9107, 59.6387, 89.3459, -61.5923, 6.5566, -91.1699
83, 2700.00000, 2338.55, -2.19634, 2432.59, -119.894, 2318.88, 118.806, 0, 0, 140.622, 177.802, 146.281, 60.1072, 139.437, -61.193, 10.0405, -87.5682
84, 0.00000, 2336.82, -2.34488, 2433.23, -120.02, 2316.13, 118.644, 0, 0, 125.242, 177.659, 130.403, 59.9774, 124.143, -61.3499, 9.08682, -87.6649
84, 900.00000, 2323.51, -2.81638, 2431.97, -120.507, 2308.28, 118.259, 0, 0, 87.7272, 177.187, 91.8176, 59.4916, 87.1547, -61.7405, 6.64926, -92.2045
84, 1800.00000, 2319.75, -2.9639, 2427.38, -120.757, 2304.37, 117.988, 0, 0, 69.091, 177.037, 72.2954, 59.2426, 68.6329, -62.0122, 5.09505, -92.0462
84, 2700.00000, 2316.98, -3.26057, 2425.11, -120.998, 2293.45, 117.524, 0, 0, 40.4785, 176.74, 42.3679, 59.0011, 40.0693, -62.4741, 3.086, -88.6137
85, 0.00000, 2312.21, -3.44033, 2426.12, -121.165, 2291.44, 117.408, 0, 0, 25.9119, 176.561, 27.1878, 58.8349, 25.6791, -62.5922, 2.02192, -90.7146
85, 900.00000, 2309.07, -3.56996, 2427.55, -121.221, 2286.91, 117.345, 0, 0, 20.8248, 176.431, 21.8931, 58.779, 20.6253, -62.6543, 1.69884, -91.2825
85, 1800.00000, 2313.19, -3.4641, 2429.8, -121.084, 2289.07, 117.448, 0, 0, 28.1659, 176.535, 29.5861, 58.916, 27.8721, -62.5518, 2.30568, -90.2072
85, 2700.00000, 2310.76, -3.54674, 2429.85, -121.216, 2289.44, 117.356, 0, 0, 16.1913, 176.454, 17.0255, 58.784, 16.0418, -62.6447, 1.31455, -91.5141
86, 0.00000, 2310.21, -3.59763, 2430.48, -121.263, 2289.23, 117.308, 0, 0, 10.0698, 176.402, 10.5937, 58.7369, 9.97827, -62.6923, 0.821447, -91.7843
86, 900.00000, 2310.56, -3.63378, 2432.3, -121.236, 2288.28, 117.319, 0, 0, 9.37893, 176.367, 9.87287, 58.762, 9.28889, -62.6798, 0.783371, -91.6957
86, 1800.00000, 2312.78, -3.59353, 2431.16, -121.217, 2287.1, 117.284, 0, 0, 10.0723, 176.406, 10.588, 58.783, 9.96059, -62.7153, 0.833994, -90.0797
86, 2700.00000, 2316.91, -3.44718, 2430.53, -121.129, 2291.01, 117.368, 0, 0, 17.149, 176.552, 17.9902, 58.8712, 16.9571, -62.6321, 1.37218, -89.0627
87, 0.00000, 2319.53, -3.44488, 2429.1, -121.176, 2292.94, 117.379, 0, 0, 13.0633, 176.549, 13.6819, 58.8252, 12.9132, -62.622, 1.02584, -88.9444
87, 900.00000, 2324.03, -3.42168, 2428.68, -121.083, 2290.39, 117.352, 0, 0, 16.1201, 176.578, 16.8463, 58.9164, 15.887, -62.6474, 1.28238, -85.7867
87, 1800.00000, 2323.86, -3.41699, 2429.57, -121.102, 2292.66, 117.369, 0, 0, 13.4186, 176.583, 14.028, 58.8991, 13.2369, -62.6359, 1.05767, -86.5077
87, 2700.00000, 2326.49, -3.37136, 2429.26, -121.066, 2292.74, 117.34, 0, 0, 13.1469, 176.628, 13.7278, 58.9336, 12.9563, -62.6595, 1.02704, -84.9917
88, 0.00000, 2329.15, -3.34136, 2429.21, -121.073, 2294.41, 117.315, 0, 0, 8.93766, 176.653, 9.32275, 58.9267, 8.80432, -62.6854, 0.687849, -84.1153
88, 900.00000, 2329.79, -3.31474, 2428.53, -121.078, 2296.02, 117.347, 0, 0, 9.73032, 176.684, 10.1428, 58.9232, 9.58868, -62.6547, 0.736511, -84.244
88, 1800.00000, 2331.78, -3.25149, 2427.83, -121.037, 2297.05, 117.362, 0, 0, 12.4752, 176.745, 12.9902, 58.9629, 12.2895, -62.6378, 0.930651, -83.2759
88, 2700.00000, 2333.9, -3.19815, 2425.26, -121.065, 2297.71, 117.294, 0, 0, 9.36859, 176.798, 9.73626, 58.9358, 9.22331, -62.7052, 0.674509, -81.4285
89, 0.00000, 2332.35, -3.21691, 2424.02, -121.099, 2296.87, 117.285, 0, 0, 9.95464, 176.786, 10.3454, 58.9017, 9.80314, -62.715, 0.711601, -81.7912
89, 900.00000, 2321.64, -3.3738, 2412.1, -121.395, 2286.14, 117.023, 0, 0, 7.78948, 176.628, 8.09282, 58.6049, 7.67067, -62.9754, 0.538257, -82.0111
89, 1800.00000, 2309.98, -3.54059, 2402.91, -121.651, 2277.12, 116.841, 0, 0, 7.69911, 176.461, 8.00844, 58.3493, 7.58935, -63.1597, 0.523726, -83.9216
89, 2700.00000, 2292.07, -3.73601, 2389.21, -122.045, 2263.97, 116.496, 0, 0, 5.38245, 176.267, 5.61021, 57.9568, 5.31626, -63.5064, 0.348716, -86.2337
90, 0.00000, 2287.11, -3.81443, 2386.63, -122.137, 2259.31, 116.397, 0, 0, 3.88032, 176.186, 4.04913, 57.8629, 3.83312, -63.6029, 0.253734, -86.9193
90, 900.00000, 2283.1, -3.8955, 2383.78, -122.223, 2255.11, 116.34, 0, 0, 3.33412, 176.104, 3.48119, 57.7777, 3.29326, -63.6594, 0.220408, -87.6615
90, 1800.00000, 2283.56, -3.91265, 2382.91, -122.226, 2252.66, 116.301, 0, 0, 2.7601, 176.086, 2.88034, 57.7761, 2.72275, -63.7003, 0.184535, -86.4497
90, 2700.00000, 2273.3, -4.09321, 2380.5, -122.39, 2247.31, 116.278, 0, 0, 1.85336, 175.907, 1.9408, 57.611, 1.83217, -63.7218, 0.128349, -90.9543
91, 0.00000, 2267.91, -4.22443, 2379.54, -122.467, 2241.27, 116.22, 0, 0, 0.850835, 175.776, 0.892727, 57.5336, 0.840845, -63.7796, 0.061591, -92.0504
91, 900.00000, 2241.92, -5.0004, 2389.02, -122.629, 2216.75, 116.229, 0, 0, 0.402537, 175.002, 0.428982, 57.3706, 0.398046, -63.769, 0.0397866, -99.0162
91, 1800.00000, 2235.7, -5.2672, 2398.01, -122.587, 2207.77, 116.26, 0, 0, 0.266909, 174.734, 0.286293, 57.412, 0.263584, -63.7391, 0.02977, -99.7441
91, 2700.00000, 2229.07, -5.3999, 2404.63, -122.568, 2202.74, 116.201, 0, 0, 0, 0, 0, 0, 0, 0, 0, 0
92, 0.00000, 2228.41, -5.43542, 2405.18, -122.543, 2198.5, 116.12, 0, 0, 0, 0, 0, 0, 0, 0, 0, 0
92, 900.00000, 2227.23, -5.48699, 2401.09, -122.572, 2189.34, 115.94, 0, 0, 0, 0, 0, 0, 0, 0, 0, 0
92, 1800.00000, 2230, -5.42554, 2399.87, -122.555, 2190.32, 115.919, 0, 0, 0, 0, 0, 0, 0, 0, 0, 0
92, 2700.00000, 2234.72, -5.36507, 2402.86, -122.456, 2193.15, 115.972, 0, 0, 0, 0, 0, 0, 0, 0, 0, 0
93, 0.00000, 2238.23, -5.28447, 2402.69, -122.417, 2196.51, 115.994, 0, 0, 0, 0, 0, 0, 0, 0, 0, 0
93, 900.00000, 2244.57, -5.15212, 2405.13, -122.323, 2203.12, 116.078, 0, 0, 0, 0, 0, 0, 0, 0, 0, 0
93, 1800.00000, 2245.74, -5.12146, 2407.13, -122.285, 2205.96, 116.127, 0, 0, 0, 0, 0, 0, 0, 0, 0, 0
93, 2700.00000, 2255.03, -4.96518, 2411.6, -122.112, 2212.63, 116.217, 0, 0, 0, 0, 0, 0, 0, 0, 0, 0
94, 0.00000, 2257.05, -4.94211, 2413.09, -122.069, 2214.18, 116.248, 0, 0, 0, 0, 0, 0, 0, 0, 0, 0
94, 900.00000, 2268.12, -4.77522, 2416.8, -121.872, 2218.54, 116.286, 0, 0, 0, 0, 0, 0, 0, 0, 0, 0
94, 1800.00000, 2274.75, -4.64215, 2417.37, -121.779, 2222.39, 116.306, 0, 0, 0, 0, 0, 0, 0, 0, 0, 0
94, 2700.00000, 2288.55, -4.37637, 2422.64, -121.551, 2234.88, 116.467, 0, 0, 0, 0, 0, 0, 0, 0, 0, 0
95, 0.00000, 2295.62, -4.22401, 2425.28, -121.44, 2242.99, 116.573, 0, 0, 0, 0, 0, 0, 0, 0, 0, 0
95, 900.00000, 2310.04, -3.95449, 2431.49, -121.201, 2257.8, 116.794, 0, 0, 0, 0, 0, 0, 0, 0, 0, 0
95, 1800.00000, 2318.19, -3.75718, 2433, -121.108, 2268.58, 116.93, 0, 0, 0, 0, 0, 0, 0, 0, 0, 0
95, 2700.00000, 2332.81, -3.43827, 2435.48, -120.925, 2283.13, 117.099, 0, 0, 0, 0, 0, 0, 0, 0, 0, 0
96, 0.00000, 2442.28, -0.204888, 2428.15, -119.892, 2432.26, 118.202, 0, 0, 0, 0, 0, 0, 0, 0, 0, 0
