hour, t(sec), S1 (kVA), Ang1, S2 (kVA), Ang2, S3 (kVA), Ang3, S4 (kVA), Ang4
0, 600.00000, 0, 0, 0, 0, 0, 0, 0, 0
0, 1200.00000, 0, 0, 0, 0, 0, 0, 0, 0
0, 1800.00000, 0, 0, 0, 0, 0, 0, 0, 0
0, 2400.00000, 0, 0, 0, 0, 0, 0, 0, 0
0, 3000.00000, 0, 0, 0, 0, 0, 0, 0, 0
1, 0.00000, 0, 0, 0, 0, 0, 0, 0, 0
1, 600.00000, 0, 0, 0, 0, 0, 0, 0, 0
1, 1200.00000, 0, 0, 0, 0, 0, 0, 0, 0
1, 1800.00000, 0, 0, 0, 0, 0, 0, 0, 0
1, 2400.00000, 0, 0, 0, 0, 0, 0, 0, 0
1, 3000.00000, 0, 0, 0, 0, 0, 0, 0, 0
2, 0.00000, 0, 0, 0, 0, 0, 0, 0, 0
2, 600.00000, 0, 0, 0, 0, 0, 0, 0, 0
2, 1200.00000, 0, 0, 0, 0, 0, 0, 0, 0
2, 1800.00000, 0, 0, 0, 0, 0, 0, 0, 0
2, 2400.00000, 0, 0, 0, 0, 0, 0, 0, 0
2, 3000.00000, 0, 0, 0, 0, 0, 0, 0, 0
3, 0.00000, 0, 0, 0, 0, 0, 0, 0, 0
3, 600.00000, 0, 0, 0, 0, 0, 0, 0, 0
3, 1200.00000, 0, 0, 0, 0, 0, 0, 0, 0
3, 1800.00000, 0, 0, 0, 0, 0, 0, 0, 0
3, 2400.00000, 0, 0, 0, 0, 0, 0, 0, 0
3, 3000.00000, 0, 0, 0, 0, 0, 0, 0, 0
4, 0.00000, 0, 0, 0, 0, 0, 0, 0, 0
4, 600.00000, 0, 0, 0, 0, 0, 0, 0, 0
4, 1200.00000, 0, 0, 0, 0, 0, 0, 0, 0
4, 1800.00000, 0, 0, 0, 0, 0, 0, 0, 0
4, 2400.00000, 0, 0, 0, 0, 0, 0, 0, 0
4, 3000.00000, 0, 0, 0, 0, 0, 0, 0, 0
5, 0.00000, 0, 0, 0, 0, 0, 0, 0, 0
5, 600.00000, 0, 0, 0, 0, 0, 0, 0, 0
5, 1200.00000, 0, 0, 0, 0, 0, 0, 0, 0
5, 1800.00000, 0, 0, 0, 0, 0, 0, 0, 0
5, 2400.00000, 0, 0, 0, 0, 0, 0, 0, 0
5, 3000.00000, 0, 0, 0, 0, 0, 0, 0, 0
6, 0.00000, 1.27613, 179.994, 1.25351, -179.999, 1.28404, 179.994, 0, 0
6, 600.00000, 0, 0, 0, 0, 0, 0, 0, 0
6, 1200.00000, 0, 0, 0, 0, 0, 0, 0, 0
6, 1800.00000, 0, 0, 0, 0, 0, 0, 0, 0
6, 2400.00000, 0, 0, 0, 0, 0, 0, 0, 0
6, 3000.00000, 0, 0, 0, 0, 0, 0, 0, 0
7, 0.00000, 0, 0, 0, 0, 0, 0, 0, 0
7, 600.00000, 0, 0, 0, 0, 0, 0, 0, 0
7, 1200.00000, 0, 0, 0, 0, 0, 0, 0, 0
7, 1800.00000, 0, 0, 0, 0, 0, 0, 0, 0
7, 2400.00000, 0, 0, 0, 0, 0, 0, 0, 0
7, 3000.00000, 0, 0, 0, 0, 0, 0, 0, 0
8, 0.00000, 0, 0, 0, 0, 0, 0, 0, 0
8, 600.00000, 0, 0, 0, 0, 0, 0, 0, 0
8, 1200.00000, 0, 0, 0, 0, 0, 0, 0, 0
8, 1800.00000, 0, 0, 0, 0, 0, 0, 0, 0
8, 2400.00000, 1.63576, 179.999, 1.6898, -180, 1.63711, 180, 0, 0
8, 3000.00000, 2.77691, 179.999, 2.87959, -180, 2.77814, 179.999, 0, 0
9, 0.00000, 2.89909, 179.999, 3.01701, -180, 2.89591, 179.999, 0, 0
9, 600.00000, 1.98876, 179.999, 2.07657, -180, 1.98159, 179.999, 0, 0
9, 1200.00000, 1.06311, 180, 1.11121, -180, 1.05445, 179.999, 0, 0
9, 1800.00000, 1.32233, -179.999, 1.36617, 180, 1.30087, 179.999, 0, 0
9, 2400.00000, 0.970694, -179.999, 0.993021, 180, 0.947686, 179.999, 0, 0
9, 3000.00000, 0, 0, 0, 0, 0, 0, 0, 0
10, 0.00000, 0.892409, 179.998, 0.935704, -179.999, 0.876649, 180, 0, 0
10, 600.00000, 1.98816, 179.999, 2.1094, -180, 1.95875, 180, 0, 0
10, 1200.00000, 1.32314, 179.998, 1.42878, -180, 1.31516, -180, 0, 0
10, 1800.00000, 0, 0, 0, 0, 0, 0, 0, 0
10, 2400.00000, 0, 0, 0, 0, 0, 0, 0, 0
10, 3000.00000, 0, 0, 0, 0, 0, 0, 0, 0
11, 0.00000, 0, 0, 0, 0, 0, 0, 0, 0
11, 600.00000, 0.983519, 179.999, 1.08777, -180, 0.980669, 180, 0, 0
11, 1200.00000, 0.872458, 180, 0.965492, -180, 0.868903, 180, 0, 0
11, 1800.00000, 2.244, 180, 2.48401, -180, 2.22876, 179.999, 0, 0
11, 2400.00000, 2.5197, 179.999, 2.79008, 180, 2.5055, 180, 0, 0
11, 3000.00000, 3.20963, 179.998, 3.55646, -179.999, 3.1869, 179.997, 0, 0
12, 0.00000, 1.96941, -179.997, 2.18146, -179.998, 1.9517, 179.998, 0, 0
12, 600.00000, 3.2508, 179.997, 3.60759, 179.999, 3.22693, -179.997, 0, 0
12, 1200.00000, 2.45894, 179.996, 2.73377, 180, 2.44217, 180, 0, 0
12, 1800.00000, 1.11886, -179.997, 1.23962, 179.999, 1.10952, 179.996, 0, 0
12, 2400.00000, 0, 0, 0, 0, 0, 0, 0, 0
12, 3000.00000, 0, 0, 0, 0, 0, 0, 0, 0
13, 0.00000, 0, 0, 0, 0, 0, 0, 0, 0
13, 600.00000, 0, 0, 0, 0, 0, 0, 0, 0
13, 1200.00000, 3.21647, 180, 3.56698, -180, 3.15971, 180, 0, 0
13, 1800.00000, 3.29643, -179.998, 3.65435, -179.998, 3.23461, 180, 0, 0
13, 2400.00000, 2.67245, 179.999, 2.96778, 180, 2.62694, -179.997, 0, 0
13, 3000.00000, 1.97636, -179.997, 2.19126, 180, 1.94222, 180, 0, 0
14, 0.00000, 2.95912, -179.998, 3.28029, -179.999, 2.90744, -179.999, 0, 0
14, 600.00000, 3.26682, -179.997, 3.61484, -179.998, 3.20239, 179.997, 0, 0
14, 1200.00000, 2.78151, 179.996, 3.08612, 180, 2.72954, -179.998, 0, 0
14, 1800.00000, 1.10805, -179.997, 1.22662, -179.999, 1.08452, 179.995, 0, 0
14, 2400.00000, 1.43695, -180, 1.58511, -180, 1.40278, 180, 0, 0
14, 3000.00000, 0.981619, -180, 1.08336, 180, 0.960917, -179.999, 0, 0
15, 0.00000, 0, 0, 0, 0, 0, 0, 0, 0
15, 600.00000, 0, 0, 0, 0, 0, 0, 0, 0
15, 1200.00000, 0, 0, 0, 0, 0, 0, 0, 0
15, 1800.00000, 2.48763, -180, 2.72484, 180, 2.42336, -179.999, 0, 0
15, 2400.00000, 1.13313, -179.999, 1.24022, -179.999, 1.10231, 179.997, 0, 0
15, 3000.00000, 0.939326, -179.996, 1.02649, -179.999, 0.913062, 180, 0, 0
16, 0.00000, 0, 0, 0, 0, 0, 0, 0, 0
16, 600.00000, 0, 0, 0, 0, 0, 0, 0, 0
16, 1200.00000, 0, 0, 0, 0, 0, 0, 0, 0
16, 1800.00000, 0, 0, 0, 0, 0, 0, 0, 0
16, 2400.00000, 0, 0, 0, 0, 0, 0, 0, 0
16, 3000.00000, 1.30714, -179.996, 1.41371, 179.999, 1.2676, 179.999, 0, 0
17, 0.00000, 0, 0, 0, 0, 0, 0, 0, 0
17, 600.00000, 0, 0, 0, 0, 0, 0, 0, 0
17, 1200.00000, 0, 0, 0, 0, 0, 0, 0, 0
17, 1800.00000, 0, 0, 0, 0, 0, 0, 0, 0
17, 2400.00000, 0, 0, 0, 0, 0, 0, 0, 0
17, 3000.00000, 0, 0, 0, 0, 0, 0, 0, 0
18, 0.00000, 0, 0, 0, 0, 0, 0, 0, 0
18, 600.00000, 0, 0, 0, 0, 0, 0, 0, 0
18, 1200.00000, 0, 0, 0, 0, 0, 0, 0, 0
18, 1800.00000, 0, 0, 0, 0, 0, 0, 0, 0
18, 2400.00000, 0, 0, 0, 0, 0, 0, 0, 0
18, 3000.00000, 0, 0, 0, 0, 0, 0, 0, 0
19, 0.00000, 0, 0, 0, 0, 0, 0, 0, 0
19, 600.00000, 0, 0, 0, 0, 0, 0, 0, 0
19, 1200.00000, 0, 0, 0, 0, 0, 0, 0, 0
19, 1800.00000, 0, 0, 0, 0, 0, 0, 0, 0
19, 2400.00000, 0, 0, 0, 0, 0, 0, 0, 0
19, 3000.00000, 0, 0, 0, 0, 0, 0, 0, 0
20, 0.00000, 0, 0, 0, 0, 0, 0, 0, 0
20, 600.00000, 0, 0, 0, 0, 0, 0, 0, 0
20, 1200.00000, 0, 0, 0, 0, 0, 0, 0, 0
20, 1800.00000, 0, 0, 0, 0, 0, 0, 0, 0
20, 2400.00000, 0, 0, 0, 0, 0, 0, 0, 0
20, 3000.00000, 0, 0, 0, 0, 0, 0, 0, 0
21, 0.00000, 0, 0, 0, 0, 0, 0, 0, 0
21, 600.00000, 0, 0, 0, 0, 0, 0, 0, 0
21, 1200.00000, 0, 0, 0, 0, 0, 0, 0, 0
21, 1800.00000, 0, 0, 0, 0, 0, 0, 0, 0
21, 2400.00000, 0, 0, 0, 0, 0, 0, 0, 0
21, 3000.00000, 0, 0, 0, 0, 0, 0, 0, 0
22, 0.00000, 0, 0, 0, 0, 0, 0, 0, 0
22, 600.00000, 0, 0, 0, 0, 0, 0, 0, 0
22, 1200.00000, 0, 0, 0, 0, 0, 0, 0, 0
22, 1800.00000, 0, 0, 0, 0, 0, 0, 0, 0
22, 2400.00000, 0, 0, 0, 0, 0, 0, 0, 0
22, 3000.00000, 0, 0, 0, 0, 0, 0, 0, 0
23, 0.00000, 0, 0, 0, 0, 0, 0, 0, 0
23, 600.00000, 0, 0, 0, 0, 0, 0, 0, 0
23, 1200.00000, 0, 0, 0, 0, 0, 0, 0, 0
23, 1800.00000, 0, 0, 0, 0, 0, 0, 0, 0
23, 2400.00000, 0, 0, 0, 0, 0, 0, 0, 0
23, 3000.00000, 0, 0, 0, 0, 0, 0, 0, 0
24, 0.00000, 0, 0, 0, 0, 0, 0, 0, 0
24, 600.00000, 0, 0, 0, 0, 0, 0, 0, 0
24, 1200.00000, 0, 0, 0, 0, 0, 0, 0, 0
24, 1800.00000, 0, 0, 0, 0, 0, 0, 0, 0
24, 2400.00000, 0, 0, 0, 0, 0, 0, 0, 0
24, 3000.00000, 0, 0, 0, 0, 0, 0, 0, 0
25, 0.00000, 0, 0, 0, 0, 0, 0, 0, 0
25, 600.00000, 0, 0, 0, 0, 0, 0, 0, 0
25, 1200.00000, 0, 0, 0, 0, 0, 0, 0, 0
25, 1800.00000, 0, 0, 0, 0, 0, 0, 0, 0
25, 2400.00000, 0, 0, 0, 0, 0, 0, 0, 0
25, 3000.00000, 0, 0, 0, 0, 0, 0, 0, 0
26, 0.00000, 0, 0, 0, 0, 0, 0, 0, 0
26, 600.00000, 0, 0, 0, 0, 0, 0, 0, 0
26, 1200.00000, 0, 0, 0, 0, 0, 0, 0, 0
26, 1800.00000, 0, 0, 0, 0, 0, 0, 0, 0
26, 2400.00000, 0, 0, 0, 0, 0, 0, 0, 0
26, 3000.00000, 0, 0, 0, 0, 0, 0, 0, 0
27, 0.00000, 0, 0, 0, 0, 0, 0, 0, 0
27, 600.00000, 0, 0, 0, 0, 0, 0, 0, 0
27, 1200.00000, 0, 0, 0, 0, 0, 0, 0, 0
27, 1800.00000, 0, 0, 0, 0, 0, 0, 0, 0
27, 2400.00000, 0, 0, 0, 0, 0, 0, 0, 0
27, 3000.00000, 0, 0, 0, 0, 0, 0, 0, 0
28, 0.00000, 0, 0, 0, 0, 0, 0, 0, 0
28, 600.00000, 0, 0, 0, 0, 0, 0, 0, 0
28, 1200.00000, 0, 0, 0, 0, 0, 0, 0, 0
28, 1800.00000, 0, 0, 0, 0, 0, 0, 0, 0
28, 2400.00000, 0, 0, 0, 0, 0, 0, 0, 0
28, 3000.00000, 0, 0, 0, 0, 0, 0, 0, 0
29, 0.00000, 0, 0, 0, 0, 0, 0, 0, 0
29, 600.00000, 0, 0, 0, 0, 0, 0, 0, 0
29, 1200.00000, 0, 0, 0, 0, 0, 0, 0, 0
29, 1800.00000, 0, 0, 0, 0, 0, 0, 0, 0
29, 2400.00000, 0, 0, 0, 0, 0, 0, 0, 0
29, 3000.00000, 0, 0, 0, 0, 0, 0, 0, 0
30, 0.00000, 0, 0, 0, 0, 0, 0, 0, 0
30, 600.00000, 0, 0, 0, 0, 0, 0, 0, 0
30, 1200.00000, 0, 0, 0, 0, 0, 0, 0, 0
30, 1800.00000, 0, 0, 0, 0, 0, 0, 0, 0
30, 2400.00000, 0, 0, 0, 0, 0, 0, 0, 0
30, 3000.00000, 0, 0, 0, 0, 0, 0, 0, 0
31, 0.00000, 1.14528, 179.999, 1.1411, -180, 1.15322, 179.999, 0, 0
31, 600.00000, 0, 0, 0, 0, 0, 0, 0, 0
31, 1200.00000, 0, 0, 0, 0, 0, 0, 0, 0
31, 1800.00000, 0, 0, 0, 0, 0, 0, 0, 0
31, 2400.00000, 0, 0, 0, 0, 0, 0, 0, 0
31, 3000.00000, 0, 0, 0, 0, 0, 0, 0, 0
32, 0.00000, 0, 0, 0, 0, 0, 0, 0, 0
32, 600.00000, 0, 0, 0, 0, 0, 0, 0, 0
32, 1200.00000, 0, 0, 0, 0, 0, 0, 0, 0
32, 1800.00000, 0, 0, 0, 0, 0, 0, 0, 0
32, 2400.00000, 0, 0, 0, 0, 0, 0, 0, 0
32, 3000.00000, 0, 0, 0, 0, 0, 0, 0, 0
33, 0.00000, 0, 0, 0, 0, 0, 0, 0, 0
33, 600.00000, 0, 0, 0, 0, 0, 0, 0, 0
33, 1200.00000, 0, 0, 0, 0, 0, 0, 0, 0
33, 1800.00000, 0, 0, 0, 0, 0, 0, 0, 0
33, 2400.00000, 0, 0, 0, 0, 0, 0, 0, 0
33, 3000.00000, 0, 0, 0, 0, 0, 0, 0, 0
34, 0.00000, 0, 0, 0, 0, 0, 0, 0, 0
34, 600.00000, 0, 0, 0, 0, 0, 0, 0, 0
34, 1200.00000, 0, 0, 0, 0, 0, 0, 0, 0
34, 1800.00000, 0, 0, 0, 0, 0, 0, 0, 0
34, 2400.00000, 0, 0, 0, 0, 0, 0, 0, 0
34, 3000.00000, 0, 0, 0, 0, 0, 0, 0, 0
35, 0.00000, 0.891294, 179.999, 0.98213, -180, 0.88873, 180, 0, 0
35, 600.00000, 1.24943, 179.999, 1.38184, -180, 1.2458, 180, 0, 0
35, 1200.00000, 1.11757, 180, 1.23672, -180, 1.11301, 180, 0, 0
35, 1800.00000, 1.22084, 180, 1.35154, -180, 1.2126, 179.999, 0, 0
35, 2400.00000, 0.821972, 179.999, 0.910311, 180, 0.817394, 180, 0, 0
35, 3000.00000, 0, 0, 0, 0, 0, 0, 0, 0
36, 0.00000, 0, 0, 0, 0, 0, 0, 0, 0
36, 600.00000, 0, 0, 0, 0, 0, 0, 0, 0
36, 1200.00000, 0.977573, 179.996, 1.08699, 180, 0.970963, 180, 0, 0
36, 1800.00000, 0.901065, -179.997, 0.998352, 179.999, 0.893552, 179.996, 0, 0
36, 2400.00000, 0, 0, 0, 0, 0, 0, 0, 0
36, 3000.00000, 0, 0, 0, 0, 0, 0, 0, 0
37, 0.00000, 0, 0, 0, 0, 0, 0, 0, 0
37, 600.00000, 0, 0, 0, 0, 0, 0, 0, 0
37, 1200.00000, 0, 0, 0, 0, 0, 0, 0, 0
37, 1800.00000, 0, 0, 0, 0, 0, 0, 0, 0
37, 2400.00000, 1.11727, 179.999, 1.24094, 180, 1.09832, -179.997, 0, 0
37, 3000.00000, 1.77822, -179.997, 1.97164, 180, 1.74752, 180, 0, 0
38, 0.00000, 1.64228, -179.998, 1.82073, -179.999, 1.61368, -179.999, 0, 0
38, 600.00000, 1.46364, -179.997, 1.61983, -179.998, 1.43488, 179.997, 0, 0
38, 1200.00000, 1.19016, 179.996, 1.32068, 180, 1.16799, -179.998, 0, 0
38, 1800.00000, 1.09429, -179.997, 1.2114, -179.998, 1.07106, 179.995, 0, 0
38, 2400.00000, 1.04552, -180, 1.15335, -180, 1.02067, 180, 0, 0
38, 3000.00000, 0.954064, -180, 1.05295, 180, 0.933945, -179.999, 0, 0
39, 0.00000, 1.13618, -179.999, 1.24874, 180, 1.11127, -180, 0, 0
39, 600.00000, 2.8539, -180, 3.13014, -180, 2.78042, 179.999, 0, 0
39, 1200.00000, 1.15015, -179.997, 1.25958, -179.999, 1.11837, 179.998, 0, 0
39, 1800.00000, 0.914823, -180, 1.0022, 180, 0.891239, -179.999, 0, 0
39, 2400.00000, 0, 0, 0, 0, 0, 0, 0, 0
39, 3000.00000, 0, 0, 0, 0, 0, 0, 0, 0
40, 0.00000, 0, 0, 0, 0, 0, 0, 0, 0
40, 600.00000, 0, 0, 0, 0, 0, 0, 0, 0
40, 1200.00000, 0, 0, 0, 0, 0, 0, 0, 0
40, 1800.00000, 0, 0, 0, 0, 0, 0, 0, 0
40, 2400.00000, 0, 0, 0, 0, 0, 0, 0, 0
40, 3000.00000, 0, 0, 0, 0, 0, 0, 0, 0
41, 0.00000, 0, 0, 0, 0, 0, 0, 0, 0
41, 600.00000, 0, 0, 0, 0, 0, 0, 0, 0
41, 1200.00000, 0, 0, 0, 0, 0, 0, 0, 0
41, 1800.00000, 0.911093, 179.998, 0.98705, 179.999, 0.885822, -179.999, 0, 0
41, 2400.00000, 0, 0, 0, 0, 0, 0, 0, 0
41, 3000.00000, 0, 0, 0, 0, 0, 0, 0, 0
42, 0.00000, 0, 0, 0, 0, 0, 0, 0, 0
42, 600.00000, 0, 0, 0, 0, 0, 0, 0, 0
42, 1200.00000, 0, 0, 0, 0, 0, 0, 0, 0
42, 1800.00000, 0, 0, 0, 0, 0, 0, 0, 0
42, 2400.00000, 0, 0, 0, 0, 0, 0, 0, 0
42, 3000.00000, 0, 0, 0, 0, 0, 0, 0, 0
43, 0.00000, 0, 0, 0, 0, 0, 0, 0, 0
43, 600.00000, 0, 0, 0, 0, 0, 0, 0, 0
43, 1200.00000, 0, 0, 0, 0, 0, 0, 0, 0
43, 1800.00000, 0, 0, 0, 0, 0, 0, 0, 0
43, 2400.00000, 0, 0, 0, 0, 0, 0, 0, 0
43, 3000.00000, 0, 0, 0, 0, 0, 0, 0, 0
44, 0.00000, 0, 0, 0, 0, 0, 0, 0, 0
44, 600.00000, 0, 0, 0, 0, 0, 0, 0, 0
44, 1200.00000, 0, 0, 0, 0, 0, 0, 0, 0
44, 1800.00000, 0, 0, 0, 0, 0, 0, 0, 0
44, 2400.00000, 0, 0, 0, 0, 0, 0, 0, 0
44, 3000.00000, 0, 0, 0, 0, 0, 0, 0, 0
45, 0.00000, 0, 0, 0, 0, 0, 0, 0, 0
45, 600.00000, 0, 0, 0, 0, 0, 0, 0, 0
45, 1200.00000, 0, 0, 0, 0, 0, 0, 0, 0
45, 1800.00000, 0, 0, 0, 0, 0, 0, 0, 0
45, 2400.00000, 0, 0, 0, 0, 0, 0, 0, 0
45, 3000.00000, 0, 0, 0, 0, 0, 0, 0, 0
46, 0.00000, 0, 0, 0, 0, 0, 0, 0, 0
46, 600.00000, 0, 0, 0, 0, 0, 0, 0, 0
46, 1200.00000, 0, 0, 0, 0, 0, 0, 0, 0
46, 1800.00000, 0, 0, 0, 0, 0, 0, 0, 0
46, 2400.00000, 0, 0, 0, 0, 0, 0, 0, 0
