index,my_shape1_temperature,my_shape2_temperature,my_shape3_temperature,my_shape4_temperature,my_shape5_temperature
2026-01-01 00:00:00,0.765809,0.764465,0.764411,0.794785,0.831197
2026-01-01 00:05:00,0.765206,0.766209,0.766186,0.793857,0.823596
2026-01-01 00:10:00,0.764603,0.767953,0.767961,0.792928,0.815996
2026-01-01 00:15:00,0.764,0.769697,0.769737,0.792,0.808396
2026-01-01 00:20:00,0.763201,0.770995,0.771039,0.7898,0.802745
2026-01-01 00:25:00,0.762403,0.772293,0.77234,0.7876,0.797094
2026-01-01 00:30:00,0.761604,0.773591,0.773642,0.785401,0.791443
2026-01-01 00:35:00,0.758403,0.773007,0.773066,0.7836,0.790295
2026-01-01 00:40:00,0.755201,0.772424,0.77249,0.7818,0.789148
2026-01-01 00:45:00,0.752,0.771841,0.771913,0.78,0.788
2026-01-01 00:50:00,0.750432,0.767443,0.767446,0.777714,0.787483
2026-01-01 00:55:00,0.748864,0.763046,0.762978,0.775428,0.786966
2026-01-01 01:00:00,0.747297,0.758649,0.75851,0.773142,0.78645
2026-01-01 01:05:00,0.746507,0.753287,0.75321,0.775428,0.789663
2026-01-01 01:10:00,0.745718,0.747925,0.74791,0.777714,0.792877
2026-01-01 01:15:00,0.744928,0.742563,0.742611,0.78,0.796091
2026-01-01 01:20:00,0.745034,0.742382,0.742357,0.778501,0.790727
2026-01-01 01:25:00,0.74514,0.742201,0.742104,0.777002,0.785364
2026-01-01 01:30:00,0.745246,0.74202,0.74185,0.775503,0.78
2026-01-01 01:35:00,0.744831,0.741374,0.741167,0.779621,0.776727
2026-01-01 01:40:00,0.744415,0.740727,0.740484,0.78374,0.773455
2026-01-01 01:45:00,0.744,0.740081,0.739801,0.787858,0.770182
2026-01-01 01:50:00,0.744415,0.739037,0.73886,0.785238,0.767258
2026-01-01 01:55:00,0.74483,0.737994,0.737919,0.782619,0.764334
2026-01-01 02:00:00,0.745246,0.73695,0.736977,0.78,0.761409
2026-01-01 02:05:00,0.74483,0.734344,0.734402,0.777333,0.759139
2026-01-01 02:10:00,0.744415,0.731737,0.731827,0.774667,0.756869
2026-01-01 02:15:00,0.744,0.72913,0.729252,0.772,0.7546
2026-01-01 02:20:00,0.744,0.727332,0.727415,0.768,0.75434
2026-01-01 02:25:00,0.744,0.725533,0.725578,0.764,0.75408
2026-01-01 02:30:00,0.744,0.723735,0.723742,0.76,0.75382
2026-01-01 02:35:00,0.744,0.724467,0.724446,0.755581,0.757747
2026-01-01 02:40:00,0.744,0.725199,0.72515,0.751162,0.761673
2026-01-01 02:45:00,0.744,0.725931,0.725854,0.746743,0.7656
2026-01-01 02:50:00,0.744,0.726993,0.726929,0.743887,0.770943
2026-01-01 02:55:00,0.744,0.728054,0.728004,0.741031,0.776285
2026-01-01 03:00:00,0.744,0.729115,0.729078,0.738175,0.781628
2026-01-01 03:05:00,0.744,0.72823,0.72829,0.734783,0.783752
2026-01-01 03:10:00,0.744,0.727345,0.727501,0.731392,0.785876
2026-01-01 03:15:00,0.744,0.72646,0.726713,0.728,0.788
2026-01-01 03:20:00,0.744,0.726536,0.726637,0.730604,0.78615
2026-01-01 03:25:00,0.744,0.726613,0.726562,0.733207,0.784301
2026-01-01 03:30:00,0.744,0.726689,0.726487,0.735811,0.782451
2026-01-01 03:35:00,0.745099,0.725929,0.725839,0.733207,0.782868
2026-01-01 03:40:00,0.746198,0.725168,0.725191,0.730604,0.783286
2026-01-01 03:45:00,0.747297,0.724407,0.724542,0.728,0.783703
2026-01-01 03:50:00,0.747391,0.724294,0.724444,0.726459,0.782469
2026-01-01 03:55:00,0.747484,0.72418,0.724345,0.724917,0.781234
2026-01-01 04:00:00,0.747577,0.724067,0.724246,0.723376,0.78
2026-01-01 04:05:00,0.748388,0.723864,0.723915,0.720917,0.78
2026-01-01 04:10:00,0.7492,0.723661,0.723583,0.718459,0.78
2026-01-01 04:15:00,0.750011,0.723457,0.723252,0.716,0.78
2026-01-01 04:20:00,0.750218,0.721797,0.721562,0.714842,0.78
2026-01-01 04:25:00,0.750425,0.720136,0.719872,0.713685,0.78
2026-01-01 04:30:00,0.750632,0.718475,0.718182,0.712527,0.78
2026-01-01 04:35:00,0.748421,0.719464,0.719307,0.711018,0.781853
2026-01-01 04:40:00,0.746211,0.720452,0.720432,0.709509,0.783705
2026-01-01 04:45:00,0.744,0.72144,0.721556,0.708,0.785558
2026-01-01 04:50:00,0.746667,0.725524,0.725634,0.708,0.783125
2026-01-01 04:55:00,0.749333,0.729609,0.729712,0.708,0.780692
2026-01-01 05:00:00,0.752,0.733694,0.73379,0.708,0.778259
2026-01-01 05:05:00,0.752,0.738934,0.739093,0.707367,0.773272
2026-01-01 05:10:00,0.752,0.744175,0.744396,0.706734,0.768285
2026-01-01 05:15:00,0.752,0.749416,0.749699,0.706101,0.763298
2026-01-01 05:20:00,0.749739,0.750837,0.751091,0.703352,0.759097
2026-01-01 05:25:00,0.747478,0.752258,0.752484,0.700602,0.754896
2026-01-01 05:30:00,0.745218,0.753679,0.753877,0.697853,0.750695
2026-01-01 05:35:00,0.744812,0.754208,0.754294,0.697235,0.749532
2026-01-01 05:40:00,0.744406,0.754736,0.754711,0.696618,0.748369
2026-01-01 05:45:00,0.744,0.755265,0.755128,0.696,0.747205
2026-01-01 05:50:00,0.744,0.756061,0.755887,0.696,0.745955
2026-01-01 05:55:00,0.744,0.756856,0.756646,0.696,0.744705
2026-01-01 06:00:00,0.744,0.757652,0.757405,0.696,0.743455
2026-01-01 06:05:00,0.744,0.757962,0.757748,0.699404,0.743035
2026-01-01 06:10:00,0.744,0.758271,0.758091,0.702808,0.742615
2026-01-01 06:15:00,0.744,0.758581,0.758435,0.706212,0.742195
2026-01-01 06:20:00,0.744,0.759968,0.759913,0.70769,0.74013
2026-01-01 06:25:00,0.744,0.761355,0.761391,0.709169,0.738065
2026-01-01 06:30:00,0.744,0.762742,0.762869,0.710648,0.736
2026-01-01 06:35:00,0.744,0.763125,0.763184,0.709765,0.736864
2026-01-01 06:40:00,0.744,0.763507,0.7635,0.708883,0.737727
2026-01-01 06:45:00,0.744,0.76389,0.763815,0.708,0.738591
2026-01-01 06:50:00,0.742806,0.763289,0.763269,0.708415,0.734307
2026-01-01 06:55:00,0.741613,0.762689,0.762723,0.708829,0.730023
2026-01-01 07:00:00,0.740419,0.762089,0.762177,0.709243,0.72574
2026-01-01 07:05:00,0.736987,0.759827,0.75986,0.705464,0.723651
2026-01-01 07:10:00,0.733555,0.757565,0.757543,0.701684,0.721562
2026-01-01 07:15:00,0.730122,0.755302,0.755226,0.697905,0.719473
2026-01-01 07:20:00,0.730748,0.754136,0.754099,0.69727,0.718805
2026-01-01 07:25:00,0.731374,0.752969,0.752973,0.696635,0.718136
2026-01-01 07:30:00,0.732,0.751803,0.751846,0.696,0.717468
2026-01-01 07:35:00,0.728,0.754393,0.754435,0.698334,0.716978
2026-01-01 07:40:00,0.724,0.756983,0.757023,0.700669,0.716489
2026-01-01 07:45:00,0.72,0.759574,0.759612,0.703003,0.716
2026-01-01 07:50:00,0.72283,0.758299,0.758343,0.705423,0.712
2026-01-01 07:55:00,0.725661,0.757023,0.757073,0.707842,0.708
2026-01-01 08:00:00,0.728491,0.755748,0.755804,0.710262,0.704
2026-01-01 08:05:00,0.725661,0.756142,0.756159,0.708837,0.703059
2026-01-01 08:10:00,0.72283,0.756536,0.756515,0.707412,0.702119
2026-01-01 08:15:00,0.72,0.75693,0.756871,0.705987,0.701178
2026-01-01 08:20:00,0.72,0.757849,0.757801,0.702658,0.699396
2026-01-01 08:25:00,0.72,0.758768,0.758732,0.699329,0.697614
2026-01-01 08:30:00,0.72,0.759686,0.759662,0.696,0.695831
2026-01-01 08:35:00,0.72,0.75919,0.759182,0.696,0.695012
2026-01-01 08:40:00,0.72,0.758694,0.758702,0.696,0.694194
2026-01-01 08:45:00,0.72,0.758198,0.758221,0.696,0.693375
2026-01-01 08:50:00,0.72,0.755382,0.755348,0.696795,0.692916
2026-01-01 08:55:00,0.72,0.752565,0.752475,0.69759,0.692458
2026-01-01 09:00:00,0.72,0.749748,0.749602,0.698384,0.692
2026-01-01 09:05:00,0.72,0.749709,0.74971,0.704239,0.68815
2026-01-01 09:10:00,0.72,0.749669,0.749817,0.710094,0.684299
2026-01-01 09:15:00,0.72,0.74963,0.749925,0.715949,0.680449
2026-01-01 09:20:00,0.72,0.755381,0.755547,0.717943,0.68607
2026-01-01 09:25:00,0.72,0.761132,0.761169,0.719937,0.691692
2026-01-01 09:30:00,0.72,0.766883,0.766791,0.72193,0.697313
2026-01-01 09:35:00,0.72177,0.779293,0.779316,0.727758,0.721383
2026-01-01 09:40:00,0.72354,0.791703,0.791842,0.733587,0.745453
2026-01-01 09:45:00,0.725309,0.804113,0.804367,0.739415,0.769522
2026-01-01 09:50:00,0.725245,0.81971,0.819855,0.745728,0.811724
2026-01-01 09:55:00,0.725181,0.835307,0.835343,0.752041,0.853925
2026-01-01 10:00:00,0.725117,0.850904,0.850831,0.758354,0.896126
2026-01-01 10:05:00,0.731411,0.861306,0.861317,0.768186,0.948496
2026-01-01 10:10:00,0.737706,0.871708,0.871804,0.778017,1.000865
2026-01-01 10:15:00,0.744,0.88211,0.88229,0.787848,1.053235
2026-01-01 10:20:00,0.750531,0.903672,0.903916,0.794348,1.068315
2026-01-01 10:25:00,0.757062,0.925234,0.925543,0.800848,1.083394
2026-01-01 10:30:00,0.763593,0.946796,0.94717,0.807348,1.098474
2026-01-01 10:35:00,0.767728,0.96905,0.969297,0.82188,1.139442
2026-01-01 10:40:00,0.771864,0.991303,0.991425,0.836413,1.180411
2026-01-01 10:45:00,0.776,1.013556,1.013553,0.850946,1.22138
2026-01-01 10:50:00,0.77654,1.069661,1.069588,0.875205,1.261342
2026-01-01 10:55:00,0.77708,1.125766,1.125623,0.899465,1.301304
2026-01-01 11:00:00,0.77762,1.181872,1.181658,0.923725,1.341267
2026-01-01 11:05:00,0.783895,1.150305,1.150082,0.935976,1.307664
2026-01-01 11:10:00,0.79017,1.118739,1.118506,0.948227,1.274061
2026-01-01 11:15:00,0.796446,1.087172,1.08693,0.960479,1.240457
2026-01-01 11:20:00,0.802379,1.121341,1.121231,0.979721,1.227038
2026-01-01 11:25:00,0.808312,1.15551,1.155533,0.998964,1.213618
2026-01-01 11:30:00,0.814245,1.18968,1.189834,1.018207,1.200199
2026-01-01 11:35:00,0.822157,1.243538,1.243703,1.03007,1.184177
2026-01-01 11:40:00,0.830069,1.297396,1.297572,1.041934,1.168156
2026-01-01 11:45:00,0.83798,1.351254,1.351441,1.053797,1.152134
2026-01-01 11:50:00,0.838654,1.318735,1.318743,1.045018,1.143007
2026-01-01 11:55:00,0.839327,1.286215,1.286044,1.036238,1.13388
2026-01-01 12:00:00,0.84,1.253696,1.253345,1.027459,1.124753
2026-01-01 12:05:00,0.844,1.225302,1.225078,1.024973,1.134114
2026-01-01 12:10:00,0.848,1.196908,1.196811,1.022486,1.143475
2026-01-01 12:15:00,0.852,1.168513,1.168544,1.02,1.152837
2026-01-01 12:20:00,0.857555,1.163629,1.16363,1.028246,1.165472
2026-01-01 12:25:00,0.86311,1.158744,1.158716,1.036491,1.178107
2026-01-01 12:30:00,0.868664,1.15386,1.153802,1.044737,1.190742
2026-01-01 12:35:00,0.881,1.157519,1.157466,1.040354,1.209753
2026-01-01 12:40:00,0.893337,1.161177,1.16113,1.035971,1.228764
2026-01-01 12:45:00,0.905673,1.164836,1.164794,1.031588,1.247775
2026-01-01 12:50:00,0.907029,1.187568,1.18758,1.044243,1.260875
2026-01-01 12:55:00,0.908385,1.2103,1.210366,1.056898,1.273974
2026-01-01 13:00:00,0.909741,1.233032,1.233152,1.069553,1.287074
2026-01-01 13:05:00,0.903717,1.27235,1.272316,1.086006,1.319574
2026-01-01 13:10:00,0.897694,1.311667,1.311481,1.10246,1.352074
2026-01-01 13:15:00,0.89167,1.350984,1.350645,1.118913,1.384573
2026-01-01 13:20:00,0.899516,1.352708,1.352546,1.125998,1.364377
2026-01-01 13:25:00,0.907362,1.354432,1.354446,1.133083,1.344181
2026-01-01 13:30:00,0.915208,1.356155,1.356346,1.140168,1.323985
2026-01-01 13:35:00,0.911472,1.349211,1.349338,1.121074,1.235831
2026-01-01 13:40:00,0.907736,1.342266,1.342329,1.10198,1.147677
2026-01-01 13:45:00,0.904,1.335322,1.33532,1.082886,1.059523
2026-01-01 13:50:00,0.91655,1.342091,1.34207,1.086914,1.037173
2026-01-01 13:55:00,0.929101,1.348861,1.34882,1.090943,1.014823
2026-01-01 14:00:00,0.941651,1.355631,1.355569,1.094971,0.992472
2026-01-01 14:05:00,0.949601,1.347782,1.347632,1.102524,1.056998
2026-01-01 14:10:00,0.957551,1.339933,1.339694,1.110077,1.121524
2026-01-01 14:15:00,0.965501,1.332083,1.331756,1.11763,1.18605
2026-01-01 14:20:00,0.969116,1.304032,1.303674,1.104119,1.351966
2026-01-01 14:25:00,0.97273,1.27598,1.275593,1.090607,1.517882
2026-01-01 14:30:00,0.976345,1.247928,1.247511,1.077095,1.683798
2026-01-01 14:35:00,0.981461,1.248506,1.248251,1.07483,1.73057
2026-01-01 14:40:00,0.986577,1.249085,1.248992,1.072565,1.777342
2026-01-01 14:45:00,0.991693,1.249663,1.249732,1.070299,1.824114
2026-01-01 14:50:00,1.002462,1.220838,1.220914,1.052138,1.764733
2026-01-01 14:55:00,1.013231,1.192012,1.192097,1.033976,1.705351
2026-01-01 15:00:00,1.024,1.163187,1.163279,1.015814,1.64597
2026-01-01 15:05:00,1.025831,1.146069,1.146137,1.019508,1.514205
2026-01-01 15:10:00,1.027662,1.128952,1.128996,1.023202,1.382439
2026-01-01 15:15:00,1.029493,1.111834,1.111855,1.026895,1.250673
2026-01-01 15:20:00,1.020259,1.105424,1.105611,1.029901,1.201606
2026-01-01 15:25:00,1.011026,1.099015,1.099368,1.032907,1.152539
2026-01-01 15:30:00,1.001793,1.092605,1.093124,1.035912,1.103472
2026-01-01 15:35:00,0.987433,1.114868,1.115264,1.039897,1.092015
2026-01-01 15:40:00,0.973074,1.137132,1.137403,1.043881,1.080557
2026-01-01 15:45:00,0.958714,1.159395,1.159542,1.047866,1.0691
2026-01-01 15:50:00,0.950514,1.177659,1.177879,1.036562,1.077918
2026-01-01 15:55:00,0.942314,1.195923,1.196217,1.025258,1.086736
2026-01-01 16:00:00,0.934114,1.214187,1.214554,1.013954,1.095555
2026-01-01 16:05:00,0.939893,1.234887,1.235079,1.015613,1.050119
2026-01-01 16:10:00,0.945671,1.255586,1.255603,1.017272,1.004683
2026-01-01 16:15:00,0.95145,1.276286,1.276127,1.018931,0.959247
2026-01-01 16:20:00,0.946338,1.271574,1.271382,0.980839,0.949748
2026-01-01 16:25:00,0.941226,1.266861,1.266637,0.942747,0.94025
2026-01-01 16:30:00,0.936114,1.262149,1.261892,0.904655,0.930751
2026-01-01 16:35:00,0.926529,1.19754,1.197472,0.906636,0.915974
2026-01-01 16:40:00,0.916944,1.132931,1.133051,0.908617,0.901196
2026-01-01 16:45:00,0.907359,1.068323,1.06863,0.910597,0.886419
2026-01-01 16:50:00,0.891573,1.064832,1.065089,0.929153,0.878339
2026-01-01 16:55:00,0.875786,1.061342,1.061549,0.947709,0.870259
2026-01-01 17:00:00,0.86,1.057851,1.058008,0.966265,0.862179
2026-01-01 17:05:00,0.859621,1.054835,1.054876,0.970562,0.86193
2026-01-01 17:10:00,0.859242,1.05182,1.051744,0.974859,0.861681
2026-01-01 17:15:00,0.858862,1.048804,1.048612,0.979156,0.861431
2026-01-01 17:20:00,0.85106,1.06039,1.06041,0.992227,0.865594
2026-01-01 17:25:00,0.843257,1.071977,1.072208,1.005297,0.869756
2026-01-01 17:30:00,0.835454,1.083563,1.084007,1.018368,0.873918
2026-01-01 17:35:00,0.832409,1.100852,1.101209,1.019999,0.871691
2026-01-01 17:40:00,0.829365,1.118141,1.118411,1.02163,0.869463
2026-01-01 17:45:00,0.82632,1.13543,1.135613,1.023261,0.867235
2026-01-01 17:50:00,0.826084,1.133337,1.13338,1.011886,0.873892
2026-01-01 17:55:00,0.825847,1.131245,1.131146,1.000511,0.880548
2026-01-01 18:00:00,0.825611,1.129153,1.128912,0.989137,0.887204
2026-01-01 18:05:00,0.817899,1.112953,1.114167,0.988758,0.890136
2026-01-01 18:10:00,0.810187,1.096753,1.099423,0.988379,0.893068
2026-01-01 18:15:00,0.802475,1.080553,1.084678,0.988,0.896
2026-01-01 18:20:00,0.795542,1.04538,1.050194,0.98,0.904771
2026-01-01 18:25:00,0.78861,1.010208,1.015709,0.972,0.913543
2026-01-01 18:30:00,0.781677,0.975035,0.981224,0.964,0.922314
2026-01-01 18:35:00,0.772534,0.956351,0.960424,0.967268,0.928209
2026-01-01 18:40:00,0.763392,0.937668,0.939624,0.970536,0.934105
2026-01-01 18:45:00,0.754249,0.918985,0.918825,0.973805,0.94
2026-01-01 18:50:00,0.758332,0.919007,0.918869,0.974535,0.940883
2026-01-01 18:55:00,0.762414,0.919028,0.918913,0.975265,0.941767
2026-01-01 19:00:00,0.766497,0.91905,0.918957,0.975995,0.94265
2026-01-01 19:05:00,0.770298,0.912398,0.912229,0.968224,0.940301
2026-01-01 19:10:00,0.774098,0.905746,0.905501,0.960452,0.937951
2026-01-01 19:15:00,0.777899,0.899094,0.898772,0.95268,0.935602
2026-01-01 19:20:00,0.782282,0.89026,0.890048,0.944897,0.951372
2026-01-01 19:25:00,0.786664,0.881425,0.881323,0.937114,0.967143
2026-01-01 19:30:00,0.791047,0.872591,0.872599,0.929331,0.982913
2026-01-01 19:35:00,0.790031,0.867569,0.867578,0.92476,0.9969
2026-01-01 19:40:00,0.789016,0.862547,0.862558,0.92019,1.010888
2026-01-01 19:45:00,0.788,0.857525,0.857538,0.915619,1.024875
2026-01-01 19:50:00,0.788,0.853278,0.85327,0.914413,1.019831
2026-01-01 19:55:00,0.788,0.84903,0.849003,0.913206,1.014788
2026-01-01 20:00:00,0.788,0.844782,0.844736,0.912,1.009744
2026-01-01 20:05:00,0.788,0.840476,0.840411,0.90752,0.990768
2026-01-01 20:10:00,0.788,0.836171,0.836085,0.903039,0.971792
2026-01-01 20:15:00,0.788,0.831866,0.83176,0.898559,0.952815
2026-01-01 20:20:00,0.788,0.828292,0.828263,0.89281,0.936165
2026-01-01 20:25:00,0.788,0.824718,0.824766,0.887061,0.919516
2026-01-01 20:30:00,0.788,0.821144,0.821269,0.881312,0.902866
2026-01-01 20:35:00,0.788342,0.818202,0.818293,0.875191,0.893818
2026-01-01 20:40:00,0.788685,0.815261,0.815317,0.86907,0.88477
2026-01-01 20:45:00,0.789027,0.81232,0.812342,0.862949,0.875722
2026-01-01 20:50:00,0.789835,0.810408,0.810421,0.858393,0.867988
2026-01-01 20:55:00,0.790642,0.808497,0.808501,0.853836,0.860255
2026-01-01 21:00:00,0.79145,0.806585,0.806581,0.849279,0.852521
2026-01-01 21:05:00,0.7903,0.804659,0.804562,0.844853,0.84496
2026-01-01 21:10:00,0.78915,0.802732,0.802542,0.840426,0.837398
2026-01-01 21:15:00,0.788,0.800806,0.800522,0.836,0.829837
2026-01-01 21:20:00,0.788,0.799183,0.799017,0.833477,0.830122
2026-01-01 21:25:00,0.788,0.797559,0.797511,0.830955,0.830407
2026-01-01 21:30:00,0.788,0.795936,0.796006,0.828432,0.830692
2026-01-01 21:35:00,0.78528,0.796506,0.796618,0.826955,0.828461
2026-01-01 21:40:00,0.782561,0.797076,0.79723,0.825477,0.826231
2026-01-01 21:45:00,0.779841,0.797646,0.797843,0.824,0.824
2026-01-01 21:50:00,0.777307,0.79868,0.798862,0.824,0.824
2026-01-01 21:55:00,0.774772,0.799715,0.799882,0.824,0.824
2026-01-01 22:00:00,0.772238,0.800749,0.800902,0.824,0.824
2026-01-01 22:05:00,0.768439,0.799338,0.799543,0.823583,0.824
2026-01-01 22:10:00,0.76464,0.797927,0.798185,0.823167,0.824
2026-01-01 22:15:00,0.760841,0.796516,0.796827,0.82275,0.824
2026-01-01 22:20:00,0.753122,0.794873,0.795122,0.821423,0.824
2026-01-01 22:25:00,0.745403,0.793229,0.793418,0.820096,0.824
2026-01-01 22:30:00,0.737685,0.791586,0.791713,0.81877,0.824
2026-01-01 22:35:00,0.738411,0.788576,0.788694,0.8187,0.824
2026-01-01 22:40:00,0.739138,0.785567,0.785674,0.81863,0.824
2026-01-01 22:45:00,0.739865,0.782558,0.782655,0.818561,0.824
2026-01-01 22:50:00,0.739407,0.782457,0.782494,0.820374,0.824
2026-01-01 22:55:00,0.738949,0.782357,0.782333,0.822187,0.824
2026-01-01 23:00:00,0.738491,0.782257,0.782172,0.824,0.824
2026-01-01 23:05:00,0.740328,0.782326,0.782254,0.823616,0.824
2026-01-01 23:10:00,0.742164,0.782396,0.782337,0.823231,0.824
2026-01-01 23:15:00,0.744,0.782465,0.782419,0.822847,0.824
2026-01-01 23:20:00,0.744447,0.783447,0.783385,0.821505,0.824
2026-01-01 23:25:00,0.744895,0.784428,0.78435,0.820162,0.824
2026-01-01 23:30:00,0.745342,0.78541,0.785316,0.81882,0.824
2026-01-01 23:35:00,0.745301,0.784519,0.784487,0.81788,0.824
2026-01-01 23:40:00,0.745259,0.783628,0.783659,0.81694,0.824
2026-01-01 23:45:00,0.745217,0.782737,0.78283,0.816,0.824
2026-01-01 23:50:00,0.747602,0.784938,0.784996,0.818662,0.824
2026-01-01 23:55:00,0.749986,0.787138,0.787163,0.821323,0.824
