ambient_temperature_celsius,battery_voltage,datetime,document_count_ambient_temperature_celsius,document_count_battery_voltage,document_count_ghi_irradiance_wm2,document_count_gri_irradiance_wm2,document_count_panel_temperature_celsius,document_count_poa_irradiance_wm2,document_count_precipitation_accumulated_mm,document_count_tracker_albedo_index,document_count_wind_direction_degrees,document_count_wind_speed_ms,ghi_irradiance_wm2,gri_irradiance_wm2,interpolated_keys_ghi_irradiance_wm2,interpolated_keys_poa_irradiance_wm2,panel_temperature_celsius,poa_irradiance_wm2,precipitation_accumulated_mm,ps_id,tracker_albedo_index,wind_direction_degrees,wind_speed_ms
,,2024-11-28T00:00:00Z,0,0,0,0,0,0,0,0,0,0,,,,,,,,PS_021,,,
,,2024-11-28T00:15:00Z,0,0,0,0,0,0,0,0,0,0,,,,,,,,PS_021,,,
,,2024-11-28T00:30:00Z,0,0,0,0,0,0,0,0,0,0,,,,,,,,PS_021,,,
,,2024-11-28T00:45:00Z,0,0,0,0,0,0,0,0,0,0,,,,,,,,PS_021,,,
,,2024-11-28T01:00:00Z,0,0,0,0,0,0,0,0,0,0,,,,,,,,PS_021,,,
,,2024-11-28T01:15:00Z,0,0,0,0,0,0,0,0,0,0,,,,,,,,PS_021,,,
,,2024-11-28T01:30:00Z,0,0,0,0,0,0,0,0,0,0,,,,,,,,PS_021,,,
,,2024-11-28T01:45:00Z,0,0,0,0,0,0,0,0,0,0,,,,,,,,PS_021,,,
,,2024-11-28T02:00:00Z,0,0,0,0,0,0,0,0,0,0,,,,,,,,PS_021,,,
,,2024-11-28T02:15:00Z,0,0,0,0,0,0,0,0,0,0,,,,,,,,PS_021,,,
,,2024-11-28T02:30:00Z,0,0,0,0,0,0,0,0,0,0,,,,,,,,PS_021,,,
,,2024-11-28T02:45:00Z,0,0,0,0,0,0,0,0,0,0,,,,,,,,PS_021,,,
,,2024-11-28T03:00:00Z,0,0,0,0,0,0,0,0,0,0,,,,,,,,PS_021,,,
,,2024-11-28T03:15:00Z,0,0,0,0,0,0,0,0,0,0,,,,,,,,PS_021,,,
,,2024-11-28T03:30:00Z,0,0,0,0,0,0,0,0,0,0,,,,,,,,PS_021,,,
,,2024-11-28T03:45:00Z,0,0,0,0,0,0,0,0,0,0,,,,,,,,PS_021,,,
,,2024-11-28T04:00:00Z,0,0,0,0,0,0,0,0,0,0,,,,,,,,PS_021,,,
,,2024-11-28T04:15:00Z,0,0,0,0,0,0,0,0,0,0,,,,,,,,PS_021,,,
,,2024-11-28T04:30:00Z,0,0,0,0,0,0,0,0,0,0,,,,,,,,PS_021,,,
,,2024-11-28T04:45:00Z,0,0,0,0,0,0,0,0,0,0,,,,,,,,PS_021,,,
,,2024-11-28T05:00:00Z,0,0,0,0,0,0,0,0,0,0,,,,,,,,PS_021,,,
,,2024-11-28T05:15:00Z,0,0,0,0,0,0,0,0,0,0,,,,,,,,PS_021,,,
,,2024-11-28T05:30:00Z,0,0,0,0,0,0,0,0,0,0,,,,,,,,PS_021,,,
,,2024-11-28T05:45:00Z,0,0,0,0,0,0,0,0,0,0,,,,,,,,PS_021,,,
,,2024-11-28T06:00:00Z,0,0,0,0,0,0,0,0,0,0,,,,,,,,PS_021,,,
,,2024-11-28T06:15:00Z,0,0,0,0,0,0,0,0,0,0,,,,,,,,PS_021,,,
,,2024-11-28T06:30:00Z,0,0,0,0,0,0,0,0,0,0,,,,,,,,PS_021,,,
,,2024-11-28T06:45:00Z,0,0,0,0,0,0,0,0,0,0,,,,,,,,PS_021,,,
,,2024-11-28T07:00:00Z,0,0,0,0,0,0,0,0,0,0,,,,,,,,PS_021,,,
,,2024-11-28T07:15:00Z,0,0,0,0,0,0,0,0,0,0,,,,,,,,PS_021,,,
,,2024-11-28T07:30:00Z,0,0,0,0,0,0,0,0,0,0,,,,,,,,PS_021,,,
,,2024-11-28T07:45:00Z,0,0,0,0,0,0,0,0,0,0,,,,,,,,PS_021,,,
,,2024-11-28T08:00:00Z,0,0,0,0,0,0,0,0,0,0,,,,,,,,PS_021,,,
,,2024-11-28T08:15:00Z,0,0,0,0,0,0,0,0,0,0,,,,,,,,PS_021,,,
,,2024-11-28T08:30:00Z,0,0,0,0,0,0,0,0,0,0,,,,,,,,PS_021,,,
,,2024-11-28T08:45:00Z,0,0,0,0,0,0,0,0,0,0,,,,,,,,PS_021,,,
,,2024-11-28T09:00:00Z,0,0,0,0,0,0,0,0,0,0,,,,,,,,PS_021,,,
,,2024-11-28T09:15:00Z,0,0,0,0,0,0,0,0,0,0,,,,,,,,PS_021,,,
,,2024-11-28T09:30:00Z,0,0,0,0,0,0,0,0,0,0,,,,,,,,PS_021,,,
,,2024-11-28T09:45:00Z,0,0,0,0,0,0,0,0,0,0,,,,,,,,PS_021,,,
,,2024-11-28T10:00:00Z,0,0,0,0,0,0,0,0,0,0,,,,,,,,PS_021,,,
,,2024-11-28T10:15:00Z,0,0,0,0,0,0,0,0,0,0,,,,,,,,PS_021,,,
,,2024-11-28T10:30:00Z,0,0,0,0,0,0,0,0,0,0,,,,,,,,PS_021,,,
,,2024-11-28T10:45:00Z,0,0,0,0,0,0,0,0,0,0,,,,,,,,PS_021,,,
,,2024-11-28T11:00:00Z,0,0,0,0,0,0,0,0,0,0,,,,,,,,PS_021,,,
,,2024-11-28T11:15:00Z,0,0,0,0,0,0,0,0,0,0,,,,,,,,PS_021,,,
,,2024-11-28T11:30:00Z,0,0,0,0,0,0,0,0,0,0,,,,,,,,PS_021,,,
,,2024-11-28T11:45:00Z,0,0,0,0,0,0,0,0,0,0,,,,,,,,PS_021,,,
,,2024-11-28T12:00:00Z,0,0,0,0,0,0,0,0,0,0,,,,,,,,PS_021,,,
,,2024-11-28T12:15:00Z,0,0,0,0,0,0,0,0,0,0,,,,,,,,PS_021,,,
,,2024-11-28T12:30:00Z,0,0,0,0,0,0,0,0,0,0,,,,,,,,PS_021,,,
,,2024-11-28T12:45:00Z,0,0,0,0,0,0,0,0,0,0,,,,,,,,PS_021,,,
,,2024-11-28T13:00:00Z,0,0,0,0,0,0,0,0,0,0,,,,,,,,PS_021,,,
,,2024-11-28T13:15:00Z,0,0,0,0,0,0,0,0,0,0,,,,,,,,PS_021,,,
,,2024-11-28T13:30:00Z,0,0,0,0,0,0,0,0,0,0,,,,,,,,PS_021,,,
,,2024-11-28T13:45:00Z,0,0,0,0,0,0,0,0,0,0,,,,,,,,PS_021,,,
,,2024-11-28T14:00:00Z,0,0,0,0,0,0,0,0,0,0,,,,,,,,PS_021,,,
,,2024-11-28T14:15:00Z,0,0,0,0,0,0,0,0,0,0,,,,,,,,PS_021,,,
,,2024-11-28T14:30:00Z,0,0,0,0,0,0,0,0,0,0,,,,,,,,PS_021,,,
,,2024-11-28T14:45:00Z,0,0,0,0,0,0,0,0,0,0,,,,,,,,PS_021,,,
,,2024-11-28T15:00:00Z,0,0,0,0,0,0,0,0,0,0,,,,,,,,PS_021,,,
,,2024-11-28T15:15:00Z,0,0,0,0,0,0,0,0,0,0,,,,,,,,PS_021,,,
,,2024-11-28T15:30:00Z,0,0,0,0,0,0,0,0,0,0,,,,,,,,PS_021,,,
,,2024-11-28T15:45:00Z,0,0,0,0,0,0,0,0,0,0,,,,,,,,PS_021,,,
,,2024-11-28T16:00:00Z,0,0,0,0,0,0,0,0,0,0,,,,,,,,PS_021,,,
,,2024-11-28T16:15:00Z,0,0,0,0,0,0,0,0,0,0,,,,,,,,PS_021,,,
,,2024-11-28T16:30:00Z,0,0,0,0,0,0,0,0,0,0,,,,,,,,PS_021,,,
,,2024-11-28T16:45:00Z,0,0,0,0,0,0,0,0,0,0,,,,,,,,PS_021,,,
,,2024-11-28T17:00:00Z,0,0,0,0,0,0,0,0,0,0,,,,,,,,PS_021,,,
,,2024-11-28T17:15:00Z,0,0,3,0,0,3,0,0,0,0,198.45665672656864,,,,,198.91828098361256,,PS_021,,,
,,2024-11-28T17:30:00Z,0,0,2,0,0,2,0,0,0,0,191.3708079015159,,,,,191.38204698560403,,PS_021,,,
,,2024-11-28T17:45:00Z,0,0,0,0,0,0,0,0,0,0,,,,,,,,PS_021,,,
,,2024-11-28T18:00:00Z,0,0,0,0,0,0,0,0,0,0,,,,,,,,PS_021,,,
,,2024-11-28T18:15:00Z,0,0,0,0,0,0,0,0,0,0,,,,,,,,PS_021,,,
,,2024-11-28T18:30:00Z,0,0,0,0,0,0,0,0,0,0,,,,,,,,PS_021,,,
,,2024-11-28T18:45:00Z,0,0,0,0,0,0,0,0,0,0,,,,,,,,PS_021,,,
,,2024-11-28T19:00:00Z,0,0,0,0,0,0,0,0,0,0,,,,,,,,PS_021,,,
,,2024-11-28T19:15:00Z,0,0,0,0,0,0,0,0,0,0,,,,,,,,PS_021,,,
,,2024-11-28T19:30:00Z,0,0,0,0,0,0,0,0,0,0,,,,,,,,PS_021,,,
,,2024-11-28T19:45:00Z,0,0,0,0,0,0,0,0,0,0,,,,,,,,PS_021,,,
,,2024-11-28T20:00:00Z,0,0,0,0,0,0,0,0,0,0,,,,,,,,PS_021,,,
,,2024-11-28T20:15:00Z,0,0,0,0,0,0,0,0,0,0,,,,,,,,PS_021,,,
,,2024-11-28T20:30:00Z,0,0,0,0,0,0,0,0,0,0,,,,,,,,PS_021,,,
,,2024-11-28T20:45:00Z,0,0,0,0,0,0,0,0,0,0,,,,,,,,PS_021,,,
,,2024-11-28T21:00:00Z,0,0,0,0,0,0,0,0,0,0,,,,,,,,PS_021,,,
,,2024-11-28T21:15:00Z,0,0,0,0,0,0,0,0,0,0,,,,,,,,PS_021,,,
,,2024-11-28T21:30:00Z,0,0,0,0,0,0,0,0,0,0,,,,,,,,PS_021,,,
,,2024-11-28T21:45:00Z,0,0,0,0,0,0,0,0,0,0,,,,,,,,PS_021,,,
,,2024-11-28T22:00:00Z,0,0,0,0,0,0,0,0,0,0,,,,,,,,PS_021,,,
,,2024-11-28T22:15:00Z,0,0,0,0,0,0,0,0,0,0,,,,,,,,PS_021,,,
,,2024-11-28T22:30:00Z,0,0,0,0,0,0,0,0,0,0,,,,,,,,PS_021,,,
,,2024-11-28T22:45:00Z,0,0,0,0,0,0,0,0,0,0,,,,,,,,PS_021,,,
,,2024-11-28T23:00:00Z,0,0,0,0,0,0,0,0,0,0,,,,,,,,PS_021,,,
,,2024-11-28T23:15:00Z,0,0,0,0,0,0,0,0,0,0,,,,,,,,PS_021,,,
,,2024-11-28T23:30:00Z,0,0,0,0,0,0,0,0,0,0,,,,,,,,PS_021,,,
,,2024-11-28T23:45:00Z,0,0,0,0,0,0,0,0,0,0,,,,,,,,PS_021,,,
,,2024-11-29T00:00:00Z,0,0,0,0,0,0,0,0,0,0,,,,,,,,PS_021,,,
,,2024-11-29T00:15:00Z,0,0,0,0,0,0,0,0,0,0,,,,,,,,PS_021,,,
,,2024-11-29T00:30:00Z,0,0,0,0,0,0,0,0,0,0,,,,,,,,PS_021,,,
,,2024-11-29T00:45:00Z,0,0,0,0,0,0,0,0,0,0,,,,,,,,PS_021,,,
,,2024-11-29T01:00:00Z,0,0,0,0,0,0,0,0,0,0,,,,,,,,PS_021,,,
,,2024-11-29T01:15:00Z,0,0,0,0,0,0,0,0,0,0,,,,,,,,PS_021,,,
,,2024-11-29T01:30:00Z,0,0,0,0,0,0,0,0,0,0,,,,,,,,PS_021,,,
,,2024-11-29T01:45:00Z,0,0,0,0,0,0,0,0,0,0,,,,,,,,PS_021,,,
,,2024-11-29T02:00:00Z,0,0,0,0,0,0,0,0,0,0,,,,,,,,PS_021,,,
,,2024-11-29T02:15:00Z,0,0,0,0,0,0,0,0,0,0,,,,,,,,PS_021,,,
,,2024-11-29T02:30:00Z,0,0,0,0,0,0,0,0,0,0,,,,,,,,PS_021,,,
,,2024-11-29T02:45:00Z,0,0,0,0,0,0,0,0,0,0,,,,,,,,PS_021,,,
,,2024-11-29T03:00:00Z,0,0,0,0,0,0,0,0,0,0,,,,,,,,PS_021,,,
,,2024-11-29T03:15:00Z,0,0,0,0,0,0,0,0,0,0,,,,,,,,PS_021,,,
,,2024-11-29T03:30:00Z,0,0,0,0,0,0,0,0,0,0,,,,,,,,PS_021,,,
,,2024-11-29T03:45:00Z,0,0,0,0,0,0,0,0,0,0,,,,,,,,PS_021,,,
,,2024-11-29T04:00:00Z,0,0,0,0,0,0,0,0,0,0,,,,,,,,PS_021,,,
,,2024-11-29T04:15:00Z,0,0,0,0,0,0,0,0,0,0,,,,,,,,PS_021,,,
,,2024-11-29T04:30:00Z,0,0,0,0,0,0,0,0,0,0,,,,,,,,PS_021,,,
,,2024-11-29T04:45:00Z,0,0,0,0,0,0,0,0,0,0,,,,,,,,PS_021,,,
,,2024-11-29T05:00:00Z,0,0,0,0,0,0,0,0,0,0,,,,,,,,PS_021,,,
,,2024-11-29T05:15:00Z,0,0,0,0,0,0,0,0,0,0,,,,,,,,PS_021,,,
,,2024-11-29T05:30:00Z,0,0,0,0,0,0,0,0,0,0,,,,,,,,PS_021,,,
,,2024-11-29T05:45:00Z,0,0,0,0,0,0,0,0,0,0,,,,,,,,PS_021,,,
,,2024-11-29T06:00:00Z,0,0,0,0,0,0,0,0,0,0,,,,,,,,PS_021,,,
,,2024-11-29T06:15:00Z,0,0,0,0,0,0,0,0,0,0,,,,,,,,PS_021,,,
,,2024-11-29T06:30:00Z,0,0,0,0,0,0,0,0,0,0,,,,,,,,PS_021,,,
,,2024-11-29T06:45:00Z,0,0,0,0,0,0,0,0,0,0,,,,,,,,PS_021,,,
,,2024-11-29T07:00:00Z,0,0,0,0,0,0,0,0,0,0,,,,,,,,PS_021,,,
,,2024-11-29T07:15:00Z,0,0,0,0,0,0,0,0,0,0,,,,,,,,PS_021,,,
,,2024-11-29T07:30:00Z,0,0,0,0,0,0,0,0,0,0,,,,,,,,PS_021,,,
,,2024-11-29T07:45:00Z,0,0,0,0,0,0,0,0,0,0,,,,,,,,PS_021,,,
,,2024-11-29T08:00:00Z,0,0,0,0,0,0,0,0,0,0,,,,,,,,PS_021,,,
,,2024-11-29T08:15:00Z,0,0,0,0,0,0,0,0,0,0,,,,,,,,PS_021,,,
,,2024-11-29T08:30:00Z,0,0,0,0,0,0,0,0,0,0,,,,,,,,PS_021,,,
,,2024-11-29T08:45:00Z,0,0,0,0,0,0,0,0,0,0,,,,,,,,PS_021,,,
,,2024-11-29T09:00:00Z,0,0,0,0,0,0,0,0,0,0,,,,,,,,PS_021,,,
,,2024-11-29T09:15:00Z,0,0,0,0,0,0,0,0,0,0,,,,,,,,PS_021,,,
,,2024-11-29T09:30:00Z,0,0,0,0,0,0,0,0,0,0,,,,,,,,PS_021,,,
,,2024-11-29T09:45:00Z,0,0,0,0,0,0,0,0,0,0,,,,,,,,PS_021,,,
,,2024-11-29T10:00:00Z,0,0,0,0,0,0,0,0,0,0,,,,,,,,PS_021,,,
,,2024-11-29T10:15:00Z,0,0,0,0,0,0,0,0,0,0,,,,,,,,PS_021,,,
,,2024-11-29T10:30:00Z,0,0,0,0,0,0,0,0,0,0,,,,,,,,PS_021,,,
,,2024-11-29T10:45:00Z,0,0,0,0,0,0,0,0,0,0,,,,,,,,PS_021,,,
,,2024-11-29T11:00:00Z,0,0,0,0,0,0,0,0,0,0,,,,,,,,PS_021,,,
,,2024-11-29T11:15:00Z,0,0,0,0,0,0,0,0,0,0,,,,,,,,PS_021,,,
,,2024-11-29T11:30:00Z,0,0,0,0,0,0,0,0,0,0,,,,,,,,PS_021,,,
,,2024-11-29T11:45:00Z,0,0,0,0,0,0,0,0,0,0,,,,,,,,PS_021,,,
,,2024-11-29T12:00:00Z,0,0,0,0,0,0,0,0,0,0,,,,,,,,PS_021,,,
,,2024-11-29T12:15:00Z,0,0,0,0,0,0,0,0,0,0,,,,,,,,PS_021,,,
,,2024-11-29T12:30:00Z,0,0,0,0,0,0,0,0,0,0,,,,,,,,PS_021,,,
,,2024-11-29T12:45:00Z,0,0,0,0,0,0,0,0,0,0,,,,,,,,PS_021,,,
,,2024-11-29T13:00:00Z,0,0,0,0,0,0,0,0,0,0,,,,,,,,PS_021,,,
,,2024-11-29T13:15:00Z,0,0,0,0,0,0,0,0,0,0,,,,,,,,PS_021,,,
,,2024-11-29T13:30:00Z,0,0,0,0,0,0,0,0,0,0,,,,,,,,PS_021,,,
,,2024-11-29T13:45:00Z,0,0,0,0,0,0,0,0,0,0,,,,,,,,PS_021,,,
,,2024-11-29T14:00:00Z,0,0,0,0,0,0,0,0,0,0,,,,,,,,PS_021,,,
,,2024-11-29T14:15:00Z,0,0,0,0,0,0,0,0,0,0,,,,,,,,PS_021,,,
,,2024-11-29T14:30:00Z,0,0,0,0,0,0,0,0,0,0,,,,,,,,PS_021,,,
,,2024-11-29T14:45:00Z,0,0,0,0,0,0,0,0,0,0,,,,,,,,PS_021,,,
,,2024-11-29T15:00:00Z,0,0,0,0,0,0,0,0,0,0,,,,,,,,PS_021,,,
,,2024-11-29T15:15:00Z,0,0,0,0,0,0,0,0,0,0,,,,,,,,PS_021,,,
,,2024-11-29T15:30:00Z,0,0,0,0,0,0,0,0,0,0,,,,,,,,PS_021,,,
,,2024-11-29T15:45:00Z,0,0,0,0,0,0,0,0,0,0,,,,,,,,PS_021,,,
,,2024-11-29T16:00:00Z,0,0,0,0,0,0,0,0,0,0,,,,,,,,PS_021,,,
,,2024-11-29T16:15:00Z,0,0,0,0,0,0,0,0,0,0,,,,,,,,PS_021,,,
,,2024-11-29T16:30:00Z,0,0,0,0,0,0,0,0,0,0,,,,,,,,PS_021,,,
,,2024-11-29T16:45:00Z,0,0,0,0,0,0,0,0,0,0,,,,,,,,PS_021,,,
,,2024-11-29T17:00:00Z,0,0,0,0,0,0,0,0,0,0,,,,,,,,PS_021,,,
,,2024-11-29T17:15:00Z,0,0,0,0,0,0,0,0,0,0,,,,,,,,PS_021,,,
,,2024-11-29T17:30:00Z,0,0,0,0,0,0,0,0,0,0,,,,,,,,PS_021,,,
,,2024-11-29T17:45:00Z,0,0,0,0,0,0,0,0,0,0,,,,,,,,PS_021,,,
,,2024-11-29T18:00:00Z,0,0,0,0,0,0,0,0,0,0,,,,,,,,PS_021,,,
,,2024-11-29T18:15:00Z,0,0,0,0,0,0,0,0,0,0,,,,,,,,PS_021,,,
,,2024-11-29T18:30:00Z,0,0,0,0,0,0,0,0,0,0,,,,,,,,PS_021,,,
,,2024-11-29T18:45:00Z,0,0,0,0,0,0,0,0,0,0,,,,,,,,PS_021,,,
,,2024-11-29T19:00:00Z,0,0,0,0,0,0,0,0,0,0,,,,,,,,PS_021,,,
,,2024-11-29T19:15:00Z,0,0,0,0,0,0,0,0,0,0,,,,,,,,PS_021,,,
,,2024-11-29T19:30:00Z,0,0,0,0,0,0,0,0,0,0,,,,,,,,PS_021,,,
,,2024-11-29T19:45:00Z,0,0,0,0,0,0,0,0,0,0,,,,,,,,PS_021,,,
,,2024-11-29T20:00:00Z,0,0,0,0,0,0,0,0,0,0,,,,,,,,PS_021,,,
,,2024-11-29T20:15:00Z,0,0,0,0,0,0,0,0,0,0,,,,,,,,PS_021,,,
,,2024-11-29T20:30:00Z,0,0,0,0,0,0,0,0,0,0,,,,,,,,PS_021,,,
,,2024-11-29T20:45:00Z,0,0,0,0,0,0,0,0,0,0,,,,,,,,PS_021,,,
,,2024-11-29T21:00:00Z,0,0,0,0,0,0,0,0,0,0,,,,,,,,PS_021,,,
,,2024-11-29T21:15:00Z,0,0,0,0,0,0,0,0,0,0,,,,,,,,PS_021,,,
,,2024-11-29T21:30:00Z,0,0,0,0,0,0,0,0,0,0,,,,,,,,PS_021,,,
,,2024-11-29T21:45:00Z,0,0,0,0,0,0,0,0,0,0,,,,,,,,PS_021,,,
,,2024-11-29T22:00:00Z,0,0,0,0,0,0,0,0,0,0,,,,,,,,PS_021,,,
,,2024-11-29T22:15:00Z,0,0,0,0,0,0,0,0,0,0,,,,,,,,PS_021,,,
,,2024-11-29T22:30:00Z,0,0,0,0,0,0,0,0,0,0,,,,,,,,PS_021,,,
,,2024-11-29T22:45:00Z,0,0,0,0,0,0,0,0,0,0,,,,,,,,PS_021,,,
,,2024-11-29T23:00:00Z,0,0,0,0,0,0,0,0,0,0,,,,,,,,PS_021,,,
,,2024-11-29T23:15:00Z,0,0,0,0,0,0,0,0,0,0,,,,,,,,PS_021,,,
,,2024-11-29T23:30:00Z,0,0,0,0,0,0,0,0,0,0,,,,,,,,PS_021,,,
,,2024-11-29T23:45:00Z,0,0,0,0,0,0,0,0,0,0,,,,,,,,PS_021,,,
,,2024-11-30T00:00:00Z,0,0,0,0,0,0,0,0,0,0,,,,,,,,PS_021,,,
,,2024-11-30T00:15:00Z,0,0,0,0,0,0,0,0,0,0,,,,,,,,PS_021,,,
,,2024-11-30T00:30:00Z,0,0,0,0,0,0,0,0,0,0,,,,,,,,PS_021,,,
,,2024-11-30T00:45:00Z,0,0,0,0,0,0,0,0,0,0,,,,,,,,PS_021,,,
,,2024-11-30T01:00:00Z,0,0,0,0,0,0,0,0,0,0,,,,,,,,PS_021,,,
,,2024-11-30T01:15:00Z,0,0,0,0,0,0,0,0,0,0,,,,,,,,PS_021,,,
,,2024-11-30T01:30:00Z,0,0,0,0,0,0,0,0,0,0,,,,,,,,PS_021,,,
,,2024-11-30T01:45:00Z,0,0,0,0,0,0,0,0,0,0,,,,,,,,PS_021,,,
,,2024-11-30T02:00:00Z,0,0,0,0,0,0,0,0,0,0,,,,,,,,PS_021,,,
,,2024-11-30T02:15:00Z,0,0,0,0,0,0,0,0,0,0,,,,,,,,PS_021,,,
,,2024-11-30T02:30:00Z,0,0,0,0,0,0,0,0,0,0,,,,,,,,PS_021,,,
,,2024-11-30T02:45:00Z,0,0,0,0,0,0,0,0,0,0,,,,,,,,PS_021,,,
,,2024-11-30T03:00:00Z,0,0,0,0,0,0,0,0,0,0,,,,,,,,PS_021,,,
,,2024-11-30T03:15:00Z,0,0,0,0,0,0,0,0,0,0,,,,,,,,PS_021,,,
,,2024-11-30T03:30:00Z,0,0,0,0,0,0,0,0,0,0,,,,,,,,PS_021,,,
,,2024-11-30T03:45:00Z,0,0,0,0,0,0,0,0,0,0,,,,,,,,PS_021,,,
,,2024-11-30T04:00:00Z,0,0,0,0,0,0,0,0,0,0,,,,,,,,PS_021,,,
,,2024-11-30T04:15:00Z,0,0,0,0,0,0,0,0,0,0,,,,,,,,PS_021,,,
,,2024-11-30T04:30:00Z,0,0,0,0,0,0,0,0,0,0,,,,,,,,PS_021,,,
,,2024-11-30T04:45:00Z,0,0,0,0,0,0,0,0,0,0,,,,,,,,PS_021,,,
,,2024-11-30T05:00:00Z,0,0,0,0,0,0,0,0,0,0,,,,,,,,PS_021,,,
,,2024-11-30T05:15:00Z,0,0,0,0,0,0,0,0,0,0,,,,,,,,PS_021,,,
,,2024-11-30T05:30:00Z,0,0,0,0,0,0,0,0,0,0,,,,,,,,PS_021,,,
,,2024-11-30T05:45:00Z,0,0,0,0,0,0,0,0,0,0,,,,,,,,PS_021,,,
,,2024-11-30T06:00:00Z,0,0,0,0,0,0,0,0,0,0,,,,,,,,PS_021,,,
,,2024-11-30T06:15:00Z,0,0,0,0,0,0,0,0,0,0,,,,,,,,PS_021,,,
,,2024-11-30T06:30:00Z,0,0,0,0,0,0,0,0,0,0,,,,,,,,PS_021,,,
,,2024-11-30T06:45:00Z,0,0,0,0,0,0,0,0,0,0,,,,,,,,PS_021,,,
,,2024-11-30T07:00:00Z,0,0,0,0,0,0,0,0,0,0,,,,,,,,PS_021,,,
,,2024-11-30T07:15:00Z,0,0,0,0,0,0,0,0,0,0,,,,,,,,PS_021,,,
,,2024-11-30T07:30:00Z,0,0,0,0,0,0,0,0,0,0,,,,,,,,PS_021,,,
,,2024-11-30T07:45:00Z,0,0,0,0,0,0,0,0,0,0,,,,,,,,PS_021,,,
,,2024-11-30T08:00:00Z,0,0,0,0,0,0,0,0,0,0,,,,,,,,PS_021,,,
,,2024-11-30T08:15:00Z,0,0,0,0,0,0,0,0,0,0,,,,,,,,PS_021,,,
,,2024-11-30T08:30:00Z,0,0,0,0,0,0,0,0,0,0,,,,,,,,PS_021,,,
,,2024-11-30T08:45:00Z,0,0,0,0,0,0,0,0,0,0,,,,,,,,PS_021,,,
,,2024-11-30T09:00:00Z,0,0,0,0,0,0,0,0,0,0,,,,,,,,PS_021,,,
,,2024-11-30T09:15:00Z,0,0,0,0,0,0,0,0,0,0,,,,,,,,PS_021,,,
,,2024-11-30T09:30:00Z,0,0,0,0,0,0,0,0,0,0,,,,,,,,PS_021,,,
,,2024-11-30T09:45:00Z,0,0,0,0,0,0,0,0,0,0,,,,,,,,PS_021,,,
,,2024-11-30T10:00:00Z,0,0,0,0,0,0,0,0,0,0,,,,,,,,PS_021,,,
,,2024-11-30T10:15:00Z,0,0,0,0,0,0,0,0,0,0,,,,,,,,PS_021,,,
,,2024-11-30T10:30:00Z,0,0,0,0,0,0,0,0,0,0,,,,,,,,PS_021,,,
,,2024-11-30T10:45:00Z,0,0,0,0,0,0,0,0,0,0,,,,,,,,PS_021,,,
,,2024-11-30T11:00:00Z,0,0,0,0,0,0,0,0,0,0,,,,,,,,PS_021,,,
,,2024-11-30T11:15:00Z,0,0,0,0,0,0,0,0,0,0,,,,,,,,PS_021,,,
,,2024-11-30T11:30:00Z,0,0,0,0,0,0,0,0,0,0,,,,,,,,PS_021,,,
,,2024-11-30T11:45:00Z,0,0,0,0,0,0,0,0,0,0,,,,,,,,PS_021,,,
,,2024-11-30T12:00:00Z,0,0,0,0,0,0,0,0,0,0,,,,,,,,PS_021,,,
,,2024-11-30T12:15:00Z,0,0,0,0,0,0,0,0,0,0,,,,,,,,PS_021,,,
,,2024-11-30T12:30:00Z,0,0,0,0,0,0,0,0,0,0,,,,,,,,PS_021,,,
,,2024-11-30T12:45:00Z,0,0,0,0,0,0,0,0,0,0,,,,,,,,PS_021,,,
,,2024-11-30T13:00:00Z,0,0,0,0,0,0,0,0,0,0,,,,,,,,PS_021,,,
,,2024-11-30T13:15:00Z,0,0,0,0,0,0,0,0,0,0,,,,,,,,PS_021,,,
,,2024-11-30T13:30:00Z,0,0,0,0,0,0,0,0,0,0,,,,,,,,PS_021,,,
,,2024-11-30T13:45:00Z,0,0,0,0,0,0,0,0,0,0,,,,,,,,PS_021,,,
,,2024-11-30T14:00:00Z,0,0,0,0,0,0,0,0,0,0,,,,,,,,PS_021,,,
,,2024-11-30T14:15:00Z,0,0,0,0,0,0,0,0,0,0,,,,,,,,PS_021,,,
,,2024-11-30T14:30:00Z,0,0,0,0,0,0,0,0,0,0,,,,,,,,PS_021,,,
,,2024-11-30T14:45:00Z,0,0,0,0,0,0,0,0,0,0,,,,,,,,PS_021,,,
,,2024-11-30T15:00:00Z,0,0,0,0,0,0,0,0,0,0,,,,,,,,PS_021,,,
,,2024-11-30T15:15:00Z,0,0,0,0,0,0,0,0,0,0,,,,,,,,PS_021,,,
,,2024-11-30T15:30:00Z,0,0,0,0,0,0,0,0,0,0,,,,,,,,PS_021,,,
,,2024-11-30T15:45:00Z,0,0,0,0,0,0,0,0,0,0,,,,,,,,PS_021,,,
,,2024-11-30T16:00:00Z,0,0,0,0,0,0,0,0,0,0,,,,,,,,PS_021,,,
,,2024-11-30T16:15:00Z,0,0,0,0,0,0,0,0,0,0,,,,,,,,PS_021,,,
,,2024-11-30T16:30:00Z,0,0,0,0,0,0,0,0,0,0,,,,,,,,PS_021,,,
,,2024-11-30T16:45:00Z,0,0,0,0,0,0,0,0,0,0,,,,,,,,PS_021,,,
,,2024-11-30T17:00:00Z,0,0,0,0,0,0,0,0,0,0,,,,,,,,PS_021,,,
,,2024-11-30T17:15:00Z,0,0,0,0,0,0,0,0,0,0,,,,,,,,PS_021,,,
,,2024-11-30T17:30:00Z,0,0,0,0,0,0,0,0,0,0,,,,,,,,PS_021,,,
,,2024-11-30T17:45:00Z,0,0,0,0,0,0,0,0,0,0,,,,,,,,PS_021,,,
,,2024-11-30T18:00:00Z,0,0,0,0,0,0,0,0,0,0,,,,,,,,PS_021,,,
,,2024-11-30T18:15:00Z,0,0,0,0,0,0,0,0,0,0,,,,,,,,PS_021,,,
,,2024-11-30T18:30:00Z,0,0,0,0,0,0,0,0,0,0,,,,,,,,PS_021,,,
,,2024-11-30T18:45:00Z,0,0,0,0,0,0,0,0,0,0,,,,,,,,PS_021,,,
,,2024-11-30T19:00:00Z,0,0,0,0,0,0,0,0,0,0,,,,,,,,PS_021,,,
,,2024-11-30T19:15:00Z,0,0,0,0,0,0,0,0,0,0,,,,,,,,PS_021,,,
,,2024-11-30T19:30:00Z,0,0,0,0,0,0,0,0,0,0,,,,,,,,PS_021,,,
,,2024-11-30T19:45:00Z,0,0,0,0,0,0,0,0,0,0,,,,,,,,PS_021,,,
,,2024-11-30T20:00:00Z,0,0,0,0,0,0,0,0,0,0,,,,,,,,PS_021,,,
,,2024-11-30T20:15:00Z,0,0,0,0,0,0,0,0,0,0,,,,,,,,PS_021,,,
,,2024-11-30T20:30:00Z,0,0,0,0,0,0,0,0,0,0,,,,,,,,PS_021,,,
,,2024-11-30T20:45:00Z,0,0,0,0,0,0,0,0,0,0,,,,,,,,PS_021,,,
,,2024-11-30T21:00:00Z,0,0,0,0,0,0,0,0,0,0,,,,,,,,PS_021,,,
,,2024-11-30T21:15:00Z,0,0,0,0,0,0,0,0,0,0,,,,,,,,PS_021,,,
,,2024-11-30T21:30:00Z,0,0,0,0,0,0,0,0,0,0,,,,,,,,PS_021,,,
,,2024-11-30T21:45:00Z,0,0,0,0,0,0,0,0,0,0,,,,,,,,PS_021,,,
,,2024-11-30T22:00:00Z,0,0,0,0,0,0,0,0,0,0,,,,,,,,PS_021,,,
,,2024-11-30T22:15:00Z,0,0,0,0,0,0,0,0,0,0,,,,,,,,PS_021,,,
,,2024-11-30T22:30:00Z,0,0,0,0,0,0,0,0,0,0,,,,,,,,PS_021,,,
,,2024-11-30T22:45:00Z,0,0,0,0,0,0,0,0,0,0,,,,,,,,PS_021,,,
,,2024-11-30T23:00:00Z,0,0,0,0,0,0,0,0,0,0,,,,,,,,PS_021,,,
,,2024-11-30T23:15:00Z,0,0,0,0,0,0,0,0,0,0,,,,,,,,PS_021,,,
,,2024-11-30T23:30:00Z,0,0,0,0,0,0,0,0,0,0,,,,,,,,PS_021,,,
,,2024-11-30T23:45:00Z,0,0,0,0,0,0,0,0,0,0,,,,,,,,PS_021,,,
,,2024-12-01T00:00:00Z,0,0,0,0,0,0,0,0,0,0,,,,,,,,PS_021,,,
,,2024-12-01T00:15:00Z,0,0,0,0,0,0,0,0,0,0,,,,,,,,PS_021,,,
,,2024-12-01T00:30:00Z,0,0,0,0,0,0,0,0,0,0,,,,,,,,PS_021,,,
,,2024-12-01T00:45:00Z,0,0,0,0,0,0,0,0,0,0,,,,,,,,PS_021,,,
,,2024-12-01T01:00:00Z,0,0,0,0,0,0,0,0,0,0,,,,,,,,PS_021,,,
,,2024-12-01T01:15:00Z,0,0,0,0,0,0,0,0,0,0,,,,,,,,PS_021,,,
,,2024-12-01T01:30:00Z,0,0,0,0,0,0,0,0,0,0,,,,,,,,PS_021,,,
,,2024-12-01T01:45:00Z,0,0,0,0,0,0,0,0,0,0,,,,,,,,PS_021,,,
,,2024-12-01T02:00:00Z,0,0,0,0,0,0,0,0,0,0,,,,,,,,PS_021,,,
,,2024-12-01T02:15:00Z,0,0,0,0,0,0,0,0,0,0,,,,,,,,PS_021,,,
,,2024-12-01T02:30:00Z,0,0,0,0,0,0,0,0,0,0,,,,,,,,PS_021,,,
,,2024-12-01T02:45:00Z,0,0,0,0,0,0,0,0,0,0,,,,,,,,PS_021,,,
,,2024-12-01T03:00:00Z,0,0,0,0,0,0,0,0,0,0,,,,,,,,PS_021,,,
,,2024-12-01T03:15:00Z,0,0,0,0,0,0,0,0,0,0,,,,,,,,PS_021,,,
,,2024-12-01T03:30:00Z,0,0,0,0,0,0,0,0,0,0,,,,,,,,PS_021,,,
,,2024-12-01T03:45:00Z,0,0,0,0,0,0,0,0,0,0,,,,,,,,PS_021,,,
,,2024-12-01T04:00:00Z,0,0,0,0,0,0,0,0,0,0,,,,,,,,PS_021,,,
,,2024-12-01T04:15:00Z,0,0,0,0,0,0,0,0,0,0,,,,,,,,PS_021,,,
,,2024-12-01T04:30:00Z,0,0,0,0,0,0,0,0,0,0,,,,,,,,PS_021,,,
,,2024-12-01T04:45:00Z,0,0,0,0,0,0,0,0,0,0,,,,,,,,PS_021,,,
,,2024-12-01T05:00:00Z,0,0,0,0,0,0,0,0,0,0,,,,,,,,PS_021,,,
,,2024-12-01T05:15:00Z,0,0,0,0,0,0,0,0,0,0,,,,,,,,PS_021,,,
,,2024-12-01T05:30:00Z,0,0,0,0,0,0,0,0,0,0,,,,,,,,PS_021,,,
,,2024-12-01T05:45:00Z,0,0,0,0,0,0,0,0,0,0,,,,,,,,PS_021,,,
,,2024-12-01T06:00:00Z,0,0,0,0,0,0,0,0,0,0,,,,,,,,PS_021,,,
,,2024-12-01T06:15:00Z,0,0,0,0,0,0,0,0,0,0,,,,,,,,PS_021,,,
,,2024-12-01T06:30:00Z,0,0,0,0,0,0,0,0,0,0,,,,,,,,PS_021,,,
,,2024-12-01T06:45:00Z,0,0,0,0,0,0,0,0,0,0,,,,,,,,PS_021,,,
,,2024-12-01T07:00:00Z,0,0,0,0,0,0,0,0,0,0,,,,,,,,PS_021,,,
,,2024-12-01T07:15:00Z,0,0,0,0,0,0,0,0,0,0,,,,,,,,PS_021,,,
,,2024-12-01T07:30:00Z,0,0,0,0,0,0,0,0,0,0,,,,,,,,PS_021,,,
,,2024-12-01T07:45:00Z,0,0,0,0,0,0,0,0,0,0,,,,,,,,PS_021,,,
,,2024-12-01T08:00:00Z,0,0,0,0,0,0,0,0,0,0,,,,,,,,PS_021,,,
,,2024-12-01T08:15:00Z,0,0,0,0,0,0,0,0,0,0,,,,,,,,PS_021,,,
,,2024-12-01T08:30:00Z,0,0,0,0,0,0,0,0,0,0,,,,,,,,PS_021,,,
,,2024-12-01T08:45:00Z,0,0,0,0,0,0,0,0,0,0,,,,,,,,PS_021,,,
,,2024-12-01T09:00:00Z,0,0,0,0,0,0,0,0,0,0,,,,,,,,PS_021,,,
,,2024-12-01T09:15:00Z,0,0,0,0,0,0,0,0,0,0,,,,,,,,PS_021,,,
,,2024-12-01T09:30:00Z,0,0,0,0,0,0,0,0,0,0,,,,,,,,PS_021,,,
,,2024-12-01T09:45:00Z,0,0,0,0,0,0,0,0,0,0,,,,,,,,PS_021,,,
,,2024-12-01T10:00:00Z,0,0,0,0,0,0,0,0,0,0,,,,,,,,PS_021,,,
,,2024-12-01T10:15:00Z,0,0,0,0,0,0,0,0,0,0,,,,,,,,PS_021,,,
,,2024-12-01T10:30:00Z,0,0,0,0,0,0,0,0,0,0,,,,,,,,PS_021,,,
,,2024-12-01T10:45:00Z,0,0,0,0,0,0,0,0,0,0,,,,,,,,PS_021,,,
,,2024-12-01T11:00:00Z,0,0,0,0,0,0,0,0,0,0,,,,,,,,PS_021,,,
,,2024-12-01T11:15:00Z,0,0,0,0,0,0,0,0,0,0,,,,,,,,PS_021,,,
,,2024-12-01T11:30:00Z,0,0,0,0,0,0,0,0,0,0,,,,,,,,PS_021,,,
,,2024-12-01T11:45:00Z,0,0,0,0,0,0,0,0,0,0,,,,,,,,PS_021,,,
,,2024-12-01T12:00:00Z,0,0,0,0,0,0,0,0,0,0,,,,,,,,PS_021,,,
,,2024-12-01T12:15:00Z,0,0,0,0,0,0,0,0,0,0,,,,,,,,PS_021,,,
,,2024-12-01T12:30:00Z,0,0,0,0,0,0,0,0,0,0,,,,,,,,PS_021,,,
,,2024-12-01T12:45:00Z,0,0,0,0,0,0,0,0,0,0,,,,,,,,PS_021,,,
,,2024-12-01T13:00:00Z,0,0,0,0,0,0,0,0,0,0,,,,,,,,PS_021,,,
,,2024-12-01T13:15:00Z,0,0,0,0,0,0,0,0,0,0,,,,,,,,PS_021,,,
,,2024-12-01T13:30:00Z,0,0,0,0,0,0,0,0,0,0,,,,,,,,PS_021,,,
,,2024-12-01T13:45:00Z,0,0,0,0,0,0,0,0,0,0,,,,,,,,PS_021,,,
,,2024-12-01T14:00:00Z,0,0,0,0,0,0,0,0,0,0,,,,,,,,PS_021,,,
,,2024-12-01T14:15:00Z,0,0,0,0,0,0,0,0,0,0,,,,,,,,PS_021,,,
,,2024-12-01T14:30:00Z,0,0,0,0,0,0,0,0,0,0,,,,,,,,PS_021,,,
,,2024-12-01T14:45:00Z,0,0,0,0,0,0,0,0,0,0,,,,,,,,PS_021,,,
,,2024-12-01T15:00:00Z,0,0,0,0,0,0,0,0,0,0,,,,,,,,PS_021,,,
,,2024-12-01T15:15:00Z,0,0,0,0,0,0,0,0,0,0,,,,,,,,PS_021,,,
,,2024-12-01T15:30:00Z,0,0,0,0,0,0,0,0,0,0,,,,,,,,PS_021,,,
,,2024-12-01T15:45:00Z,0,0,0,0,0,0,0,0,0,0,,,,,,,,PS_021,,,
,,2024-12-01T16:00:00Z,0,0,0,0,0,0,0,0,0,0,,,,,,,,PS_021,,,
,,2024-12-01T16:15:00Z,0,0,0,0,0,0,0,0,0,0,,,,,,,,PS_021,,,
,,2024-12-01T16:30:00Z,0,0,0,0,0,0,0,0,0,0,,,,,,,,PS_021,,,
,,2024-12-01T16:45:00Z,0,0,0,0,0,0,0,0,0,0,,,,,,,,PS_021,,,
,,2024-12-01T17:00:00Z,0,0,0,0,0,0,0,0,0,0,,,,,,,,PS_021,,,
,,2024-12-01T17:15:00Z,0,0,0,0,0,0,0,0,0,0,,,,,,,,PS_021,,,
,,2024-12-01T17:30:00Z,0,0,0,0,0,0,0,0,0,0,,,,,,,,PS_021,,,
,,2024-12-01T17:45:00Z,0,0,0,0,0,0,0,0,0,0,,,,,,,,PS_021,,,
,,2024-12-01T18:00:00Z,0,0,0,0,0,0,0,0,0,0,,,,,,,,PS_021,,,
,,2024-12-01T18:15:00Z,0,0,0,0,0,0,0,0,0,0,,,,,,,,PS_021,,,
,,2024-12-01T18:30:00Z,0,0,0,0,0,0,0,0,0,0,,,,,,,,PS_021,,,
,,2024-12-01T18:45:00Z,0,0,0,0,0,0,0,0,0,0,,,,,,,,PS_021,,,
,,2024-12-01T19:00:00Z,0,0,0,0,0,0,0,0,0,0,,,,,,,,PS_021,,,
,,2024-12-01T19:15:00Z,0,0,0,0,0,0,0,0,0,0,,,,,,,,PS_021,,,
,,2024-12-01T19:30:00Z,0,0,0,0,0,0,0,0,0,0,,,,,,,,PS_021,,,
,,2024-12-01T19:45:00Z,0,0,0,0,0,0,0,0,0,0,,,,,,,,PS_021,,,
,,2024-12-01T20:00:00Z,0,0,0,0,0,0,0,0,0,0,,,,,,,,PS_021,,,
,,2024-12-01T20:15:00Z,0,0,0,0,0,0,0,0,0,0,,,,,,,,PS_021,,,
,,2024-12-01T20:30:00Z,0,0,0,0,0,0,0,0,0,0,,,,,,,,PS_021,,,
,,2024-12-01T20:45:00Z,0,0,0,0,0,0,0,0,0,0,,,,,,,,PS_021,,,
,,2024-12-01T21:00:00Z,0,0,0,0,0,0,0,0,0,0,,,,,,,,PS_021,,,
,,2024-12-01T21:15:00Z,0,0,0,0,0,0,0,0,0,0,,,,,,,,PS_021,,,
,,2024-12-01T21:30:00Z,0,0,0,0,0,0,0,0,0,0,,,,,,,,PS_021,,,
,,2024-12-01T21:45:00Z,0,0,0,0,0,0,0,0,0,0,,,,,,,,PS_021,,,
,,2024-12-01T22:00:00Z,0,0,0,0,0,0,0,0,0,0,,,,,,,,PS_021,,,
,,2024-12-01T22:15:00Z,0,0,0,0,0,0,0,0,0,0,,,,,,,,PS_021,,,
,,2024-12-01T22:30:00Z,0,0,0,0,0,0,0,0,0,0,,,,,,,,PS_021,,,
,,2024-12-01T22:45:00Z,0,0,0,0,0,0,0,0,0,0,,,,,,,,PS_021,,,
,,2024-12-01T23:00:00Z,0,0,0,0,0,0,0,0,0,0,,,,,,,,PS_021,,,
,,2024-12-01T23:15:00Z,0,0,0,0,0,0,0,0,0,0,,,,,,,,PS_021,,,
,,2024-12-01T23:30:00Z,0,0,0,0,0,0,0,0,0,0,,,,,,,,PS_021,,,
,,2024-12-01T23:45:00Z,0,0,0,0,0,0,0,0,0,0,,,,,,,,PS_021,,,
,,2024-12-02T00:00:00Z,0,0,0,0,0,0,0,0,0,0,,,,,,,,PS_021,,,
,,2024-12-02T00:15:00Z,0,0,0,0,0,0,0,0,0,0,,,,,,,,PS_021,,,
,,2024-12-02T00:30:00Z,0,0,0,0,0,0,0,0,0,0,,,,,,,,PS_021,,,
,,2024-12-02T00:45:00Z,0,0,0,0,0,0,0,0,0,0,,,,,,,,PS_021,,,
,,2024-12-02T01:00:00Z,0,0,0,0,0,0,0,0,0,0,,,,,,,,PS_021,,,
,,2024-12-02T01:15:00Z,0,0,0,0,0,0,0,0,0,0,,,,,,,,PS_021,,,
,,2024-12-02T01:30:00Z,0,0,0,0,0,0,0,0,0,0,,,,,,,,PS_021,,,
,,2024-12-02T01:45:00Z,0,0,0,0,0,0,0,0,0,0,,,,,,,,PS_021,,,
,,2024-12-02T02:00:00Z,0,0,0,0,0,0,0,0,0,0,,,,,,,,PS_021,,,
,,2024-12-02T02:15:00Z,0,0,0,0,0,0,0,0,0,0,,,,,,,,PS_021,,,
,,2024-12-02T02:30:00Z,0,0,0,0,0,0,0,0,0,0,,,,,,,,PS_021,,,
,,2024-12-02T02:45:00Z,0,0,0,0,0,0,0,0,0,0,,,,,,,,PS_021,,,
,,2024-12-02T03:00:00Z,0,0,0,0,0,0,0,0,0,0,,,,,,,,PS_021,,,
,,2024-12-02T03:15:00Z,0,0,0,0,0,0,0,0,0,0,,,,,,,,PS_021,,,
,,2024-12-02T03:30:00Z,0,0,0,0,0,0,0,0,0,0,,,,,,,,PS_021,,,
,,2024-12-02T03:45:00Z,0,0,0,0,0,0,0,0,0,0,,,,,,,,PS_021,,,
,,2024-12-02T04:00:00Z,0,0,0,0,0,0,0,0,0,0,,,,,,,,PS_021,,,
,,2024-12-02T04:15:00Z,0,0,0,0,0,0,0,0,0,0,,,,,,,,PS_021,,,
,,2024-12-02T04:30:00Z,0,0,0,0,0,0,0,0,0,0,,,,,,,,PS_021,,,
,,2024-12-02T04:45:00Z,0,0,0,0,0,0,0,0,0,0,,,,,,,,PS_021,,,
,,2024-12-02T05:00:00Z,0,0,0,0,0,0,0,0,0,0,,,,,,,,PS_021,,,
,,2024-12-02T05:15:00Z,0,0,0,0,0,0,0,0,0,0,,,,,,,,PS_021,,,
,,2024-12-02T05:30:00Z,0,0,0,0,0,0,0,0,0,0,,,,,,,,PS_021,,,
,,2024-12-02T05:45:00Z,0,0,0,0,0,0,0,0,0,0,,,,,,,,PS_021,,,
,,2024-12-02T06:00:00Z,0,0,0,0,0,0,0,0,0,0,,,,,,,,PS_021,,,
,,2024-12-02T06:15:00Z,0,0,0,0,0,0,0,0,0,0,,,,,,,,PS_021,,,
,,2024-12-02T06:30:00Z,0,0,0,0,0,0,0,0,0,0,,,,,,,,PS_021,,,
,,2024-12-02T06:45:00Z,0,0,0,0,0,0,0,0,0,0,,,,,,,,PS_021,,,
,,2024-12-02T07:00:00Z,0,0,0,0,0,0,0,0,0,0,,,,,,,,PS_021,,,
,,2024-12-02T07:15:00Z,0,0,0,0,0,0,0,0,0,0,,,,,,,,PS_021,,,
,,2024-12-02T07:30:00Z,0,0,0,0,0,0,0,0,0,0,,,,,,,,PS_021,,,
,,2024-12-02T07:45:00Z,0,0,0,0,0,0,0,0,0,0,,,,,,,,PS_021,,,
,,2024-12-02T08:00:00Z,0,0,0,0,0,0,0,0,0,0,,,,,,,,PS_021,,,
,,2024-12-02T08:15:00Z,0,0,0,0,0,0,0,0,0,0,,,,,,,,PS_021,,,
,,2024-12-02T08:30:00Z,0,0,0,0,0,0,0,0,0,0,,,,,,,,PS_021,,,
,,2024-12-02T08:45:00Z,0,0,0,0,0,0,0,0,0,0,,,,,,,,PS_021,,,
,,2024-12-02T09:00:00Z,0,0,0,0,0,0,0,0,0,0,,,,,,,,PS_021,,,
,,2024-12-02T09:15:00Z,0,0,0,0,0,0,0,0,0,0,,,,,,,,PS_021,,,
,,2024-12-02T09:30:00Z,0,0,0,0,0,0,0,0,0,0,,,,,,,,PS_021,,,
,,2024-12-02T09:45:00Z,0,0,0,0,0,0,0,0,0,0,,,,,,,,PS_021,,,
,,2024-12-02T10:00:00Z,0,0,0,0,0,0,0,0,0,0,,,,,,,,PS_021,,,
,,2024-12-02T10:15:00Z,0,0,0,0,0,0,0,0,0,0,,,,,,,,PS_021,,,
,,2024-12-02T10:30:00Z,0,0,0,0,0,0,0,0,0,0,,,,,,,,PS_021,,,
,,2024-12-02T10:45:00Z,0,0,0,0,0,0,0,0,0,0,,,,,,,,PS_021,,,
,,2024-12-02T11:00:00Z,0,0,0,0,0,0,0,0,0,0,,,,,,,,PS_021,,,
,,2024-12-02T11:15:00Z,0,0,0,0,0,0,0,0,0,0,,,,,,,,PS_021,,,
,,2024-12-02T11:30:00Z,0,0,0,0,0,0,0,0,0,0,,,,,,,,PS_021,,,
,,2024-12-02T11:45:00Z,0,0,0,0,0,0,0,0,0,0,,,,,,,,PS_021,,,
,,2024-12-02T12:00:00Z,0,0,0,0,0,0,0,0,0,0,,,,,,,,PS_021,,,
,,2024-12-02T12:15:00Z,0,0,0,0,0,0,0,0,0,0,,,,,,,,PS_021,,,
,,2024-12-02T12:30:00Z,0,0,0,0,0,0,0,0,0,0,,,,,,,,PS_021,,,
,,2024-12-02T12:45:00Z,0,0,0,0,0,0,0,0,0,0,,,,,,,,PS_021,,,
,,2024-12-02T13:00:00Z,0,0,0,0,0,0,0,0,0,0,,,,,,,,PS_021,,,
,,2024-12-02T13:15:00Z,0,0,0,0,0,0,0,0,0,0,,,,,,,,PS_021,,,
,,2024-12-02T13:30:00Z,0,0,0,0,0,0,0,0,0,0,,,,,,,,PS_021,,,
,,2024-12-02T13:45:00Z,0,0,0,0,0,0,0,0,0,0,,,,,,,,PS_021,,,
,,2024-12-02T14:00:00Z,0,0,0,0,0,0,0,0,0,0,,,,,,,,PS_021,,,
,,2024-12-02T14:15:00Z,0,0,0,0,0,0,0,0,0,0,,,,,,,,PS_021,,,
,,2024-12-02T14:30:00Z,0,0,0,0,0,0,0,0,0,0,,,,,,,,PS_021,,,
,,2024-12-02T14:45:00Z,0,0,0,0,0,0,0,0,0,0,,,,,,,,PS_021,,,
,,2024-12-02T15:00:00Z,0,0,0,0,0,0,0,0,0,0,,,,,,,,PS_021,,,
,,2024-12-02T15:15:00Z,0,0,0,0,0,0,0,0,0,0,,,,,,,,PS_021,,,
,,2024-12-02T15:30:00Z,0,0,0,0,0,0,0,0,0,0,,,,,,,,PS_021,,,
,,2024-12-02T15:45:00Z,0,0,0,0,0,0,0,0,0,0,,,,,,,,PS_021,,,
,,2024-12-02T16:00:00Z,0,0,0,0,0,0,0,0,0,0,,,,,,,,PS_021,,,
,,2024-12-02T16:15:00Z,0,0,0,0,0,0,0,0,0,0,,,,,,,,PS_021,,,
,,2024-12-02T16:30:00Z,0,0,0,0,0,0,0,0,0,0,,,,,,,,PS_021,,,
,,2024-12-02T16:45:00Z,0,0,0,0,0,0,0,0,0,0,,,,,,,,PS_021,,,
,,2024-12-02T17:00:00Z,0,0,0,0,0,0,0,0,0,0,,,,,,,,PS_021,,,
,,2024-12-02T17:15:00Z,0,0,0,0,0,0,0,0,0,0,,,,,,,,PS_021,,,
,,2024-12-02T17:30:00Z,0,0,0,0,0,0,0,0,0,0,,,,,,,,PS_021,,,
,,2024-12-02T17:45:00Z,0,0,0,0,0,0,0,0,0,0,,,,,,,,PS_021,,,
,,2024-12-02T18:00:00Z,0,0,0,0,0,0,0,0,0,0,,,,,,,,PS_021,,,
,,2024-12-02T18:15:00Z,0,0,0,0,0,0,0,0,0,0,,,,,,,,PS_021,,,
,,2024-12-02T18:30:00Z,0,0,0,0,0,0,0,0,0,0,,,,,,,,PS_021,,,
,,2024-12-02T18:45:00Z,0,0,0,0,0,0,0,0,0,0,,,,,,,,PS_021,,,
,,2024-12-02T19:00:00Z,0,0,0,0,0,0,0,0,0,0,,,,,,,,PS_021,,,
,,2024-12-02T19:15:00Z,0,0,0,0,0,0,0,0,0,0,,,,,,,,PS_021,,,
,,2024-12-02T19:30:00Z,0,0,0,0,0,0,0,0,0,0,,,,,,,,PS_021,,,
,,2024-12-02T19:45:00Z,0,0,0,0,0,0,0,0,0,0,,,,,,,,PS_021,,,
,,2024-12-02T20:00:00Z,0,0,0,0,0,0,0,0,0,0,,,,,,,,PS_021,,,
,,2024-12-02T20:15:00Z,0,0,0,0,0,0,0,0,0,0,,,,,,,,PS_021,,,
,,2024-12-02T20:30:00Z,0,0,0,0,0,0,0,0,0,0,,,,,,,,PS_021,,,
,,2024-12-02T20:45:00Z,0,0,0,0,0,0,0,0,0,0,,,,,,,,PS_021,,,
,,2024-12-02T21:00:00Z,0,0,0,0,0,0,0,0,0,0,,,,,,,,PS_021,,,
,,2024-12-02T21:15:00Z,0,0,0,0,0,0,0,0,0,0,,,,,,,,PS_021,,,
,,2024-12-02T21:30:00Z,0,0,0,0,0,0,0,0,0,0,,,,,,,,PS_021,,,
,,2024-12-02T21:45:00Z,0,0,0,0,0,0,0,0,0,0,,,,,,,,PS_021,,,
,,2024-12-02T22:00:00Z,0,0,0,0,0,0,0,0,0,0,,,,,,,,PS_021,,,
,,2024-12-02T22:15:00Z,0,0,0,0,0,0,0,0,0,0,,,,,,,,PS_021,,,
,,2024-12-02T22:30:00Z,0,0,0,0,0,0,0,0,0,0,,,,,,,,PS_021,,,
,,2024-12-02T22:45:00Z,0,0,0,0,0,0,0,0,0,0,,,,,,,,PS_021,,,
,,2024-12-02T23:00:00Z,0,0,0,0,0,0,0,0,0,0,,,,,,,,PS_021,,,
,,2024-12-02T23:15:00Z,0,0,0,0,0,0,0,0,0,0,,,,,,,,PS_021,,,
,,2024-12-02T23:30:00Z,0,0,0,0,0,0,0,0,0,0,,,,,,,,PS_021,,,
,,2024-12-02T23:45:00Z,0,0,0,0,0,0,0,0,0,0,,,,,,,,PS_021,,,
,,2024-12-03T00:00:00Z,0,0,2,0,0,2,0,0,0,0,0.09000015258789062,,,,,0.849999964237213,,PS_021,,,
,,2024-12-03T00:15:00Z,0,0,4,0,0,4,0,0,0,0,0.09000015258789061,,,,,0.849999964237213,,PS_021,,,
,,2024-12-03T00:30:00Z,0,0,4,0,0,4,0,0,0,0,0.09000015258789062,,,,,0.8499999642372132,,PS_021,,,
,,2024-12-03T00:45:00Z,0,0,3,0,0,3,0,0,0,0,0.09000015258789062,,,,,0.8499999642372131,,PS_021,,,
,,2024-12-03T01:00:00Z,0,0,4,0,0,4,0,0,0,0,0.09000015258789064,,,,,0.8499999642372131,,PS_021,,,
,,2024-12-03T01:15:00Z,0,0,4,0,0,4,0,0,0,0,0.09000015258789061,,,,,0.8499999642372131,,PS_021,,,
,,2024-12-03T01:30:00Z,0,0,3,0,0,3,0,0,0,0,0.09000015258789061,,,,,0.8499999642372132,,PS_021,,,
,,2024-12-03T01:45:00Z,0,0,4,0,0,4,0,0,0,0,0.09000015258789064,,,,,0.8499999642372132,,PS_021,,,
,,2024-12-03T02:00:00Z,0,0,4,0,0,4,0,0,0,0,0.09000015258789062,,,,,0.849999964237213,,PS_021,,,
,,2024-12-03T02:15:00Z,0,0,4,0,0,4,0,0,0,0,0.09000015258789064,,,,,0.8499999642372132,,PS_021,,,
,,2024-12-03T02:30:00Z,0,0,3,0,0,3,0,0,0,0,0.09000015258789061,,,,,0.849999964237213,,PS_021,,,
,,2024-12-03T02:45:00Z,0,0,4,0,0,4,0,0,0,0,0.09000015258789061,,,,,0.849999964237213,,PS_021,,,
,,2024-12-03T03:00:00Z,0,0,2,0,0,2,0,0,0,0,0.09000015258789062,,,,,0.8499999642372132,,PS_021,,,
,,2024-12-03T03:15:00Z,0,0,0,0,0,0,0,0,0,0,,,,,,,,PS_021,,,
,,2024-12-03T03:30:00Z,0,0,0,0,0,0,0,0,0,0,,,,,,,,PS_021,,,
,,2024-12-03T03:45:00Z,0,0,0,0,0,0,0,0,0,0,,,,,,,,PS_021,,,
,,2024-12-03T04:00:00Z,0,0,0,0,0,0,0,0,0,0,,,,,,,,PS_021,,,
,,2024-12-03T04:15:00Z,0,0,0,0,0,0,0,0,0,0,,,,,,,,PS_021,,,
,,2024-12-03T04:30:00Z,0,0,0,0,0,0,0,0,0,0,,,,,,,,PS_021,,,
,,2024-12-03T04:45:00Z,0,0,0,0,0,0,0,0,0,0,,,,,,,,PS_021,,,
,,2024-12-03T05:00:00Z,0,0,0,0,0,0,0,0,0,0,,,,,,,,PS_021,,,
,,2024-12-03T05:15:00Z,0,0,0,0,0,0,0,0,0,0,,,,,,,,PS_021,,,
,,2024-12-03T05:30:00Z,0,0,0,0,0,0,0,0,0,0,,,,,,,,PS_021,,,
,,2024-12-03T05:45:00Z,0,0,0,0,0,0,0,0,0,0,,,,,,,,PS_021,,,
,,2024-12-03T06:00:00Z,0,0,0,0,0,0,0,0,0,0,,,,,,,,PS_021,,,
,,2024-12-03T06:15:00Z,0,0,0,0,0,0,0,0,0,0,,,,,,,,PS_021,,,
,,2024-12-03T06:30:00Z,0,0,0,0,0,0,0,0,0,0,,,,,,,,PS_021,,,
,,2024-12-03T06:45:00Z,0,0,0,0,0,0,0,0,0,0,,,,,,,,PS_021,,,
,,2024-12-03T07:00:00Z,0,0,0,0,0,0,0,0,0,0,,,,,,,,PS_021,,,
,,2024-12-03T07:15:00Z,0,0,0,0,0,0,0,0,0,0,,,,,,,,PS_021,,,
,,2024-12-03T07:30:00Z,0,0,0,0,0,0,0,0,0,0,,,,,,,,PS_021,,,
,,2024-12-03T07:45:00Z,0,0,0,0,0,0,0,0,0,0,,,,,,,,PS_021,,,
,,2024-12-03T08:00:00Z,0,0,0,0,0,0,0,0,0,0,,,,,,,,PS_021,,,
,,2024-12-03T08:15:00Z,0,0,0,0,0,0,0,0,0,0,,,,,,,,PS_021,,,
,,2024-12-03T08:30:00Z,0,0,0,0,0,0,0,0,0,0,,,,,,,,PS_021,,,
,,2024-12-03T08:45:00Z,0,0,0,0,0,0,0,0,0,0,,,,,,,,PS_021,,,
,,2024-12-03T09:00:00Z,0,0,2,0,0,2,0,0,0,0,20.647078320936277,,,,,18.947120562459983,,PS_021,,,
,,2024-12-03T09:15:00Z,0,0,4,0,0,4,0,0,0,0,17.89369222840323,,,,,16.46146648810291,,PS_021,,,
,,2024-12-03T09:30:00Z,0,0,3,0,0,3,0,0,0,0,32.04774678673221,,,,,30.72911106896095,,PS_021,,,
,,2024-12-03T09:45:00Z,0,0,4,0,0,4,0,0,0,0,21.248822412655365,,,,,19.843064129611747,,PS_021,,,
,,2024-12-03T10:00:00Z,0,0,4,0,0,4,0,0,0,0,18.841137475447542,,,,,17.295629541880157,,PS_021,,,
,,2024-12-03T10:15:00Z,0,0,3,0,0,3,0,0,0,0,23.596887683702302,,,,,22.19986896317986,,PS_021,,,
,,2024-12-03T10:30:00Z,0,0,4,0,0,4,0,0,0,0,54.2274831552753,,,,,53.080200548597155,,PS_021,,,
,,2024-12-03T10:45:00Z,0,0,4,0,0,4,0,0,0,0,77.27477050553392,,,,,76.03116185136672,,PS_021,,,
,,2024-12-03T11:00:00Z,0,0,4,0,0,4,0,0,0,0,108.49320310646462,,,,,107.293122559147,,PS_021,,,
,,2024-12-03T11:15:00Z,0,0,3,0,0,3,0,0,0,0,72.71022912129934,,,,,71.64102130014786,,PS_021,,,
,,2024-12-03T11:30:00Z,0,0,4,0,0,4,0,0,0,0,109.83406461312698,,,,,108.5222465334462,,PS_021,,,
,,2024-12-03T11:45:00Z,0,0,4,0,0,4,0,0,0,0,108.5972211533012,,,,,107.47622556872126,,PS_021,,,
,,2024-12-03T12:00:00Z,0,0,4,0,0,4,0,0,0,0,96.53864137434698,,,,,95.34415084341028,,PS_021,,,
,,2024-12-03T12:15:00Z,0,0,3,0,0,3,0,0,0,0,37.04273701057237,,,,,36.070141669065926,,PS_021,,,
,,2024-12-03T12:30:00Z,0,0,4,0,0,4,0,0,0,0,34.94608202430175,,,,,33.18545478414977,,PS_021,,,
,,2024-12-03T12:45:00Z,0,0,4,0,0,4,0,0,0,0,63.22048232814798,,,,,61.92974323563753,,PS_021,,,
,,2024-12-03T13:00:00Z,0,0,3,0,0,3,0,0,0,0,64.85753760539427,,,,,63.310163309852484,,PS_021,,,
,,2024-12-03T13:15:00Z,0,0,4,0,0,4,0,0,0,0,136.796008227285,,,,,134.85959165765817,,PS_021,,,
,,2024-12-03T13:30:00Z,0,0,4,0,0,4,0,0,0,0,106.73044143812747,,,,,105.48773289663302,,PS_021,,,
,,2024-12-03T13:45:00Z,0,0,4,0,0,4,0,0,0,0,89.14243606010032,,,,,88.01353701863059,,PS_021,,,
,,2024-12-03T14:00:00Z,0,0,3,0,0,3,0,0,0,0,113.72855195872846,,,,,112.63077126142622,,PS_021,,,
,,2024-12-03T14:15:00Z,0,0,4,0,0,4,0,0,0,0,155.19980014775385,,,,,154.0448646033683,,PS_021,,,
,,2024-12-03T14:30:00Z,0,0,4,0,0,4,0,0,0,0,155.13329487288735,,,,,153.91128340412612,,PS_021,,,
,,2024-12-03T14:45:00Z,0,0,4,0,0,4,0,0,0,0,211.5572866416191,,,,,210.7171311948903,,PS_021,,,
,,2024-12-03T15:00:00Z,0,0,3,0,0,3,0,0,0,0,257.664771222838,,,,,258.0848085803234,,PS_021,,,
,,2024-12-03T15:15:00Z,0,0,4,0,0,4,0,0,0,0,186.77346262924806,,,,,186.79043694966776,,PS_021,,,
,,2024-12-03T15:30:00Z,0,0,4,0,0,4,0,0,0,0,178.65214671894043,,,,,178.4539082572253,,PS_021,,,
,,2024-12-03T15:45:00Z,0,0,4,0,0,4,0,0,0,0,260.83803384613157,,,,,261.46219160623673,,PS_021,,,
,,2024-12-03T16:00:00Z,0,0,3,0,0,3,0,0,0,0,164.18196782248611,,,,,164.1904072246454,,PS_021,,,
,,2024-12-03T16:15:00Z,0,0,4,0,0,4,0,0,0,0,65.53945119221623,,,,,64.52292167377125,,PS_021,,,
,,2024-12-03T16:30:00Z,0,0,4,0,0,4,0,0,0,0,92.27287641859603,,,,,91.02262639429178,,PS_021,,,
,,2024-12-03T16:45:00Z,0,0,3,0,0,3,0,0,0,0,163.68208506241,,,,,162.84908653506403,,PS_021,,,
,,2024-12-03T17:00:00Z,0,0,4,0,0,4,0,0,0,0,181.88036664255813,,,,,181.52946021361024,,PS_021,,,
,,2024-12-03T17:15:00Z,0,0,4,0,0,4,0,0,0,0,126.20793602968222,,,,,125.39669340951248,,PS_021,,,
,,2024-12-03T17:30:00Z,0,0,4,0,0,4,0,0,0,0,110.85839269839667,,,,,109.5314394752848,,PS_021,,,
,,2024-12-03T17:45:00Z,0,0,3,0,0,3,0,0,0,0,173.60349293464128,,,,,172.29428485915022,,PS_021,,,
,,2024-12-03T18:00:00Z,0,0,4,0,0,4,0,0,0,0,210.49435907641296,,,,,209.4120499255469,,PS_021,,,
,,2024-12-03T18:15:00Z,0,0,4,0,0,4,0,0,0,0,255.04851182154877,,,,,254.95627254622215,,PS_021,,,
,,2024-12-03T18:30:00Z,0,0,3,0,0,3,0,0,0,0,157.39924078277076,,,,,156.97393690920018,,PS_021,,,
,,2024-12-03T18:45:00Z,0,0,4,0,0,4,0,0,0,0,208.18032400847528,,,,,208.49545235820372,,PS_021,,,
,,2024-12-03T19:00:00Z,0,0,4,0,0,4,0,0,0,0,147.12989369653823,,,,,146.9575791114453,,PS_021,,,
,,2024-12-03T19:15:00Z,0,0,4,0,0,4,0,0,0,0,114.37265262833289,,,,,113.98295499594856,,PS_021,,,
,,2024-12-03T19:30:00Z,0,0,3,0,0,3,0,0,0,0,110.78941910453172,,,,,110.32591896089852,,PS_021,,,
,,2024-12-03T19:45:00Z,0,0,4,0,0,4,0,0,0,0,188.6090654047839,,,,,187.20928274072617,,PS_021,,,
,,2024-12-03T20:00:00Z,0,0,4,0,0,4,0,0,0,0,157.9141192023578,,,,,155.32250526572395,,PS_021,,,
,,2024-12-03T20:15:00Z,0,0,3,0,0,3,0,0,0,0,117.47992519054146,,,,,116.2795689624996,,PS_021,,,
,,2024-12-03T20:30:00Z,0,0,4,0,0,4,0,0,0,0,125.9669878752588,,,,,124.25859196361843,,PS_021,,,
,,2024-12-03T20:45:00Z,0,0,4,0,0,4,0,0,0,0,71.0677144855989,,,,,69.85462164237629,,PS_021,,,
,,2024-12-03T21:00:00Z,0,0,4,0,0,4,0,0,0,0,48.00590436854213,,,,,46.98361270741436,,PS_021,,,
,,2024-12-03T21:15:00Z,0,0,3,0,0,3,0,0,0,0,33.081940780352895,,,,,31.623209004883922,,PS_021,,,
,,2024-12-03T21:30:00Z,0,0,4,0,0,4,0,0,0,0,12.272883870912407,,,,,10.83936911374897,,PS_021,,,
,,2024-12-03T21:45:00Z,0,0,4,0,0,4,0,0,0,0,1.2926733795584138,,,,,1.0828068159319089,,PS_021,,,
,,2024-12-03T22:00:00Z,0,0,4,0,0,4,0,0,0,0,0.09000015258789062,,,,,0.8499999642372131,,PS_021,,,
,,2024-12-03T22:15:00Z,0,0,3,0,0,3,0,0,0,0,0.09000015258789064,,,,,0.8499999642372134,,PS_021,,,
,,2024-12-03T22:30:00Z,0,0,4,0,0,4,0,0,0,0,0.09000015258789064,,,,,0.8499999642372132,,PS_021,,,
,,2024-12-03T22:45:00Z,0,0,4,0,0,4,0,0,0,0,0.09000015258789064,,,,,0.8499999642372132,,PS_021,,,
,,2024-12-03T23:00:00Z,0,0,4,0,0,4,0,0,0,0,0.09000015258789064,,,,,0.8499999642372131,,PS_021,,,
,,2024-12-03T23:15:00Z,0,0,3,0,0,3,0,0,0,0,0.09000015258789062,,,,,0.849999964237213,,PS_021,,,
,,2024-12-03T23:30:00Z,0,0,4,0,0,4,0,0,0,0,0.09000015258789062,,,,,0.8499999642372132,,PS_021,,,
,,2024-12-03T23:45:00Z,0,0,4,0,0,4,0,0,0,0,0.09000015258789062,,,,,0.8499999642372131,,PS_021,,,
,,2024-12-04T00:00:00Z,0,0,3,0,0,3,0,0,0,0,0.09000015258789062,,,,,0.8499999642372132,,PS_021,,,
,,2024-12-04T00:15:00Z,0,0,4,0,0,4,0,0,0,0,0.09000015258789061,,,,,0.8499999642372132,,PS_021,,,
,,2024-12-04T00:30:00Z,0,0,4,0,0,4,0,0,0,0,0.09000015258789062,,,,,0.8499999642372131,,PS_021,,,
,,2024-12-04T00:45:00Z,0,0,4,0,0,4,0,0,0,0,0.09000015258789062,,,,,0.8499999642372131,,PS_021,,,
,,2024-12-04T01:00:00Z,0,0,3,0,0,3,0,0,0,0,0.09000015258789062,,,,,0.8499999642372131,,PS_021,,,
,,2024-12-04T01:15:00Z,0,0,4,0,0,4,0,0,0,0,0.09000015258789064,,,,,0.8499999642372131,,PS_021,,,
,,2024-12-04T01:30:00Z,0,0,4,0,0,4,0,0,0,0,0.09000015258789062,,,,,0.8499999642372131,,PS_021,,,
,,2024-12-04T01:45:00Z,0,0,4,0,0,4,0,0,0,0,0.09000015258789062,,,,,0.8499999642372132,,PS_021,,,
,,2024-12-04T02:00:00Z,0,0,3,0,0,3,0,0,0,0,0.09000015258789064,,,,,0.8499999642372131,,PS_021,,,
,,2024-12-04T02:15:00Z,0,0,4,0,0,4,0,0,0,0,0.09000015258789062,,,,,0.8499999642372131,,PS_021,,,
,,2024-12-04T02:30:00Z,0,0,4,0,0,4,0,0,0,0,0.09000015258789064,,,,,0.8499999642372131,,PS_021,,,
,,2024-12-04T02:45:00Z,0,0,3,0,0,3,0,0,0,0,0.09000015258789062,,,,,0.849999964237213,,PS_021,,,
,,2024-12-04T03:00:00Z,0,0,2,0,0,2,0,0,0,0,0.09000015258789061,,,,,0.8499999642372131,,PS_021,,,
,,2024-12-04T03:15:00Z,0,0,0,0,0,0,0,0,0,0,,,,,,,,PS_021,,,
,,2024-12-04T03:30:00Z,0,0,0,0,0,0,0,0,0,0,,,,,,,,PS_021,,,
,,2024-12-04T03:45:00Z,0,0,0,0,0,0,0,0,0,0,,,,,,,,PS_021,,,
,,2024-12-04T04:00:00Z,0,0,0,0,0,0,0,0,0,0,,,,,,,,PS_021,,,
,,2024-12-04T04:15:00Z,0,0,0,0,0,0,0,0,0,0,,,,,,,,PS_021,,,
,,2024-12-04T04:30:00Z,0,0,0,0,0,0,0,0,0,0,,,,,,,,PS_021,,,
,,2024-12-04T04:45:00Z,0,0,0,0,0,0,0,0,0,0,,,,,,,,PS_021,,,
,,2024-12-04T05:00:00Z,0,0,0,0,0,0,0,0,0,0,,,,,,,,PS_021,,,
,,2024-12-04T05:15:00Z,0,0,0,0,0,0,0,0,0,0,,,,,,,,PS_021,,,
,,2024-12-04T05:30:00Z,0,0,0,0,0,0,0,0,0,0,,,,,,,,PS_021,,,
,,2024-12-04T05:45:00Z,0,0,0,0,0,0,0,0,0,0,,,,,,,,PS_021,,,
,,2024-12-04T06:00:00Z,0,0,0,0,0,0,0,0,0,0,,,,,,,,PS_021,,,
,,2024-12-04T06:15:00Z,0,0,0,0,0,0,0,0,0,0,,,,,,,,PS_021,,,
,,2024-12-04T06:30:00Z,0,0,0,0,0,0,0,0,0,0,,,,,,,,PS_021,,,
,,2024-12-04T06:45:00Z,0,0,0,0,0,0,0,0,0,0,,,,,,,,PS_021,,,
,,2024-12-04T07:00:00Z,0,0,0,0,0,0,0,0,0,0,,,,,,,,PS_021,,,
,,2024-12-04T07:15:00Z,0,0,0,0,0,0,0,0,0,0,,,,,,,,PS_021,,,
,,2024-12-04T07:30:00Z,0,0,0,0,0,0,0,0,0,0,,,,,,,,PS_021,,,
,,2024-12-04T07:45:00Z,0,0,0,0,0,0,0,0,0,0,,,,,,,,PS_021,,,
,,2024-12-04T08:00:00Z,0,0,0,0,0,0,0,0,0,0,,,,,,,,PS_021,,,
,,2024-12-04T08:15:00Z,0,0,0,0,0,0,0,0,0,0,,,,,,,,PS_021,,,
,,2024-12-04T08:30:00Z,0,0,0,0,0,0,0,0,0,0,,,,,,,,PS_021,,,
,,2024-12-04T08:45:00Z,0,0,0,0,0,0,0,0,0,0,,,,,,,,PS_021,,,
,,2024-12-04T09:00:00Z,0,0,2,0,0,2,0,0,0,0,42.536846464769674,,,,,41.36796465483858,,PS_021,,,
,,2024-12-04T09:15:00Z,0,0,4,0,0,4,0,0,0,0,71.1430605740245,,,,,70.62779359026727,,PS_021,,,
,,2024-12-04T09:30:00Z,0,0,4,0,0,4,0,0,0,0,101.49762025883557,,,,,101.85003309260945,,PS_021,,,
,,2024-12-04T09:45:00Z,0,0,3,0,0,3,0,0,0,0,133.0451667040925,,,,,133.85809630570304,,PS_021,,,
,,2024-12-04T10:00:00Z,0,0,4,0,0,4,0,0,0,0,153.30469105253525,,,,,153.65124114804792,,PS_021,,,
,,2024-12-04T10:15:00Z,0,0,4,0,0,4,0,0,0,0,173.57823593928865,,,,,174.12620599153985,,PS_021,,,
,,2024-12-04T10:30:00Z,0,0,4,0,0,4,0,0,0,0,194.16189614824248,,,,,195.10574805487175,,PS_021,,,
,,2024-12-04T10:45:00Z,0,0,3,0,0,3,0,0,0,0,222.07237827461273,,,,,222.2179665595184,,PS_021,,,
,,2024-12-04T11:00:00Z,0,0,4,0,0,4,0,0,0,0,275.4975478382354,,,,,277.57328050395154,,PS_021,,,
,,2024-12-04T11:15:00Z,0,0,4,0,0,4,0,0,0,0,196.29832495802648,,,,,196.68673746092662,,PS_021,,,
,,2024-12-04T11:30:00Z,0,0,3,0,0,3,0,0,0,0,237.79558103970024,,,,,238.49874038154368,,PS_021,,,
,,2024-12-04T11:45:00Z,0,0,4,0,0,4,0,0,0,0,318.8049985689895,,,,,321.00857769363995,,PS_021,,,
,,2024-12-04T12:00:00Z,0,0,4,0,0,4,0,0,0,0,369.87128884430086,,,,,373.31083936558554,,PS_021,,,
,,2024-12-04T12:15:00Z,0,0,4,0,0,4,0,0,0,0,405.09834951090915,,,,,408.82352547763577,,PS_021,,,
,,2024-12-04T12:30:00Z,0,0,3,0,0,3,0,0,0,0,385.76422417476886,,,,,389.39643272897257,,PS_021,,,
,,2024-12-04T12:45:00Z,0,0,4,0,0,4,0,0,0,0,485.7810716995714,,,,,489.7676218657435,,PS_021,,,
,,2024-12-04T13:00:00Z,0,0,4,0,0,4,0,0,0,0,739.2417853729211,,,,,747.751298449084,,PS_021,,,
,,2024-12-04T13:15:00Z,0,0,4,0,0,4,0,0,0,0,306.4508638589111,,,,,307.9598933427185,,PS_021,,,
,,2024-12-04T13:30:00Z,0,0,3,0,0,3,0,0,0,0,246.05429547460002,,,,,246.90633703365023,,PS_021,,,
,,2024-12-04T13:45:00Z,0,0,4,0,0,4,0,0,0,0,261.17924157154977,,,,,262.2643947623603,,PS_021,,,
,,2024-12-04T14:00:00Z,0,0,4,0,0,4,0,0,0,0,539.6801837700949,,,,,542.9592492555498,,PS_021,,,
,,2024-12-04T14:15:00Z,0,0,3,0,0,3,0,0,0,0,762.4297042504772,,,,,767.0741753658511,,PS_021,,,
,,2024-12-04T14:30:00Z,0,0,4,0,0,4,0,0,0,0,684.9123158815592,,,,,688.9755412731142,,PS_021,,,
,,2024-12-04T14:45:00Z,0,0,4,0,0,4,0,0,0,0,1078.2857691959296,,,,,1089.6128936882467,,PS_021,,,
,,2024-12-04T15:00:00Z,0,0,4,0,0,4,0,0,0,0,725.058120385154,,,,,728.6443203982641,,PS_021,,,
,,2024-12-04T15:15:00Z,0,0,3,0,0,3,0,0,0,0,467.14184830112487,,,,,468.99616381031376,,PS_021,,,
,,2024-12-04T15:30:00Z,0,0,4,0,0,4,0,0,0,0,304.9678438499687,,,,,306.769635147361,,PS_021,,,
,,2024-12-04T15:45:00Z,0,0,4,0,0,4,0,0,0,0,233.28043479006664,,,,,232.59467084692616,,PS_021,,,
,,2024-12-04T16:00:00Z,0,0,4,0,0,4,0,0,0,0,389.19351817249975,,,,,389.7538108341297,,PS_021,,,
,,2024-12-04T16:15:00Z,0,0,3,0,0,3,0,0,0,0,376.80444707564004,,,,,378.49103894868904,,PS_021,,,
,,2024-12-04T16:30:00Z,0,0,4,0,0,4,0,0,0,0,218.42362990381,,,,,218.35657606448532,,PS_021,,,
,,2024-12-04T16:45:00Z,0,0,4,0,0,4,0,0,0,0,143.94028204681186,,,,,143.60367620653219,,PS_021,,,
,,2024-12-04T17:00:00Z,0,0,4,0,0,4,0,0,0,0,200.28956851400503,,,,,200.50457584898598,,PS_021,,,
,,2024-12-04T17:15:00Z,0,0,3,0,0,3,0,0,0,0,254.51914376426478,,,,,255.22037164850587,,PS_021,,,
,,2024-12-04T17:30:00Z,0,0,4,0,0,4,0,0,0,0,361.53119623297795,,,,,362.50034984322934,,PS_021,,,
,,2024-12-04T17:45:00Z,0,0,4,0,0,4,0,0,0,0,278.16669864255033,,,,,279.37004751683213,,PS_021,,,
,,2024-12-04T18:00:00Z,0,0,3,0,0,3,0,0,0,0,279.60490180307124,,,,,280.18308463077386,,PS_021,,,
,,2024-12-04T18:15:00Z,0,0,4,0,0,4,0,0,0,0,386.5430379505753,,,,,387.38353174405734,,PS_021,,,
,,2024-12-04T18:30:00Z,0,0,4,0,0,4,0,0,0,0,165.10532743399372,,,,,165.1146562898579,,PS_021,,,
,,2024-12-04T18:45:00Z,0,0,4,0,0,4,0,0,0,0,166.44568057274785,,,,,166.42258519809627,,PS_021,,,
,,2024-12-04T19:00:00Z,0,0,3,0,0,3,0,0,0,0,158.47453945650906,,,,,158.32826726061924,,PS_021,,,
,,2024-12-04T19:15:00Z,0,0,4,0,0,4,0,0,0,0,95.82219664097336,,,,,94.69891508200087,,PS_021,,,
,,2024-12-04T19:30:00Z,0,0,4,0,0,4,0,0,0,0,87.76107653960071,,,,,87.12222149355296,,PS_021,,,
,,2024-12-04T19:45:00Z,0,0,4,0,0,4,0,0,0,0,104.81765860069154,,,,,103.68928045660134,,PS_021,,,
,,2024-12-04T20:00:00Z,0,0,3,0,0,3,0,0,0,0,75.23084891798311,,,,,74.5169199301262,,PS_021,,,
,,2024-12-04T20:15:00Z,0,0,4,0,0,4,0,0,0,0,45.06215015546371,,,,,44.194501774049904,,PS_021,,,
,,2024-12-04T20:30:00Z,0,0,4,0,0,4,0,0,0,0,59.236180312392186,,,,,58.49142822220276,,PS_021,,,
,,2024-12-04T20:45:00Z,0,0,3,0,0,3,0,0,0,0,38.36522112722327,,,,,37.150426789938905,,PS_021,,,
,,2024-12-04T21:00:00Z,0,0,4,0,0,4,0,0,0,0,18.700885715774728,,,,,17.34164916264976,,PS_021,,,
,,2024-12-04T21:15:00Z,0,0,4,0,0,4,0,0,0,0,12.405960452406813,,,,,11.17607256250853,,PS_021,,,
,,2024-12-04T21:30:00Z,0,0,4,0,0,4,0,0,0,0,8.33430479290405,,,,,6.914425839305193,,PS_021,,,
,,2024-12-04T21:45:00Z,0,0,3,0,0,3,0,0,0,0,1.0732081776019624,,,,,0.90127672777406,,PS_021,,,
,,2024-12-04T22:00:00Z,0,0,4,0,0,4,0,0,0,0,0.09000015258789062,,,,,0.849999964237213,,PS_021,,,
,,2024-12-04T22:15:00Z,0,0,4,0,0,4,0,0,0,0,0.09000015258789064,,,,,0.8499999642372131,,PS_021,,,
,,2024-12-04T22:30:00Z,0,0,4,0,0,4,0,0,0,0,0.09000015258789062,,,,,0.8499999642372131,,PS_021,,,
,,2024-12-04T22:45:00Z,0,0,3,0,0,3,0,0,0,0,0.09000015258789062,,,,,0.8499999642372131,,PS_021,,,
,,2024-12-04T23:00:00Z,0,0,4,0,0,4,0,0,0,0,0.09000015258789062,,,,,0.8499999642372131,,PS_021,,,
,,2024-12-04T23:15:00Z,0,0,4,0,0,4,0,0,0,0,0.09000015258789061,,,,,0.8499999642372131,,PS_021,,,
,,2024-12-04T23:30:00Z,0,0,3,0,0,3,0,0,0,0,0.09000015258789061,,,,,0.849999964237213,,PS_021,,,
,,2024-12-04T23:45:00Z,0,0,4,0,0,4,0,0,0,0,0.09000015258789062,,,,,0.8499999642372131,,PS_021,,,
,,2024-12-05T00:00:00Z,0,0,4,0,0,4,0,0,0,0,0.09000015258789064,,,,,0.8499999642372132,,PS_021,,,
,,2024-12-05T00:15:00Z,0,0,4,0,0,4,0,0,0,0,0.09000015258789064,,,,,0.8499999642372132,,PS_021,,,
,,2024-12-05T00:30:00Z,0,0,3,0,0,3,0,0,0,0,0.09000015258789062,,,,,0.8499999642372131,,PS_021,,,
,,2024-12-05T00:45:00Z,0,0,4,0,0,4,0,0,0,0,0.09000015258789064,,,,,0.8499999642372131,,PS_021,,,
,,2024-12-05T01:00:00Z,0,0,4,0,0,4,0,0,0,0,0.09000015258789064,,,,,0.8499999642372132,,PS_021,,,
,,2024-12-05T01:15:00Z,0,0,4,0,0,4,0,0,0,0,0.09000015258789062,,,,,0.8499999642372131,,PS_021,,,
,,2024-12-05T01:30:00Z,0,0,3,0,0,3,0,0,0,0,0.09000015258789064,,,,,0.8499999642372132,,PS_021,,,
,,2024-12-05T01:45:00Z,0,0,4,0,0,4,0,0,0,0,0.09000015258789062,,,,,0.849999964237213,,PS_021,,,
,,2024-12-05T02:00:00Z,0,0,4,0,0,4,0,0,0,0,0.09000015258789062,,,,,0.8499999642372131,,PS_021,,,
,,2024-12-05T02:15:00Z,0,0,3,0,0,3,0,0,0,0,0.09000015258789061,,,,,0.8499999642372131,,PS_021,,,
,,2024-12-05T02:30:00Z,0,0,4,0,0,4,0,0,0,0,0.09000015258789062,,,,,0.849999964237213,,PS_021,,,
,,2024-12-05T02:45:00Z,0,0,4,0,0,4,0,0,0,0,0.09000015258789062,,,,,0.8499999642372131,,PS_021,,,
,,2024-12-05T03:00:00Z,0,0,2,0,0,2,0,0,0,0,0.09000015258789062,,,,,0.8499999642372131,,PS_021,,,
,,2024-12-05T03:15:00Z,0,0,0,0,0,0,0,0,0,0,,,,,,,,PS_021,,,
,,2024-12-05T03:30:00Z,0,0,0,0,0,0,0,0,0,0,,,,,,,,PS_021,,,
,,2024-12-05T03:45:00Z,0,0,0,0,0,0,0,0,0,0,,,,,,,,PS_021,,,
,,2024-12-05T04:00:00Z,0,0,0,0,0,0,0,0,0,0,,,,,,,,PS_021,,,
,,2024-12-05T04:15:00Z,0,0,0,0,0,0,0,0,0,0,,,,,,,,PS_021,,,
,,2024-12-05T04:30:00Z,0,0,0,0,0,0,0,0,0,0,,,,,,,,PS_021,,,
,,2024-12-05T04:45:00Z,0,0,0,0,0,0,0,0,0,0,,,,,,,,PS_021,,,
,,2024-12-05T05:00:00Z,0,0,0,0,0,0,0,0,0,0,,,,,,,,PS_021,,,
,,2024-12-05T05:15:00Z,0,0,0,0,0,0,0,0,0,0,,,,,,,,PS_021,,,
,,2024-12-05T05:30:00Z,0,0,0,0,0,0,0,0,0,0,,,,,,,,PS_021,,,
,,2024-12-05T05:45:00Z,0,0,0,0,0,0,0,0,0,0,,,,,,,,PS_021,,,
,,2024-12-05T06:00:00Z,0,0,0,0,0,0,0,0,0,0,,,,,,,,PS_021,,,
,,2024-12-05T06:15:00Z,0,0,0,0,0,0,0,0,0,0,,,,,,,,PS_021,,,
,,2024-12-05T06:30:00Z,0,0,0,0,0,0,0,0,0,0,,,,,,,,PS_021,,,
,,2024-12-05T06:45:00Z,0,0,0,0,0,0,0,0,0,0,,,,,,,,PS_021,,,
,,2024-12-05T07:00:00Z,0,0,0,0,0,0,0,0,0,0,,,,,,,,PS_021,,,
,,2024-12-05T07:15:00Z,0,0,0,0,0,0,0,0,0,0,,,,,,,,PS_021,,,
,,2024-12-05T07:30:00Z,0,0,0,0,0,0,0,0,0,0,,,,,,,,PS_021,,,
,,2024-12-05T07:45:00Z,0,0,0,0,0,0,0,0,0,0,,,,,,,,PS_021,,,
,,2024-12-05T08:00:00Z,0,0,0,0,0,0,0,0,0,0,,,,,,,,PS_021,,,
,,2024-12-05T08:15:00Z,0,0,0,0,0,0,0,0,0,0,,,,,,,,PS_021,,,
,,2024-12-05T08:30:00Z,0,0,0,0,0,0,0,0,0,0,,,,,,,,PS_021,,,
,,2024-12-05T08:45:00Z,0,0,0,0,0,0,0,0,0,0,,,,,,,,PS_021,,,
,,2024-12-05T09:00:00Z,0,0,2,0,0,2,0,0,0,0,36.1983180966966,,,,,34.994292708963116,,PS_021,,,
,,2024-12-05T09:15:00Z,0,0,4,0,0,4,0,0,0,0,53.02465623997077,,,,,51.947436203294366,,PS_021,,,
,,2024-12-05T09:30:00Z,0,0,3,0,0,3,0,0,0,0,78.35950027926413,,,,,77.13683828137484,,PS_021,,,
,,2024-12-05T09:45:00Z,0,0,4,0,0,4,0,0,0,0,117.05092698335775,,,,,116.7134520284666,,PS_021,,,
,,2024-12-05T10:00:00Z,0,0,4,0,0,4,0,0,0,0,144.78519143414223,,,,,145.1276575967677,,PS_021,,,
,,2024-12-05T10:15:00Z,0,0,4,0,0,4,0,0,0,0,193.19713861988234,,,,,193.5446591539173,,PS_021,,,
,,2024-12-05T10:30:00Z,0,0,3,0,0,3,0,0,0,0,213.6484492654753,,,,,214.02280700910936,,PS_021,,,
,,2024-12-05T10:45:00Z,0,0,4,0,0,4,0,0,0,0,206.17508980135784,,,,,206.1975974353842,,PS_021,,,
,,2024-12-05T11:00:00Z,0,0,4,0,0,4,0,0,0,0,204.92907538416142,,,,,204.99232903768802,,PS_021,,,
,,2024-12-05T11:15:00Z,0,0,3,0,0,3,0,0,0,0,233.10030452170963,,,,,233.00662776736885,,PS_021,,,
,,2024-12-05T11:30:00Z,0,0,4,0,0,4,0,0,0,0,261.4676801468895,,,,,262.0730794532441,,PS_021,,,
,,2024-12-05T11:45:00Z,0,0,4,0,0,4,0,0,0,0,338.3963882833052,,,,,339.7099649446946,,PS_021,,,
,,2024-12-05T12:00:00Z,0,0,4,0,0,4,0,0,0,0,319.60027037819856,,,,,320.4887401013612,,PS_021,,,
,,2024-12-05T12:15:00Z,0,0,3,0,0,3,0,0,0,0,406.96116750581444,,,,,409.4026569687642,,PS_021,,,
,,2024-12-05T12:30:00Z,0,0,4,0,0,4,0,0,0,0,506.12615321265787,,,,,510.5852616583213,,PS_021,,,
,,2024-12-05T12:45:00Z,0,0,4,0,0,4,0,0,0,0,454.64593634820875,,,,,458.0367696703893,,PS_021,,,
,,2024-12-05T13:00:00Z,0,0,4,0,0,4,0,0,0,0,482.0281087468029,,,,,485.3462588145627,,PS_021,,,
,,2024-12-05T13:15:00Z,0,0,3,0,0,3,0,0,0,0,634.3574850250038,,,,,638.4350805232713,,PS_021,,,
,,2024-12-05T13:30:00Z,0,0,4,0,0,4,0,0,0,0,462.16924056863235,,,,,465.24456669191636,,PS_021,,,
,,2024-12-05T13:45:00Z,0,0,4,0,0,4,0,0,0,0,459.48162863937733,,,,,461.49660593194494,,PS_021,,,
,,2024-12-05T14:00:00Z,0,0,3,0,0,3,0,0,0,0,559.643712383775,,,,,564.7969117847065,,PS_021,,,
,,2024-12-05T14:15:00Z,0,0,4,0,0,4,0,0,0,0,439.36822629329464,,,,,441.8694359749079,,PS_021,,,
,,2024-12-05T14:30:00Z,0,0,4,0,0,4,0,0,0,0,392.5463912400833,,,,,394.4500157753725,,PS_021,,,
,,2024-12-05T14:45:00Z,0,0,4,0,0,4,0,0,0,0,557.8061176121549,,,,,561.4538263831253,,PS_021,,,
,,2024-12-05T15:00:00Z,0,0,3,0,0,3,0,0,0,0,305.2178805648652,,,,,305.6401255302128,,PS_021,,,
,,2024-12-05T15:15:00Z,0,0,4,0,0,4,0,0,0,0,351.56029104057484,,,,,352.8117004884582,,PS_021,,,
,,2024-12-05T15:30:00Z,0,0,4,0,0,4,0,0,0,0,271.9051369353263,,,,,273.70894016776833,,PS_021,,,
,,2024-12-05T15:45:00Z,0,0,4,0,0,4,0,0,0,0,793.7335444741448,,,,,795.5044541964825,,PS_021,,,
,,2024-12-05T16:00:00Z,0,0,3,0,0,3,0,0,0,0,248.10476760704526,,,,,249.65308275367948,,PS_021,,,
,,2024-12-05T16:15:00Z,0,0,4,0,0,4,0,0,0,0,1019.9210011351223,,,,,1019.662282384309,,PS_021,,,
,,2024-12-05T16:30:00Z,0,0,4,0,0,4,0,0,0,0,410.75769404622184,,,,,411.45273525135906,,PS_021,,,
,,2024-12-05T16:45:00Z,0,0,3,0,0,3,0,0,0,0,168.28132184188425,,,,,167.64725845090985,,PS_021,,,
,,2024-12-05T17:00:00Z,0,0,4,0,0,4,0,0,0,0,231.08261305062334,,,,,229.4155591641969,,PS_021,,,
,,2024-12-05T17:15:00Z,0,0,4,0,0,4,0,0,0,0,259.4261875337044,,,,,258.9613011276994,,PS_021,,,
,,2024-12-05T17:30:00Z,0,0,4,0,0,4,0,0,0,0,263.61206782884454,,,,,263.7736630092681,,PS_021,,,
,,2024-12-05T17:45:00Z,0,0,3,0,0,3,0,0,0,0,209.51838603566588,,,,,208.56550381183953,,PS_021,,,
,,2024-12-05T18:00:00Z,0,0,4,0,0,4,0,0,0,0,247.06619039598468,,,,,247.92847900945404,,PS_021,,,
,,2024-12-05T18:15:00Z,0,0,4,0,0,4,0,0,0,0,676.0704922279024,,,,,665.0704959475191,,PS_021,,,
,,2024-12-05T18:30:00Z,0,0,4,0,0,4,0,0,0,0,471.47431599689,,,,,463.33242304671745,,PS_021,,,
,,2024-12-05T18:45:00Z,0,0,3,0,0,3,0,0,0,0,204.399883991437,,,,,201.65417789205185,,PS_021,,,
,,2024-12-05T19:00:00Z,0,0,4,0,0,4,0,0,0,0,172.52432646747877,,,,,173.27987214045964,,PS_021,,,
,,2024-12-05T19:15:00Z,0,0,4,0,0,4,0,0,0,0,334.64049218187796,,,,,332.4444252382884,,PS_021,,,
,,2024-12-05T19:30:00Z,0,0,3,0,0,3,0,0,0,0,519.3150461554534,,,,,506.15209327341665,,PS_021,,,
,,2024-12-05T19:45:00Z,0,0,4,0,0,4,0,0,0,0,314.1036646127519,,,,,308.8379329905459,,PS_021,,,
,,2024-12-05T20:00:00Z,0,0,4,0,0,4,0,0,0,0,268.93593897327503,,,,,263.81895921412826,,PS_021,,,
,,2024-12-05T20:15:00Z,0,0,4,0,0,4,0,0,0,0,237.46725739542921,,,,,231.9157755551636,,PS_021,,,
,,2024-12-05T20:30:00Z,0,0,3,0,0,3,0,0,0,0,78.69585132025558,,,,,76.65853431609513,,PS_021,,,
,,2024-12-05T20:45:00Z,0,0,4,0,0,4,0,0,0,0,32.07799386006869,,,,,30.338364708661196,,PS_021,,,
,,2024-12-05T21:00:00Z,0,0,4,0,0,4,0,0,0,0,13.069319950300512,,,,,11.6166331761257,,PS_021,,,
,,2024-12-05T21:15:00Z,0,0,4,0,0,4,0,0,0,0,23.134022475878,,,,,21.65845924466562,,PS_021,,,
,,2024-12-05T21:30:00Z,0,0,3,0,0,3,0,0,0,0,6.380399336128691,,,,,4.55620355722785,,PS_021,,,
,,2024-12-05T21:45:00Z,0,0,4,0,0,4,0,0,0,0,2.44533259341532,,,,,1.288137613981125,,PS_021,,,
,,2024-12-05T22:00:00Z,0,0,4,0,0,4,0,0,0,0,0.20641240410375533,,,,,0.8499999642372131,,PS_021,,,
,,2024-12-05T22:15:00Z,0,0,4,0,0,4,0,0,0,0,0.09000015258789064,,,,,0.8499999642372132,,PS_021,,,
,,2024-12-05T22:30:00Z,0,0,3,0,0,3,0,0,0,0,0.09000015258789061,,,,,0.8499999642372131,,PS_021,,,
,,2024-12-05T22:45:00Z,0,0,4,0,0,4,0,0,0,0,0.09000015258789064,,,,,0.8499999642372132,,PS_021,,,
,,2024-12-05T23:00:00Z,0,0,4,0,0,4,0,0,0,0,0.09000015258789062,,,,,0.849999964237213,,PS_021,,,
,,2024-12-05T23:15:00Z,0,0,3,0,0,3,0,0,0,0,0.09000015258789062,,,,,0.849999964237213,,PS_021,,,
,,2024-12-05T23:30:00Z,0,0,4,0,0,4,0,0,0,0,0.09000015258789062,,,,,0.8499999642372132,,PS_021,,,
,,2024-12-05T23:45:00Z,0,0,4,0,0,4,0,0,0,0,0.09000015258789061,,,,,0.8499999642372131,,PS_021,,,
,,2024-12-06T00:00:00Z,0,0,4,0,0,4,0,0,0,0,0.09000015258789062,,,,,0.8499999642372131,,PS_021,,,
,,2024-12-06T00:15:00Z,0,0,3,0,0,3,0,0,0,0,0.09000015258789061,,,,,0.8499999642372131,,PS_021,,,
,,2024-12-06T00:30:00Z,0,0,4,0,0,4,0,0,0,0,0.0900001525878906,,,,,0.8499999642372131,,PS_021,,,
,,2024-12-06T00:45:00Z,0,0,4,0,0,4,0,0,0,0,0.09000015258789062,,,,,0.8499999642372131,,PS_021,,,
,,2024-12-06T01:00:00Z,0,0,4,0,0,4,0,0,0,0,0.09000015258789061,,,,,0.8499999642372131,,PS_021,,,
,,2024-12-06T01:15:00Z,0,0,3,0,0,3,0,0,0,0,0.09000015258789062,,,,,0.8499999642372132,,PS_021,,,
,,2024-12-06T01:30:00Z,0,0,4,0,0,4,0,0,0,0,0.09000015258789064,,,,,0.8499999642372132,,PS_021,,,
,,2024-12-06T01:45:00Z,0,0,4,0,0,4,0,0,0,0,0.09000015258789062,,,,,0.849999964237213,,PS_021,,,
,,2024-12-06T02:00:00Z,0,0,3,0,0,3,0,0,0,0,0.09000015258789062,,,,,0.8499999642372131,,PS_021,,,
,,2024-12-06T02:15:00Z,0,0,4,0,0,4,0,0,0,0,0.09000015258789062,,,,,0.8499999642372131,,PS_021,,,
,,2024-12-06T02:30:00Z,0,0,4,0,0,4,0,0,0,0,0.09000015258789061,,,,,0.849999964237213,,PS_021,,,
,,2024-12-06T02:45:00Z,0,0,4,0,0,4,0,0,0,0,0.09000015258789061,,,,,0.8499999642372128,,PS_021,,,
,,2024-12-06T03:00:00Z,0,0,2,0,0,2,0,0,0,0,0.09000015258789062,,,,,0.8499999642372131,,PS_021,,,
,,2024-12-06T03:15:00Z,0,0,0,0,0,0,0,0,0,0,,,,,,,,PS_021,,,
,,2024-12-06T03:30:00Z,0,0,0,0,0,0,0,0,0,0,,,,,,,,PS_021,,,
,,2024-12-06T03:45:00Z,0,0,0,0,0,0,0,0,0,0,,,,,,,,PS_021,,,
,,2024-12-06T04:00:00Z,0,0,0,0,0,0,0,0,0,0,,,,,,,,PS_021,,,
,,2024-12-06T04:15:00Z,0,0,0,0,0,0,0,0,0,0,,,,,,,,PS_021,,,
,,2024-12-06T04:30:00Z,0,0,0,0,0,0,0,0,0,0,,,,,,,,PS_021,,,
,,2024-12-06T04:45:00Z,0,0,0,0,0,0,0,0,0,0,,,,,,,,PS_021,,,
,,2024-12-06T05:00:00Z,0,0,0,0,0,0,0,0,0,0,,,,,,,,PS_021,,,
,,2024-12-06T05:15:00Z,0,0,0,0,0,0,0,0,0,0,,,,,,,,PS_021,,,
,,2024-12-06T05:30:00Z,0,0,0,0,0,0,0,0,0,0,,,,,,,,PS_021,,,
,,2024-12-06T05:45:00Z,0,0,0,0,0,0,0,0,0,0,,,,,,,,PS_021,,,
,,2024-12-06T06:00:00Z,0,0,0,0,0,0,0,0,0,0,,,,,,,,PS_021,,,
,,2024-12-06T06:15:00Z,0,0,0,0,0,0,0,0,0,0,,,,,,,,PS_021,,,
,,2024-12-06T06:30:00Z,0,0,0,0,0,0,0,0,0,0,,,,,,,,PS_021,,,
,,2024-12-06T06:45:00Z,0,0,0,0,0,0,0,0,0,0,,,,,,,,PS_021,,,
,,2024-12-06T07:00:00Z,0,0,0,0,0,0,0,0,0,0,,,,,,,,PS_021,,,
,,2024-12-06T07:15:00Z,0,0,0,0,0,0,0,0,0,0,,,,,,,,PS_021,,,
,,2024-12-06T07:30:00Z,0,0,0,0,0,0,0,0,0,0,,,,,,,,PS_021,,,
,,2024-12-06T07:45:00Z,0,0,0,0,0,0,0,0,0,0,,,,,,,,PS_021,,,
,,2024-12-06T08:00:00Z,0,0,0,0,0,0,0,0,0,0,,,,,,,,PS_021,,,
,,2024-12-06T08:15:00Z,0,0,0,0,0,0,0,0,0,0,,,,,,,,PS_021,,,
,,2024-12-06T08:30:00Z,0,0,0,0,0,0,0,0,0,0,,,,,,,,PS_021,,,
,,2024-12-06T08:45:00Z,0,0,0,0,0,0,0,0,0,0,,,,,,,,PS_021,,,
,,2024-12-06T09:00:00Z,0,0,2,0,0,2,0,0,0,0,33.44244363760271,,,,,32.37171525291237,,PS_021,,,
,,2024-12-06T09:15:00Z,0,0,3,0,0,3,0,0,0,0,37.7646688348603,,,,,37.18297162386471,,PS_021,,,
,,2024-12-06T09:30:00Z,0,0,4,0,0,4,0,0,0,0,59.290825126559724,,,,,64.64852315567254,,PS_021,,,
,,2024-12-06T09:45:00Z,0,0,4,0,0,4,0,0,0,0,100.5226180788429,,,,,109.13124374239496,,PS_021,,,
,,2024-12-06T10:00:00Z,0,0,4,0,0,4,0,0,0,0,156.477104042081,,,,,165.39876493520538,,PS_021,,,
,,2024-12-06T10:15:00Z,0,0,3,0,0,3,0,0,0,0,214.98749216670464,,,,,223.8129903106146,,PS_021,,,
,,2024-12-06T10:30:00Z,0,0,4,0,0,4,0,0,0,0,272.53417494276295,,,,,282.2050733572618,,PS_021,,,
,,2024-12-06T10:45:00Z,0,0,4,0,0,4,0,0,0,0,336.10345915951666,,,,,346.0642334870535,,PS_021,,,
,,2024-12-06T11:00:00Z,0,0,3,0,0,3,0,0,0,0,401.6538205599966,,,,,412.26416255261165,,PS_021,,,
,,2024-12-06T11:15:00Z,0,0,4,0,0,4,0,0,0,0,459.92960067453834,,,,,470.15871023371824,,PS_021,,,
,,2024-12-06T11:30:00Z,0,0,4,0,0,4,0,0,0,0,520.1243120158077,,,,,530.5897675721232,,PS_021,,,
,,2024-12-06T11:45:00Z,0,0,4,0,0,4,0,0,0,0,589.9147529138438,,,,,601.2587491325874,,PS_021,,,
,,2024-12-06T12:00:00Z,0,0,3,0,0,3,0,0,0,0,658.0463578414203,,,,,668.1230416482814,,PS_021,,,
,,2024-12-06T12:15:00Z,0,0,1,0,0,1,0,0,0,0,787.1400146484375,,,,,806.0,,PS_021,,,
,,2024-12-06T12:30:00Z,0,0,0,0,0,0,0,0,0,0,,,,,,,,PS_021,,,
,,2024-12-06T12:45:00Z,0,0,0,0,0,0,0,0,0,0,,,,,,,,PS_021,,,
,,2024-12-06T13:00:00Z,0,0,0,0,0,0,0,0,0,0,,,,,,,,PS_021,,,
,,2024-12-06T13:15:00Z,0,0,0,0,0,0,0,0,0,0,,,,,,,,PS_021,,,
,,2024-12-06T13:30:00Z,0,0,0,0,0,0,0,0,0,0,,,,,,,,PS_021,,,
,,2024-12-06T13:45:00Z,0,0,0,0,0,0,0,0,0,0,,,,,,,,PS_021,,,
,,2024-12-06T14:00:00Z,0,0,0,0,0,0,0,0,0,0,,,,,,,,PS_021,,,
,,2024-12-06T14:15:00Z,0,0,0,0,0,0,0,0,0,0,,,,,,,,PS_021,,,
,,2024-12-06T14:30:00Z,0,0,0,0,0,0,0,0,0,0,,,,,,,,PS_021,,,
,,2024-12-06T14:45:00Z,0,0,0,0,0,0,0,0,0,0,,,,,,,,PS_021,,,
,,2024-12-06T15:00:00Z,0,0,0,0,0,0,0,0,0,0,,,,,,,,PS_021,,,
,,2024-12-06T15:15:00Z,0,0,0,0,0,0,0,0,0,0,,,,,,,,PS_021,,,
,,2024-12-06T15:30:00Z,0,0,0,0,0,0,0,0,0,0,,,,,,,,PS_021,,,
,,2024-12-06T15:45:00Z,0,0,0,0,0,0,0,0,0,0,,,,,,,,PS_021,,,
,,2024-12-06T16:00:00Z,0,0,0,0,0,0,0,0,0,0,,,,,,,,PS_021,,,
,,2024-12-06T16:15:00Z,0,0,0,0,0,0,0,0,0,0,,,,,,,,PS_021,,,
,,2024-12-06T16:30:00Z,0,0,0,0,0,0,0,0,0,0,,,,,,,,PS_021,,,
,,2024-12-06T16:45:00Z,0,0,0,0,0,0,0,0,0,0,,,,,,,,PS_021,,,
,,2024-12-06T17:00:00Z,0,0,0,0,0,0,0,0,0,0,,,,,,,,PS_021,,,
,,2024-12-06T17:15:00Z,0,0,0,0,0,0,0,0,0,0,,,,,,,,PS_021,,,
,,2024-12-06T17:30:00Z,0,0,0,0,0,0,0,0,0,0,,,,,,,,PS_021,,,
,,2024-12-06T17:45:00Z,0,0,0,0,0,0,0,0,0,0,,,,,,,,PS_021,,,
,,2024-12-06T18:00:00Z,0,0,0,0,0,0,0,0,0,0,,,,,,,,PS_021,,,
,,2024-12-06T18:15:00Z,0,0,0,0,0,0,0,0,0,0,,,,,,,,PS_021,,,
,,2024-12-06T18:30:00Z,0,0,0,0,0,0,0,0,0,0,,,,,,,,PS_021,,,
,,2024-12-06T18:45:00Z,0,0,0,0,0,0,0,0,0,0,,,,,,,,PS_021,,,
,,2024-12-06T19:00:00Z,0,0,0,0,0,0,0,0,0,0,,,,,,,,PS_021,,,
,,2024-12-06T19:15:00Z,0,0,0,0,0,0,0,0,0,0,,,,,,,,PS_021,,,
,,2024-12-06T19:30:00Z,0,0,0,0,0,0,0,0,0,0,,,,,,,,PS_021,,,
,,2024-12-06T19:45:00Z,0,0,0,0,0,0,0,0,0,0,,,,,,,,PS_021,,,
,,2024-12-06T20:00:00Z,0,0,0,0,0,0,0,0,0,0,,,,,,,,PS_021,,,
,,2024-12-06T20:15:00Z,0,0,0,0,0,0,0,0,0,0,,,,,,,,PS_021,,,
,,2024-12-06T20:30:00Z,0,0,0,0,0,0,0,0,0,0,,,,,,,,PS_021,,,
,,2024-12-06T20:45:00Z,0,0,0,0,0,0,0,0,0,0,,,,,,,,PS_021,,,
,,2024-12-06T21:00:00Z,0,0,0,0,0,0,0,0,0,0,,,,,,,,PS_021,,,
,,2024-12-06T21:15:00Z,0,0,0,0,0,0,0,0,0,0,,,,,,,,PS_021,,,
,,2024-12-06T21:30:00Z,0,0,0,0,0,0,0,0,0,0,,,,,,,,PS_021,,,
,,2024-12-06T21:45:00Z,0,0,0,0,0,0,0,0,0,0,,,,,,,,PS_021,,,
,,2024-12-06T22:00:00Z,0,0,0,0,0,0,0,0,0,0,,,,,,,,PS_021,,,
,,2024-12-06T22:15:00Z,0,0,0,0,0,0,0,0,0,0,,,,,,,,PS_021,,,
,,2024-12-06T22:30:00Z,0,0,0,0,0,0,0,0,0,0,,,,,,,,PS_021,,,
,,2024-12-06T22:45:00Z,0,0,0,0,0,0,0,0,0,0,,,,,,,,PS_021,,,
,,2024-12-06T23:00:00Z,0,0,0,0,0,0,0,0,0,0,,,,,,,,PS_021,,,
,,2024-12-06T23:15:00Z,0,0,0,0,0,0,0,0,0,0,,,,,,,,PS_021,,,
,,2024-12-06T23:30:00Z,0,0,0,0,0,0,0,0,0,0,,,,,,,,PS_021,,,
,,2024-12-06T23:45:00Z,0,0,0,0,0,0,0,0,0,0,,,,,,,,PS_021,,,
,,2024-12-07T00:00:00Z,0,0,0,0,0,0,0,0,0,0,,,,,,,,PS_021,,,
,,2024-12-07T00:15:00Z,0,0,0,0,0,0,0,0,0,0,,,,,,,,PS_021,,,
,,2024-12-07T00:30:00Z,0,0,0,0,0,0,0,0,0,0,,,,,,,,PS_021,,,
,,2024-12-07T00:45:00Z,0,0,0,0,0,0,0,0,0,0,,,,,,,,PS_021,,,
,,2024-12-07T01:00:00Z,0,0,0,0,0,0,0,0,0,0,,,,,,,,PS_021,,,
,,2024-12-07T01:15:00Z,0,0,0,0,0,0,0,0,0,0,,,,,,,,PS_021,,,
,,2024-12-07T01:30:00Z,0,0,0,0,0,0,0,0,0,0,,,,,,,,PS_021,,,
,,2024-12-07T01:45:00Z,0,0,0,0,0,0,0,0,0,0,,,,,,,,PS_021,,,
,,2024-12-07T02:00:00Z,0,0,0,0,0,0,0,0,0,0,,,,,,,,PS_021,,,
,,2024-12-07T02:15:00Z,0,0,0,0,0,0,0,0,0,0,,,,,,,,PS_021,,,
,,2024-12-07T02:30:00Z,0,0,0,0,0,0,0,0,0,0,,,,,,,,PS_021,,,
,,2024-12-07T02:45:00Z,0,0,0,0,0,0,0,0,0,0,,,,,,,,PS_021,,,
,,2024-12-07T03:00:00Z,0,0,0,0,0,0,0,0,0,0,,,,,,,,PS_021,,,
,,2024-12-07T03:15:00Z,0,0,0,0,0,0,0,0,0,0,,,,,,,,PS_021,,,
,,2024-12-07T03:30:00Z,0,0,0,0,0,0,0,0,0,0,,,,,,,,PS_021,,,
,,2024-12-07T03:45:00Z,0,0,0,0,0,0,0,0,0,0,,,,,,,,PS_021,,,
,,2024-12-07T04:00:00Z,0,0,0,0,0,0,0,0,0,0,,,,,,,,PS_021,,,
,,2024-12-07T04:15:00Z,0,0,0,0,0,0,0,0,0,0,,,,,,,,PS_021,,,
,,2024-12-07T04:30:00Z,0,0,0,0,0,0,0,0,0,0,,,,,,,,PS_021,,,
,,2024-12-07T04:45:00Z,0,0,0,0,0,0,0,0,0,0,,,,,,,,PS_021,,,
,,2024-12-07T05:00:00Z,0,0,0,0,0,0,0,0,0,0,,,,,,,,PS_021,,,
,,2024-12-07T05:15:00Z,0,0,0,0,0,0,0,0,0,0,,,,,,,,PS_021,,,
,,2024-12-07T05:30:00Z,0,0,0,0,0,0,0,0,0,0,,,,,,,,PS_021,,,
,,2024-12-07T05:45:00Z,0,0,0,0,0,0,0,0,0,0,,,,,,,,PS_021,,,
,,2024-12-07T06:00:00Z,0,0,0,0,0,0,0,0,0,0,,,,,,,,PS_021,,,
,,2024-12-07T06:15:00Z,0,0,0,0,0,0,0,0,0,0,,,,,,,,PS_021,,,
,,2024-12-07T06:30:00Z,0,0,0,0,0,0,0,0,0,0,,,,,,,,PS_021,,,
,,2024-12-07T06:45:00Z,0,0,0,0,0,0,0,0,0,0,,,,,,,,PS_021,,,
,,2024-12-07T07:00:00Z,0,0,0,0,0,0,0,0,0,0,,,,,,,,PS_021,,,
,,2024-12-07T07:15:00Z,0,0,0,0,0,0,0,0,0,0,,,,,,,,PS_021,,,
,,2024-12-07T07:30:00Z,0,0,0,0,0,0,0,0,0,0,,,,,,,,PS_021,,,
,,2024-12-07T07:45:00Z,0,0,0,0,0,0,0,0,0,0,,,,,,,,PS_021,,,
,,2024-12-07T08:00:00Z,0,0,0,0,0,0,0,0,0,0,,,,,,,,PS_021,,,
,,2024-12-07T08:15:00Z,0,0,0,0,0,0,0,0,0,0,,,,,,,,PS_021,,,
,,2024-12-07T08:30:00Z,0,0,0,0,0,0,0,0,0,0,,,,,,,,PS_021,,,
,,2024-12-07T08:45:00Z,0,0,0,0,0,0,0,0,0,0,,,,,,,,PS_021,,,
,,2024-12-07T09:00:00Z,0,0,0,0,0,0,0,0,0,0,,,,,,,,PS_021,,,
,,2024-12-07T09:15:00Z,0,0,0,0,0,0,0,0,0,0,,,,,,,,PS_021,,,
,,2024-12-07T09:30:00Z,0,0,0,0,0,0,0,0,0,0,,,,,,,,PS_021,,,
,,2024-12-07T09:45:00Z,0,0,0,0,0,0,0,0,0,0,,,,,,,,PS_021,,,
,,2024-12-07T10:00:00Z,0,0,0,0,0,0,0,0,0,0,,,,,,,,PS_021,,,
,,2024-12-07T10:15:00Z,0,0,0,0,0,0,0,0,0,0,,,,,,,,PS_021,,,
,,2024-12-07T10:30:00Z,0,0,0,0,0,0,0,0,0,0,,,,,,,,PS_021,,,
,,2024-12-07T10:45:00Z,0,0,0,0,0,0,0,0,0,0,,,,,,,,PS_021,,,
,,2024-12-07T11:00:00Z,0,0,0,0,0,0,0,0,0,0,,,,,,,,PS_021,,,
,,2024-12-07T11:15:00Z,0,0,0,0,0,0,0,0,0,0,,,,,,,,PS_021,,,
,,2024-12-07T11:30:00Z,0,0,0,0,0,0,0,0,0,0,,,,,,,,PS_021,,,
,,2024-12-07T11:45:00Z,0,0,0,0,0,0,0,0,0,0,,,,,,,,PS_021,,,
,,2024-12-07T12:00:00Z,0,0,0,0,0,0,0,0,0,0,,,,,,,,PS_021,,,
,,2024-12-07T12:15:00Z,0,0,0,0,0,0,0,0,0,0,,,,,,,,PS_021,,,
,,2024-12-07T12:30:00Z,0,0,0,0,0,0,0,0,0,0,,,,,,,,PS_021,,,
,,2024-12-07T12:45:00Z,0,0,0,0,0,0,0,0,0,0,,,,,,,,PS_021,,,
,,2024-12-07T13:00:00Z,0,0,0,0,0,0,0,0,0,0,,,,,,,,PS_021,,,
,,2024-12-07T13:15:00Z,0,0,0,0,0,0,0,0,0,0,,,,,,,,PS_021,,,
,,2024-12-07T13:30:00Z,0,0,0,0,0,0,0,0,0,0,,,,,,,,PS_021,,,
,,2024-12-07T13:45:00Z,0,0,0,0,0,0,0,0,0,0,,,,,,,,PS_021,,,
,,2024-12-07T14:00:00Z,0,0,0,0,0,0,0,0,0,0,,,,,,,,PS_021,,,
,,2024-12-07T14:15:00Z,0,0,0,0,0,0,0,0,0,0,,,,,,,,PS_021,,,
,,2024-12-07T14:30:00Z,0,0,0,0,0,0,0,0,0,0,,,,,,,,PS_021,,,
,,2024-12-07T14:45:00Z,0,0,0,0,0,0,0,0,0,0,,,,,,,,PS_021,,,
,,2024-12-07T15:00:00Z,0,0,0,0,0,0,0,0,0,0,,,,,,,,PS_021,,,
,,2024-12-07T15:15:00Z,0,0,0,0,0,0,0,0,0,0,,,,,,,,PS_021,,,
,,2024-12-07T15:30:00Z,0,0,0,0,0,0,0,0,0,0,,,,,,,,PS_021,,,
,,2024-12-07T15:45:00Z,0,0,0,0,0,0,0,0,0,0,,,,,,,,PS_021,,,
,,2024-12-07T16:00:00Z,0,0,0,0,0,0,0,0,0,0,,,,,,,,PS_021,,,
,,2024-12-07T16:15:00Z,0,0,0,0,0,0,0,0,0,0,,,,,,,,PS_021,,,
,,2024-12-07T16:30:00Z,0,0,0,0,0,0,0,0,0,0,,,,,,,,PS_021,,,
,,2024-12-07T16:45:00Z,0,0,0,0,0,0,0,0,0,0,,,,,,,,PS_021,,,
,,2024-12-07T17:00:00Z,0,0,0,0,0,0,0,0,0,0,,,,,,,,PS_021,,,
,,2024-12-07T17:15:00Z,0,0,0,0,0,0,0,0,0,0,,,,,,,,PS_021,,,
,,2024-12-07T17:30:00Z,0,0,0,0,0,0,0,0,0,0,,,,,,,,PS_021,,,
,,2024-12-07T17:45:00Z,0,0,0,0,0,0,0,0,0,0,,,,,,,,PS_021,,,
,,2024-12-07T18:00:00Z,0,0,0,0,0,0,0,0,0,0,,,,,,,,PS_021,,,
,,2024-12-07T18:15:00Z,0,0,0,0,0,0,0,0,0,0,,,,,,,,PS_021,,,
,,2024-12-07T18:30:00Z,0,0,0,0,0,0,0,0,0,0,,,,,,,,PS_021,,,
,,2024-12-07T18:45:00Z,0,0,0,0,0,0,0,0,0,0,,,,,,,,PS_021,,,
,,2024-12-07T19:00:00Z,0,0,0,0,0,0,0,0,0,0,,,,,,,,PS_021,,,
,,2024-12-07T19:15:00Z,0,0,0,0,0,0,0,0,0,0,,,,,,,,PS_021,,,
,,2024-12-07T19:30:00Z,0,0,0,0,0,0,0,0,0,0,,,,,,,,PS_021,,,
,,2024-12-07T19:45:00Z,0,0,0,0,0,0,0,0,0,0,,,,,,,,PS_021,,,
,,2024-12-07T20:00:00Z,0,0,0,0,0,0,0,0,0,0,,,,,,,,PS_021,,,
,,2024-12-07T20:15:00Z,0,0,0,0,0,0,0,0,0,0,,,,,,,,PS_021,,,
,,2024-12-07T20:30:00Z,0,0,0,0,0,0,0,0,0,0,,,,,,,,PS_021,,,
,,2024-12-07T20:45:00Z,0,0,0,0,0,0,0,0,0,0,,,,,,,,PS_021,,,
,,2024-12-07T21:00:00Z,0,0,0,0,0,0,0,0,0,0,,,,,,,,PS_021,,,
,,2024-12-07T21:15:00Z,0,0,0,0,0,0,0,0,0,0,,,,,,,,PS_021,,,
,,2024-12-07T21:30:00Z,0,0,0,0,0,0,0,0,0,0,,,,,,,,PS_021,,,
,,2024-12-07T21:45:00Z,0,0,0,0,0,0,0,0,0,0,,,,,,,,PS_021,,,
,,2024-12-07T22:00:00Z,0,0,0,0,0,0,0,0,0,0,,,,,,,,PS_021,,,
,,2024-12-07T22:15:00Z,0,0,0,0,0,0,0,0,0,0,,,,,,,,PS_021,,,
,,2024-12-07T22:30:00Z,0,0,0,0,0,0,0,0,0,0,,,,,,,,PS_021,,,
,,2024-12-07T22:45:00Z,0,0,0,0,0,0,0,0,0,0,,,,,,,,PS_021,,,
,,2024-12-07T23:00:00Z,0,0,0,0,0,0,0,0,0,0,,,,,,,,PS_021,,,
,,2024-12-07T23:15:00Z,0,0,0,0,0,0,0,0,0,0,,,,,,,,PS_021,,,
,,2024-12-07T23:30:00Z,0,0,0,0,0,0,0,0,0,0,,,,,,,,PS_021,,,
,,2024-12-07T23:45:00Z,0,0,0,0,0,0,0,0,0,0,,,,,,,,PS_021,,,
,,2024-12-08T00:00:00Z,0,0,0,0,0,0,0,0,0,0,,,,,,,,PS_021,,,
,,2024-12-08T00:15:00Z,0,0,0,0,0,0,0,0,0,0,,,,,,,,PS_021,,,
,,2024-12-08T00:30:00Z,0,0,0,0,0,0,0,0,0,0,,,,,,,,PS_021,,,
,,2024-12-08T00:45:00Z,0,0,0,0,0,0,0,0,0,0,,,,,,,,PS_021,,,
,,2024-12-08T01:00:00Z,0,0,0,0,0,0,0,0,0,0,,,,,,,,PS_021,,,
,,2024-12-08T01:15:00Z,0,0,0,0,0,0,0,0,0,0,,,,,,,,PS_021,,,
,,2024-12-08T01:30:00Z,0,0,0,0,0,0,0,0,0,0,,,,,,,,PS_021,,,
,,2024-12-08T01:45:00Z,0,0,0,0,0,0,0,0,0,0,,,,,,,,PS_021,,,
,,2024-12-08T02:00:00Z,0,0,0,0,0,0,0,0,0,0,,,,,,,,PS_021,,,
,,2024-12-08T02:15:00Z,0,0,0,0,0,0,0,0,0,0,,,,,,,,PS_021,,,
,,2024-12-08T02:30:00Z,0,0,0,0,0,0,0,0,0,0,,,,,,,,PS_021,,,
,,2024-12-08T02:45:00Z,0,0,0,0,0,0,0,0,0,0,,,,,,,,PS_021,,,
,,2024-12-08T03:00:00Z,0,0,0,0,0,0,0,0,0,0,,,,,,,,PS_021,,,
,,2024-12-08T03:15:00Z,0,0,0,0,0,0,0,0,0,0,,,,,,,,PS_021,,,
,,2024-12-08T03:30:00Z,0,0,0,0,0,0,0,0,0,0,,,,,,,,PS_021,,,
,,2024-12-08T03:45:00Z,0,0,0,0,0,0,0,0,0,0,,,,,,,,PS_021,,,
,,2024-12-08T04:00:00Z,0,0,0,0,0,0,0,0,0,0,,,,,,,,PS_021,,,
,,2024-12-08T04:15:00Z,0,0,0,0,0,0,0,0,0,0,,,,,,,,PS_021,,,
,,2024-12-08T04:30:00Z,0,0,0,0,0,0,0,0,0,0,,,,,,,,PS_021,,,
,,2024-12-08T04:45:00Z,0,0,0,0,0,0,0,0,0,0,,,,,,,,PS_021,,,
,,2024-12-08T05:00:00Z,0,0,0,0,0,0,0,0,0,0,,,,,,,,PS_021,,,
,,2024-12-08T05:15:00Z,0,0,0,0,0,0,0,0,0,0,,,,,,,,PS_021,,,
,,2024-12-08T05:30:00Z,0,0,0,0,0,0,0,0,0,0,,,,,,,,PS_021,,,
,,2024-12-08T05:45:00Z,0,0,0,0,0,0,0,0,0,0,,,,,,,,PS_021,,,
,,2024-12-08T06:00:00Z,0,0,0,0,0,0,0,0,0,0,,,,,,,,PS_021,,,
,,2024-12-08T06:15:00Z,0,0,0,0,0,0,0,0,0,0,,,,,,,,PS_021,,,
,,2024-12-08T06:30:00Z,0,0,0,0,0,0,0,0,0,0,,,,,,,,PS_021,,,
,,2024-12-08T06:45:00Z,0,0,0,0,0,0,0,0,0,0,,,,,,,,PS_021,,,
,,2024-12-08T07:00:00Z,0,0,0,0,0,0,0,0,0,0,,,,,,,,PS_021,,,
,,2024-12-08T07:15:00Z,0,0,0,0,0,0,0,0,0,0,,,,,,,,PS_021,,,
,,2024-12-08T07:30:00Z,0,0,0,0,0,0,0,0,0,0,,,,,,,,PS_021,,,
,,2024-12-08T07:45:00Z,0,0,0,0,0,0,0,0,0,0,,,,,,,,PS_021,,,
,,2024-12-08T08:00:00Z,0,0,0,0,0,0,0,0,0,0,,,,,,,,PS_021,,,
,,2024-12-08T08:15:00Z,0,0,0,0,0,0,0,0,0,0,,,,,,,,PS_021,,,
,,2024-12-08T08:30:00Z,0,0,0,0,0,0,0,0,0,0,,,,,,,,PS_021,,,
,,2024-12-08T08:45:00Z,0,0,0,0,0,0,0,0,0,0,,,,,,,,PS_021,,,
,,2024-12-08T09:00:00Z,0,0,0,0,0,0,0,0,0,0,,,,,,,,PS_021,,,
,,2024-12-08T09:15:00Z,0,0,0,0,0,0,0,0,0,0,,,,,,,,PS_021,,,
,,2024-12-08T09:30:00Z,0,0,0,0,0,0,0,0,0,0,,,,,,,,PS_021,,,
,,2024-12-08T09:45:00Z,0,0,0,0,0,0,0,0,0,0,,,,,,,,PS_021,,,
,,2024-12-08T10:00:00Z,0,0,0,0,0,0,0,0,0,0,,,,,,,,PS_021,,,
,,2024-12-08T10:15:00Z,0,0,0,0,0,0,0,0,0,0,,,,,,,,PS_021,,,
,,2024-12-08T10:30:00Z,0,0,0,0,0,0,0,0,0,0,,,,,,,,PS_021,,,
,,2024-12-08T10:45:00Z,0,0,0,0,0,0,0,0,0,0,,,,,,,,PS_021,,,
,,2024-12-08T11:00:00Z,0,0,0,0,0,0,0,0,0,0,,,,,,,,PS_021,,,
,,2024-12-08T11:15:00Z,0,0,0,0,0,0,0,0,0,0,,,,,,,,PS_021,,,
,,2024-12-08T11:30:00Z,0,0,0,0,0,0,0,0,0,0,,,,,,,,PS_021,,,
,,2024-12-08T11:45:00Z,0,0,0,0,0,0,0,0,0,0,,,,,,,,PS_021,,,
,,2024-12-08T12:00:00Z,0,0,0,0,0,0,0,0,0,0,,,,,,,,PS_021,,,
,,2024-12-08T12:15:00Z,0,0,0,0,0,0,0,0,0,0,,,,,,,,PS_021,,,
,,2024-12-08T12:30:00Z,0,0,0,0,0,0,0,0,0,0,,,,,,,,PS_021,,,
,,2024-12-08T12:45:00Z,0,0,0,0,0,0,0,0,0,0,,,,,,,,PS_021,,,
,,2024-12-08T13:00:00Z,0,0,0,0,0,0,0,0,0,0,,,,,,,,PS_021,,,
,,2024-12-08T13:15:00Z,0,0,0,0,0,0,0,0,0,0,,,,,,,,PS_021,,,
,,2024-12-08T13:30:00Z,0,0,0,0,0,0,0,0,0,0,,,,,,,,PS_021,,,
,,2024-12-08T13:45:00Z,0,0,0,0,0,0,0,0,0,0,,,,,,,,PS_021,,,
,,2024-12-08T14:00:00Z,0,0,0,0,0,0,0,0,0,0,,,,,,,,PS_021,,,
,,2024-12-08T14:15:00Z,0,0,0,0,0,0,0,0,0,0,,,,,,,,PS_021,,,
,,2024-12-08T14:30:00Z,0,0,0,0,0,0,0,0,0,0,,,,,,,,PS_021,,,
,,2024-12-08T14:45:00Z,0,0,0,0,0,0,0,0,0,0,,,,,,,,PS_021,,,
,,2024-12-08T15:00:00Z,0,0,0,0,0,0,0,0,0,0,,,,,,,,PS_021,,,
,,2024-12-08T15:15:00Z,0,0,0,0,0,0,0,0,0,0,,,,,,,,PS_021,,,
,,2024-12-08T15:30:00Z,0,0,0,0,0,0,0,0,0,0,,,,,,,,PS_021,,,
,,2024-12-08T15:45:00Z,0,0,0,0,0,0,0,0,0,0,,,,,,,,PS_021,,,
,,2024-12-08T16:00:00Z,0,0,0,0,0,0,0,0,0,0,,,,,,,,PS_021,,,
,,2024-12-08T16:15:00Z,0,0,0,0,0,0,0,0,0,0,,,,,,,,PS_021,,,
,,2024-12-08T16:30:00Z,0,0,0,0,0,0,0,0,0,0,,,,,,,,PS_021,,,
,,2024-12-08T16:45:00Z,0,0,0,0,0,0,0,0,0,0,,,,,,,,PS_021,,,
,,2024-12-08T17:00:00Z,0,0,0,0,0,0,0,0,0,0,,,,,,,,PS_021,,,
,,2024-12-08T17:15:00Z,0,0,0,0,0,0,0,0,0,0,,,,,,,,PS_021,,,
,,2024-12-08T17:30:00Z,0,0,0,0,0,0,0,0,0,0,,,,,,,,PS_021,,,
,,2024-12-08T17:45:00Z,0,0,0,0,0,0,0,0,0,0,,,,,,,,PS_021,,,
,,2024-12-08T18:00:00Z,0,0,0,0,0,0,0,0,0,0,,,,,,,,PS_021,,,
,,2024-12-08T18:15:00Z,0,0,0,0,0,0,0,0,0,0,,,,,,,,PS_021,,,
,,2024-12-08T18:30:00Z,0,0,0,0,0,0,0,0,0,0,,,,,,,,PS_021,,,
,,2024-12-08T18:45:00Z,0,0,0,0,0,0,0,0,0,0,,,,,,,,PS_021,,,
,,2024-12-08T19:00:00Z,0,0,0,0,0,0,0,0,0,0,,,,,,,,PS_021,,,
,,2024-12-08T19:15:00Z,0,0,0,0,0,0,0,0,0,0,,,,,,,,PS_021,,,
,,2024-12-08T19:30:00Z,0,0,0,0,0,0,0,0,0,0,,,,,,,,PS_021,,,
,,2024-12-08T19:45:00Z,0,0,0,0,0,0,0,0,0,0,,,,,,,,PS_021,,,
,,2024-12-08T20:00:00Z,0,0,0,0,0,0,0,0,0,0,,,,,,,,PS_021,,,
,,2024-12-08T20:15:00Z,0,0,0,0,0,0,0,0,0,0,,,,,,,,PS_021,,,
,,2024-12-08T20:30:00Z,0,0,0,0,0,0,0,0,0,0,,,,,,,,PS_021,,,
,,2024-12-08T20:45:00Z,0,0,0,0,0,0,0,0,0,0,,,,,,,,PS_021,,,
,,2024-12-08T21:00:00Z,0,0,0,0,0,0,0,0,0,0,,,,,,,,PS_021,,,
,,2024-12-08T21:15:00Z,0,0,0,0,0,0,0,0,0,0,,,,,,,,PS_021,,,
,,2024-12-08T21:30:00Z,0,0,0,0,0,0,0,0,0,0,,,,,,,,PS_021,,,
,,2024-12-08T21:45:00Z,0,0,0,0,0,0,0,0,0,0,,,,,,,,PS_021,,,
,,2024-12-08T22:00:00Z,0,0,0,0,0,0,0,0,0,0,,,,,,,,PS_021,,,
,,2024-12-08T22:15:00Z,0,0,0,0,0,0,0,0,0,0,,,,,,,,PS_021,,,
,,2024-12-08T22:30:00Z,0,0,0,0,0,0,0,0,0,0,,,,,,,,PS_021,,,
,,2024-12-08T22:45:00Z,0,0,0,0,0,0,0,0,0,0,,,,,,,,PS_021,,,
,,2024-12-08T23:00:00Z,0,0,0,0,0,0,0,0,0,0,,,,,,,,PS_021,,,
,,2024-12-08T23:15:00Z,0,0,0,0,0,0,0,0,0,0,,,,,,,,PS_021,,,
,,2024-12-08T23:30:00Z,0,0,0,0,0,0,0,0,0,0,,,,,,,,PS_021,,,
,,2024-12-08T23:45:00Z,0,0,0,0,0,0,0,0,0,0,,,,,,,,PS_021,,,
,,2024-12-09T00:00:00Z,0,0,0,0,0,0,0,0,0,0,,,,,,,,PS_021,,,
,,2024-12-09T00:15:00Z,0,0,0,0,0,0,0,0,0,0,,,,,,,,PS_021,,,
,,2024-12-09T00:30:00Z,0,0,0,0,0,0,0,0,0,0,,,,,,,,PS_021,,,
,,2024-12-09T00:45:00Z,0,0,0,0,0,0,0,0,0,0,,,,,,,,PS_021,,,
,,2024-12-09T01:00:00Z,0,0,0,0,0,0,0,0,0,0,,,,,,,,PS_021,,,
,,2024-12-09T01:15:00Z,0,0,0,0,0,0,0,0,0,0,,,,,,,,PS_021,,,
,,2024-12-09T01:30:00Z,0,0,0,0,0,0,0,0,0,0,,,,,,,,PS_021,,,
,,2024-12-09T01:45:00Z,0,0,0,0,0,0,0,0,0,0,,,,,,,,PS_021,,,
,,2024-12-09T02:00:00Z,0,0,0,0,0,0,0,0,0,0,,,,,,,,PS_021,,,
,,2024-12-09T02:15:00Z,0,0,0,0,0,0,0,0,0,0,,,,,,,,PS_021,,,
,,2024-12-09T02:30:00Z,0,0,0,0,0,0,0,0,0,0,,,,,,,,PS_021,,,
,,2024-12-09T02:45:00Z,0,0,0,0,0,0,0,0,0,0,,,,,,,,PS_021,,,
,,2024-12-09T03:00:00Z,0,0,0,0,0,0,0,0,0,0,,,,,,,,PS_021,,,
,,2024-12-09T03:15:00Z,0,0,0,0,0,0,0,0,0,0,,,,,,,,PS_021,,,
,,2024-12-09T03:30:00Z,0,0,0,0,0,0,0,0,0,0,,,,,,,,PS_021,,,
,,2024-12-09T03:45:00Z,0,0,0,0,0,0,0,0,0,0,,,,,,,,PS_021,,,
,,2024-12-09T04:00:00Z,0,0,0,0,0,0,0,0,0,0,,,,,,,,PS_021,,,
,,2024-12-09T04:15:00Z,0,0,0,0,0,0,0,0,0,0,,,,,,,,PS_021,,,
,,2024-12-09T04:30:00Z,0,0,0,0,0,0,0,0,0,0,,,,,,,,PS_021,,,
,,2024-12-09T04:45:00Z,0,0,0,0,0,0,0,0,0,0,,,,,,,,PS_021,,,
,,2024-12-09T05:00:00Z,0,0,0,0,0,0,0,0,0,0,,,,,,,,PS_021,,,
,,2024-12-09T05:15:00Z,0,0,0,0,0,0,0,0,0,0,,,,,,,,PS_021,,,
,,2024-12-09T05:30:00Z,0,0,0,0,0,0,0,0,0,0,,,,,,,,PS_021,,,
,,2024-12-09T05:45:00Z,0,0,0,0,0,0,0,0,0,0,,,,,,,,PS_021,,,
,,2024-12-09T06:00:00Z,0,0,0,0,0,0,0,0,0,0,,,,,,,,PS_021,,,
,,2024-12-09T06:15:00Z,0,0,0,0,0,0,0,0,0,0,,,,,,,,PS_021,,,
,,2024-12-09T06:30:00Z,0,0,0,0,0,0,0,0,0,0,,,,,,,,PS_021,,,
,,2024-12-09T06:45:00Z,0,0,0,0,0,0,0,0,0,0,,,,,,,,PS_021,,,
,,2024-12-09T07:00:00Z,0,0,0,0,0,0,0,0,0,0,,,,,,,,PS_021,,,
,,2024-12-09T07:15:00Z,0,0,0,0,0,0,0,0,0,0,,,,,,,,PS_021,,,
,,2024-12-09T07:30:00Z,0,0,0,0,0,0,0,0,0,0,,,,,,,,PS_021,,,
,,2024-12-09T07:45:00Z,0,0,0,0,0,0,0,0,0,0,,,,,,,,PS_021,,,
,,2024-12-09T08:00:00Z,0,0,0,0,0,0,0,0,0,0,,,,,,,,PS_021,,,
,,2024-12-09T08:15:00Z,0,0,0,0,0,0,0,0,0,0,,,,,,,,PS_021,,,
,,2024-12-09T08:30:00Z,0,0,0,0,0,0,0,0,0,0,,,,,,,,PS_021,,,
,,2024-12-09T08:45:00Z,0,0,0,0,0,0,0,0,0,0,,,,,,,,PS_021,,,
,,2024-12-09T09:00:00Z,0,0,0,0,0,0,0,0,0,0,,,,,,,,PS_021,,,
,,2024-12-09T09:15:00Z,0,0,0,0,0,0,0,0,0,0,,,,,,,,PS_021,,,
,,2024-12-09T09:30:00Z,0,0,0,0,0,0,0,0,0,0,,,,,,,,PS_021,,,
,,2024-12-09T09:45:00Z,0,0,0,0,0,0,0,0,0,0,,,,,,,,PS_021,,,
,,2024-12-09T10:00:00Z,0,0,0,0,0,0,0,0,0,0,,,,,,,,PS_021,,,
,,2024-12-09T10:15:00Z,0,0,0,0,0,0,0,0,0,0,,,,,,,,PS_021,,,
,,2024-12-09T10:30:00Z,0,0,0,0,0,0,0,0,0,0,,,,,,,,PS_021,,,
,,2024-12-09T10:45:00Z,0,0,0,0,0,0,0,0,0,0,,,,,,,,PS_021,,,
,,2024-12-09T11:00:00Z,0,0,0,0,0,0,0,0,0,0,,,,,,,,PS_021,,,
,,2024-12-09T11:15:00Z,0,0,0,0,0,0,0,0,0,0,,,,,,,,PS_021,,,
,,2024-12-09T11:30:00Z,0,0,0,0,0,0,0,0,0,0,,,,,,,,PS_021,,,
,,2024-12-09T11:45:00Z,0,0,0,0,0,0,0,0,0,0,,,,,,,,PS_021,,,
,,2024-12-09T12:00:00Z,0,0,0,0,0,0,0,0,0,0,,,,,,,,PS_021,,,
,,2024-12-09T12:15:00Z,0,0,0,0,0,0,0,0,0,0,,,,,,,,PS_021,,,
,,2024-12-09T12:30:00Z,0,0,0,0,0,0,0,0,0,0,,,,,,,,PS_021,,,
,,2024-12-09T12:45:00Z,0,0,0,0,0,0,0,0,0,0,,,,,,,,PS_021,,,
,,2024-12-09T13:00:00Z,0,0,0,0,0,0,0,0,0,0,,,,,,,,PS_021,,,
,,2024-12-09T13:15:00Z,0,0,0,0,0,0,0,0,0,0,,,,,,,,PS_021,,,
,,2024-12-09T13:30:00Z,0,0,0,0,0,0,0,0,0,0,,,,,,,,PS_021,,,
,,2024-12-09T13:45:00Z,0,0,0,0,0,0,0,0,0,0,,,,,,,,PS_021,,,
,,2024-12-09T14:00:00Z,0,0,0,0,0,0,0,0,0,0,,,,,,,,PS_021,,,
,,2024-12-09T14:15:00Z,0,0,0,0,0,0,0,0,0,0,,,,,,,,PS_021,,,
,,2024-12-09T14:30:00Z,0,0,0,0,0,0,0,0,0,0,,,,,,,,PS_021,,,
,,2024-12-09T14:45:00Z,0,0,0,0,0,0,0,0,0,0,,,,,,,,PS_021,,,
,,2024-12-09T15:00:00Z,0,0,0,0,0,0,0,0,0,0,,,,,,,,PS_021,,,
,,2024-12-09T15:15:00Z,0,0,0,0,0,0,0,0,0,0,,,,,,,,PS_021,,,
,,2024-12-09T15:30:00Z,0,0,0,0,0,0,0,0,0,0,,,,,,,,PS_021,,,
,,2024-12-09T15:45:00Z,0,0,0,0,0,0,0,0,0,0,,,,,,,,PS_021,,,
,,2024-12-09T16:00:00Z,0,0,0,0,0,0,0,0,0,0,,,,,,,,PS_021,,,
,,2024-12-09T16:15:00Z,0,0,0,0,0,0,0,0,0,0,,,,,,,,PS_021,,,
,,2024-12-09T16:30:00Z,0,0,0,0,0,0,0,0,0,0,,,,,,,,PS_021,,,
,,2024-12-09T16:45:00Z,0,0,0,0,0,0,0,0,0,0,,,,,,,,PS_021,,,
,,2024-12-09T17:00:00Z,0,0,0,0,0,0,0,0,0,0,,,,,,,,PS_021,,,
,,2024-12-09T17:15:00Z,0,0,0,0,0,0,0,0,0,0,,,,,,,,PS_021,,,
,,2024-12-09T17:30:00Z,0,0,0,0,0,0,0,0,0,0,,,,,,,,PS_021,,,
,,2024-12-09T17:45:00Z,0,0,0,0,0,0,0,0,0,0,,,,,,,,PS_021,,,
,,2024-12-09T18:00:00Z,0,0,0,0,0,0,0,0,0,0,,,,,,,,PS_021,,,
,,2024-12-09T18:15:00Z,0,0,0,0,0,0,0,0,0,0,,,,,,,,PS_021,,,
,,2024-12-09T18:30:00Z,0,0,0,0,0,0,0,0,0,0,,,,,,,,PS_021,,,
,,2024-12-09T18:45:00Z,0,0,0,0,0,0,0,0,0,0,,,,,,,,PS_021,,,
,,2024-12-09T19:00:00Z,0,0,0,0,0,0,0,0,0,0,,,,,,,,PS_021,,,
,,2024-12-09T19:15:00Z,0,0,0,0,0,0,0,0,0,0,,,,,,,,PS_021,,,
,,2024-12-09T19:30:00Z,0,0,0,0,0,0,0,0,0,0,,,,,,,,PS_021,,,
,,2024-12-09T19:45:00Z,0,0,0,0,0,0,0,0,0,0,,,,,,,,PS_021,,,
,,2024-12-09T20:00:00Z,0,0,0,0,0,0,0,0,0,0,,,,,,,,PS_021,,,
,,2024-12-09T20:15:00Z,0,0,0,0,0,0,0,0,0,0,,,,,,,,PS_021,,,
,,2024-12-09T20:30:00Z,0,0,0,0,0,0,0,0,0,0,,,,,,,,PS_021,,,
,,2024-12-09T20:45:00Z,0,0,0,0,0,0,0,0,0,0,,,,,,,,PS_021,,,
,,2024-12-09T21:00:00Z,0,0,0,0,0,0,0,0,0,0,,,,,,,,PS_021,,,
,,2024-12-09T21:15:00Z,0,0,0,0,0,0,0,0,0,0,,,,,,,,PS_021,,,
,,2024-12-09T21:30:00Z,0,0,0,0,0,0,0,0,0,0,,,,,,,,PS_021,,,
,,2024-12-09T21:45:00Z,0,0,0,0,0,0,0,0,0,0,,,,,,,,PS_021,,,
,,2024-12-09T22:00:00Z,0,0,0,0,0,0,0,0,0,0,,,,,,,,PS_021,,,
,,2024-12-09T22:15:00Z,0,0,0,0,0,0,0,0,0,0,,,,,,,,PS_021,,,
,,2024-12-09T22:30:00Z,0,0,0,0,0,0,0,0,0,0,,,,,,,,PS_021,,,
,,2024-12-09T22:45:00Z,0,0,0,0,0,0,0,0,0,0,,,,,,,,PS_021,,,
,,2024-12-09T23:00:00Z,0,0,0,0,0,0,0,0,0,0,,,,,,,,PS_021,,,
,,2024-12-09T23:15:00Z,0,0,0,0,0,0,0,0,0,0,,,,,,,,PS_021,,,
,,2024-12-09T23:30:00Z,0,0,0,0,0,0,0,0,0,0,,,,,,,,PS_021,,,
,,2024-12-09T23:45:00Z,0,0,0,0,0,0,0,0,0,0,,,,,,,,PS_021,,,
,,2024-12-10T00:00:00Z,0,0,0,0,0,0,0,0,0,0,,,,,,,,PS_021,,,
,,2024-12-10T00:15:00Z,0,0,0,0,0,0,0,0,0,0,,,,,,,,PS_021,,,
,,2024-12-10T00:30:00Z,0,0,0,0,0,0,0,0,0,0,,,,,,,,PS_021,,,
,,2024-12-10T00:45:00Z,0,0,0,0,0,0,0,0,0,0,,,,,,,,PS_021,,,
,,2024-12-10T01:00:00Z,0,0,0,0,0,0,0,0,0,0,,,,,,,,PS_021,,,
,,2024-12-10T01:15:00Z,0,0,0,0,0,0,0,0,0,0,,,,,,,,PS_021,,,
,,2024-12-10T01:30:00Z,0,0,0,0,0,0,0,0,0,0,,,,,,,,PS_021,,,
,,2024-12-10T01:45:00Z,0,0,0,0,0,0,0,0,0,0,,,,,,,,PS_021,,,
,,2024-12-10T02:00:00Z,0,0,0,0,0,0,0,0,0,0,,,,,,,,PS_021,,,
,,2024-12-10T02:15:00Z,0,0,0,0,0,0,0,0,0,0,,,,,,,,PS_021,,,
,,2024-12-10T02:30:00Z,0,0,0,0,0,0,0,0,0,0,,,,,,,,PS_021,,,
,,2024-12-10T02:45:00Z,0,0,0,0,0,0,0,0,0,0,,,,,,,,PS_021,,,
,,2024-12-10T03:00:00Z,0,0,0,0,0,0,0,0,0,0,,,,,,,,PS_021,,,
,,2024-12-10T03:15:00Z,0,0,0,0,0,0,0,0,0,0,,,,,,,,PS_021,,,
,,2024-12-10T03:30:00Z,0,0,0,0,0,0,0,0,0,0,,,,,,,,PS_021,,,
,,2024-12-10T03:45:00Z,0,0,0,0,0,0,0,0,0,0,,,,,,,,PS_021,,,
,,2024-12-10T04:00:00Z,0,0,0,0,0,0,0,0,0,0,,,,,,,,PS_021,,,
,,2024-12-10T04:15:00Z,0,0,0,0,0,0,0,0,0,0,,,,,,,,PS_021,,,
,,2024-12-10T04:30:00Z,0,0,0,0,0,0,0,0,0,0,,,,,,,,PS_021,,,
,,2024-12-10T04:45:00Z,0,0,0,0,0,0,0,0,0,0,,,,,,,,PS_021,,,
,,2024-12-10T05:00:00Z,0,0,0,0,0,0,0,0,0,0,,,,,,,,PS_021,,,
,,2024-12-10T05:15:00Z,0,0,0,0,0,0,0,0,0,0,,,,,,,,PS_021,,,
,,2024-12-10T05:30:00Z,0,0,0,0,0,0,0,0,0,0,,,,,,,,PS_021,,,
,,2024-12-10T05:45:00Z,0,0,0,0,0,0,0,0,0,0,,,,,,,,PS_021,,,
,,2024-12-10T06:00:00Z,0,0,0,0,0,0,0,0,0,0,,,,,,,,PS_021,,,
,,2024-12-10T06:15:00Z,0,0,0,0,0,0,0,0,0,0,,,,,,,,PS_021,,,
,,2024-12-10T06:30:00Z,0,0,0,0,0,0,0,0,0,0,,,,,,,,PS_021,,,
,,2024-12-10T06:45:00Z,0,0,0,0,0,0,0,0,0,0,,,,,,,,PS_021,,,
,,2024-12-10T07:00:00Z,0,0,0,0,0,0,0,0,0,0,,,,,,,,PS_021,,,
,,2024-12-10T07:15:00Z,0,0,0,0,0,0,0,0,0,0,,,,,,,,PS_021,,,
,,2024-12-10T07:30:00Z,0,0,0,0,0,0,0,0,0,0,,,,,,,,PS_021,,,
,,2024-12-10T07:45:00Z,0,0,0,0,0,0,0,0,0,0,,,,,,,,PS_021,,,
,,2024-12-10T08:00:00Z,0,0,0,0,0,0,0,0,0,0,,,,,,,,PS_021,,,
,,2024-12-10T08:15:00Z,0,0,0,0,0,0,0,0,0,0,,,,,,,,PS_021,,,
,,2024-12-10T08:30:00Z,0,0,0,0,0,0,0,0,0,0,,,,,,,,PS_021,,,
,,2024-12-10T08:45:00Z,0,0,0,0,0,0,0,0,0,0,,,,,,,,PS_021,,,
,,2024-12-10T09:00:00Z,0,0,0,0,0,0,0,0,0,0,,,,,,,,PS_021,,,
,,2024-12-10T09:15:00Z,0,0,0,0,0,0,0,0,0,0,,,,,,,,PS_021,,,
,,2024-12-10T09:30:00Z,0,0,0,0,0,0,0,0,0,0,,,,,,,,PS_021,,,
,,2024-12-10T09:45:00Z,0,0,0,0,0,0,0,0,0,0,,,,,,,,PS_021,,,
,,2024-12-10T10:00:00Z,0,0,0,0,0,0,0,0,0,0,,,,,,,,PS_021,,,
,,2024-12-10T10:15:00Z,0,0,0,0,0,0,0,0,0,0,,,,,,,,PS_021,,,
,,2024-12-10T10:30:00Z,0,0,0,0,0,0,0,0,0,0,,,,,,,,PS_021,,,
,,2024-12-10T10:45:00Z,0,0,0,0,0,0,0,0,0,0,,,,,,,,PS_021,,,
,,2024-12-10T11:00:00Z,0,0,0,0,0,0,0,0,0,0,,,,,,,,PS_021,,,
,,2024-12-10T11:15:00Z,0,0,0,0,0,0,0,0,0,0,,,,,,,,PS_021,,,
,,2024-12-10T11:30:00Z,0,0,0,0,0,0,0,0,0,0,,,,,,,,PS_021,,,
,,2024-12-10T11:45:00Z,0,0,0,0,0,0,0,0,0,0,,,,,,,,PS_021,,,
,,2024-12-10T12:00:00Z,0,0,0,0,0,0,0,0,0,0,,,,,,,,PS_021,,,
,,2024-12-10T12:15:00Z,0,0,0,0,0,0,0,0,0,0,,,,,,,,PS_021,,,
,,2024-12-10T12:30:00Z,0,0,0,0,0,0,0,0,0,0,,,,,,,,PS_021,,,
,,2024-12-10T12:45:00Z,0,0,0,0,0,0,0,0,0,0,,,,,,,,PS_021,,,
,,2024-12-10T13:00:00Z,0,0,0,0,0,0,0,0,0,0,,,,,,,,PS_021,,,
,,2024-12-10T13:15:00Z,0,0,0,0,0,0,0,0,0,0,,,,,,,,PS_021,,,
,,2024-12-10T13:30:00Z,0,0,0,0,0,0,0,0,0,0,,,,,,,,PS_021,,,
,,2024-12-10T13:45:00Z,0,0,0,0,0,0,0,0,0,0,,,,,,,,PS_021,,,
,,2024-12-10T14:00:00Z,0,0,0,0,0,0,0,0,0,0,,,,,,,,PS_021,,,
,,2024-12-10T14:15:00Z,0,0,0,0,0,0,0,0,0,0,,,,,,,,PS_021,,,
,,2024-12-10T14:30:00Z,0,0,0,0,0,0,0,0,0,0,,,,,,,,PS_021,,,
,,2024-12-10T14:45:00Z,0,0,0,0,0,0,0,0,0,0,,,,,,,,PS_021,,,
,,2024-12-10T15:00:00Z,0,0,0,0,0,0,0,0,0,0,,,,,,,,PS_021,,,
,,2024-12-10T15:15:00Z,0,0,0,0,0,0,0,0,0,0,,,,,,,,PS_021,,,
,,2024-12-10T15:30:00Z,0,0,0,0,0,0,0,0,0,0,,,,,,,,PS_021,,,
,,2024-12-10T15:45:00Z,0,0,0,0,0,0,0,0,0,0,,,,,,,,PS_021,,,
,,2024-12-10T16:00:00Z,0,0,0,0,0,0,0,0,0,0,,,,,,,,PS_021,,,
,,2024-12-10T16:15:00Z,0,0,0,0,0,0,0,0,0,0,,,,,,,,PS_021,,,
,,2024-12-10T16:30:00Z,0,0,0,0,0,0,0,0,0,0,,,,,,,,PS_021,,,
,,2024-12-10T16:45:00Z,0,0,0,0,0,0,0,0,0,0,,,,,,,,PS_021,,,
,,2024-12-10T17:00:00Z,0,0,0,0,0,0,0,0,0,0,,,,,,,,PS_021,,,
,,2024-12-10T17:15:00Z,0,0,0,0,0,0,0,0,0,0,,,,,,,,PS_021,,,
,,2024-12-10T17:30:00Z,0,0,0,0,0,0,0,0,0,0,,,,,,,,PS_021,,,
,,2024-12-10T17:45:00Z,0,0,0,0,0,0,0,0,0,0,,,,,,,,PS_021,,,
,,2024-12-10T18:00:00Z,0,0,0,0,0,0,0,0,0,0,,,,,,,,PS_021,,,
,,2024-12-10T18:15:00Z,0,0,0,0,0,0,0,0,0,0,,,,,,,,PS_021,,,
,,2024-12-10T18:30:00Z,0,0,0,0,0,0,0,0,0,0,,,,,,,,PS_021,,,
,,2024-12-10T18:45:00Z,0,0,0,0,0,0,0,0,0,0,,,,,,,,PS_021,,,
,,2024-12-10T19:00:00Z,0,0,0,0,0,0,0,0,0,0,,,,,,,,PS_021,,,
,,2024-12-10T19:15:00Z,0,0,0,0,0,0,0,0,0,0,,,,,,,,PS_021,,,
,,2024-12-10T19:30:00Z,0,0,0,0,0,0,0,0,0,0,,,,,,,,PS_021,,,
,,2024-12-10T19:45:00Z,0,0,0,0,0,0,0,0,0,0,,,,,,,,PS_021,,,
,,2024-12-10T20:00:00Z,0,0,0,0,0,0,0,0,0,0,,,,,,,,PS_021,,,
,,2024-12-10T20:15:00Z,0,0,0,0,0,0,0,0,0,0,,,,,,,,PS_021,,,
,,2024-12-10T20:30:00Z,0,0,0,0,0,0,0,0,0,0,,,,,,,,PS_021,,,
,,2024-12-10T20:45:00Z,0,0,0,0,0,0,0,0,0,0,,,,,,,,PS_021,,,
,,2024-12-10T21:00:00Z,0,0,0,0,0,0,0,0,0,0,,,,,,,,PS_021,,,
,,2024-12-10T21:15:00Z,0,0,0,0,0,0,0,0,0,0,,,,,,,,PS_021,,,
,,2024-12-10T21:30:00Z,0,0,0,0,0,0,0,0,0,0,,,,,,,,PS_021,,,
,,2024-12-10T21:45:00Z,0,0,0,0,0,0,0,0,0,0,,,,,,,,PS_021,,,
,,2024-12-10T22:00:00Z,0,0,0,0,0,0,0,0,0,0,,,,,,,,PS_021,,,
,,2024-12-10T22:15:00Z,0,0,0,0,0,0,0,0,0,0,,,,,,,,PS_021,,,
,,2024-12-10T22:30:00Z,0,0,0,0,0,0,0,0,0,0,,,,,,,,PS_021,,,
,,2024-12-10T22:45:00Z,0,0,0,0,0,0,0,0,0,0,,,,,,,,PS_021,,,
,,2024-12-10T23:00:00Z,0,0,0,0,0,0,0,0,0,0,,,,,,,,PS_021,,,
,,2024-12-10T23:15:00Z,0,0,0,0,0,0,0,0,0,0,,,,,,,,PS_021,,,
,,2024-12-10T23:30:00Z,0,0,0,0,0,0,0,0,0,0,,,,,,,,PS_021,,,
,,2024-12-10T23:45:00Z,0,0,0,0,0,0,0,0,0,0,,,,,,,,PS_021,,,
,,2024-12-11T00:00:00Z,0,0,0,0,0,0,0,0,0,0,,,,,,,,PS_021,,,
,,2024-12-11T00:15:00Z,0,0,0,0,0,0,0,0,0,0,,,,,,,,PS_021,,,
,,2024-12-11T00:30:00Z,0,0,0,0,0,0,0,0,0,0,,,,,,,,PS_021,,,
,,2024-12-11T00:45:00Z,0,0,0,0,0,0,0,0,0,0,,,,,,,,PS_021,,,
,,2024-12-11T01:00:00Z,0,0,0,0,0,0,0,0,0,0,,,,,,,,PS_021,,,
,,2024-12-11T01:15:00Z,0,0,0,0,0,0,0,0,0,0,,,,,,,,PS_021,,,
,,2024-12-11T01:30:00Z,0,0,0,0,0,0,0,0,0,0,,,,,,,,PS_021,,,
,,2024-12-11T01:45:00Z,0,0,0,0,0,0,0,0,0,0,,,,,,,,PS_021,,,
,,2024-12-11T02:00:00Z,0,0,0,0,0,0,0,0,0,0,,,,,,,,PS_021,,,
,,2024-12-11T02:15:00Z,0,0,0,0,0,0,0,0,0,0,,,,,,,,PS_021,,,
,,2024-12-11T02:30:00Z,0,0,0,0,0,0,0,0,0,0,,,,,,,,PS_021,,,
,,2024-12-11T02:45:00Z,0,0,0,0,0,0,0,0,0,0,,,,,,,,PS_021,,,
,,2024-12-11T03:00:00Z,0,0,0,0,0,0,0,0,0,0,,,,,,,,PS_021,,,
,,2024-12-11T03:15:00Z,0,0,0,0,0,0,0,0,0,0,,,,,,,,PS_021,,,
,,2024-12-11T03:30:00Z,0,0,0,0,0,0,0,0,0,0,,,,,,,,PS_021,,,
,,2024-12-11T03:45:00Z,0,0,0,0,0,0,0,0,0,0,,,,,,,,PS_021,,,
,,2024-12-11T04:00:00Z,0,0,0,0,0,0,0,0,0,0,,,,,,,,PS_021,,,
,,2024-12-11T04:15:00Z,0,0,0,0,0,0,0,0,0,0,,,,,,,,PS_021,,,
,,2024-12-11T04:30:00Z,0,0,0,0,0,0,0,0,0,0,,,,,,,,PS_021,,,
,,2024-12-11T04:45:00Z,0,0,0,0,0,0,0,0,0,0,,,,,,,,PS_021,,,
,,2024-12-11T05:00:00Z,0,0,0,0,0,0,0,0,0,0,,,,,,,,PS_021,,,
,,2024-12-11T05:15:00Z,0,0,0,0,0,0,0,0,0,0,,,,,,,,PS_021,,,
,,2024-12-11T05:30:00Z,0,0,0,0,0,0,0,0,0,0,,,,,,,,PS_021,,,
,,2024-12-11T05:45:00Z,0,0,0,0,0,0,0,0,0,0,,,,,,,,PS_021,,,
,,2024-12-11T06:00:00Z,0,0,0,0,0,0,0,0,0,0,,,,,,,,PS_021,,,
,,2024-12-11T06:15:00Z,0,0,0,0,0,0,0,0,0,0,,,,,,,,PS_021,,,
,,2024-12-11T06:30:00Z,0,0,0,0,0,0,0,0,0,0,,,,,,,,PS_021,,,
,,2024-12-11T06:45:00Z,0,0,0,0,0,0,0,0,0,0,,,,,,,,PS_021,,,
,,2024-12-11T07:00:00Z,0,0,0,0,0,0,0,0,0,0,,,,,,,,PS_021,,,
,,2024-12-11T07:15:00Z,0,0,0,0,0,0,0,0,0,0,,,,,,,,PS_021,,,
,,2024-12-11T07:30:00Z,0,0,0,0,0,0,0,0,0,0,,,,,,,,PS_021,,,
,,2024-12-11T07:45:00Z,0,0,0,0,0,0,0,0,0,0,,,,,,,,PS_021,,,
,,2024-12-11T08:00:00Z,0,0,0,0,0,0,0,0,0,0,,,,,,,,PS_021,,,
,,2024-12-11T08:15:00Z,0,0,0,0,0,0,0,0,0,0,,,,,,,,PS_021,,,
,,2024-12-11T08:30:00Z,0,0,0,0,0,0,0,0,0,0,,,,,,,,PS_021,,,
,,2024-12-11T08:45:00Z,0,0,0,0,0,0,0,0,0,0,,,,,,,,PS_021,,,
,,2024-12-11T09:00:00Z,0,0,0,0,0,0,0,0,0,0,,,,,,,,PS_021,,,
,,2024-12-11T09:15:00Z,0,0,0,0,0,0,0,0,0,0,,,,,,,,PS_021,,,
,,2024-12-11T09:30:00Z,0,0,0,0,0,0,0,0,0,0,,,,,,,,PS_021,,,
,,2024-12-11T09:45:00Z,0,0,0,0,0,0,0,0,0,0,,,,,,,,PS_021,,,
,,2024-12-11T10:00:00Z,0,0,0,0,0,0,0,0,0,0,,,,,,,,PS_021,,,
,,2024-12-11T10:15:00Z,0,0,0,0,0,0,0,0,0,0,,,,,,,,PS_021,,,
,,2024-12-11T10:30:00Z,0,0,0,0,0,0,0,0,0,0,,,,,,,,PS_021,,,
,,2024-12-11T10:45:00Z,0,0,0,0,0,0,0,0,0,0,,,,,,,,PS_021,,,
,,2024-12-11T11:00:00Z,0,0,0,0,0,0,0,0,0,0,,,,,,,,PS_021,,,
,,2024-12-11T11:15:00Z,0,0,0,0,0,0,0,0,0,0,,,,,,,,PS_021,,,
,,2024-12-11T11:30:00Z,0,0,0,0,0,0,0,0,0,0,,,,,,,,PS_021,,,
,,2024-12-11T11:45:00Z,0,0,0,0,0,0,0,0,0,0,,,,,,,,PS_021,,,
,,2024-12-11T12:00:00Z,0,0,0,0,0,0,0,0,0,0,,,,,,,,PS_021,,,
,,2024-12-11T12:15:00Z,0,0,0,0,0,0,0,0,0,0,,,,,,,,PS_021,,,
,,2024-12-11T12:30:00Z,0,0,0,0,0,0,0,0,0,0,,,,,,,,PS_021,,,
,,2024-12-11T12:45:00Z,0,0,0,0,0,0,0,0,0,0,,,,,,,,PS_021,,,
,,2024-12-11T13:00:00Z,0,0,0,0,0,0,0,0,0,0,,,,,,,,PS_021,,,
,,2024-12-11T13:15:00Z,0,0,0,0,0,0,0,0,0,0,,,,,,,,PS_021,,,
,,2024-12-11T13:30:00Z,0,0,0,0,0,0,0,0,0,0,,,,,,,,PS_021,,,
,,2024-12-11T13:45:00Z,0,0,0,0,0,0,0,0,0,0,,,,,,,,PS_021,,,
,,2024-12-11T14:00:00Z,0,0,0,0,0,0,0,0,0,0,,,,,,,,PS_021,,,
,,2024-12-11T14:15:00Z,0,0,0,0,0,0,0,0,0,0,,,,,,,,PS_021,,,
,,2024-12-11T14:30:00Z,0,0,0,0,0,0,0,0,0,0,,,,,,,,PS_021,,,
,,2024-12-11T14:45:00Z,0,0,0,0,0,0,0,0,0,0,,,,,,,,PS_021,,,
,,2024-12-11T15:00:00Z,0,0,0,0,0,0,0,0,0,0,,,,,,,,PS_021,,,
,,2024-12-11T15:15:00Z,0,0,0,0,0,0,0,0,0,0,,,,,,,,PS_021,,,
,,2024-12-11T15:30:00Z,0,0,0,0,0,0,0,0,0,0,,,,,,,,PS_021,,,
,,2024-12-11T15:45:00Z,0,0,0,0,0,0,0,0,0,0,,,,,,,,PS_021,,,
,,2024-12-11T16:00:00Z,0,0,0,0,0,0,0,0,0,0,,,,,,,,PS_021,,,
,,2024-12-11T16:15:00Z,0,0,0,0,0,0,0,0,0,0,,,,,,,,PS_021,,,
,,2024-12-11T16:30:00Z,0,0,0,0,0,0,0,0,0,0,,,,,,,,PS_021,,,
,,2024-12-11T16:45:00Z,0,0,0,0,0,0,0,0,0,0,,,,,,,,PS_021,,,
,,2024-12-11T17:00:00Z,0,0,0,0,0,0,0,0,0,0,,,,,,,,PS_021,,,
,,2024-12-11T17:15:00Z,0,0,0,0,0,0,0,0,0,0,,,,,,,,PS_021,,,
,,2024-12-11T17:30:00Z,0,0,0,0,0,0,0,0,0,0,,,,,,,,PS_021,,,
,,2024-12-11T17:45:00Z,0,0,0,0,0,0,0,0,0,0,,,,,,,,PS_021,,,
,,2024-12-11T18:00:00Z,0,0,0,0,0,0,0,0,0,0,,,,,,,,PS_021,,,
,,2024-12-11T18:15:00Z,0,0,0,0,0,0,0,0,0,0,,,,,,,,PS_021,,,
,,2024-12-11T18:30:00Z,0,0,0,0,0,0,0,0,0,0,,,,,,,,PS_021,,,
,,2024-12-11T18:45:00Z,0,0,0,0,0,0,0,0,0,0,,,,,,,,PS_021,,,
,,2024-12-11T19:00:00Z,0,0,0,0,0,0,0,0,0,0,,,,,,,,PS_021,,,
,,2024-12-11T19:15:00Z,0,0,0,0,0,0,0,0,0,0,,,,,,,,PS_021,,,
,,2024-12-11T19:30:00Z,0,0,0,0,0,0,0,0,0,0,,,,,,,,PS_021,,,
,,2024-12-11T19:45:00Z,0,0,0,0,0,0,0,0,0,0,,,,,,,,PS_021,,,
,,2024-12-11T20:00:00Z,0,0,0,0,0,0,0,0,0,0,,,,,,,,PS_021,,,
,,2024-12-11T20:15:00Z,0,0,0,0,0,0,0,0,0,0,,,,,,,,PS_021,,,
,,2024-12-11T20:30:00Z,0,0,0,0,0,0,0,0,0,0,,,,,,,,PS_021,,,
,,2024-12-11T20:45:00Z,0,0,0,0,0,0,0,0,0,0,,,,,,,,PS_021,,,
,,2024-12-11T21:00:00Z,0,0,0,0,0,0,0,0,0,0,,,,,,,,PS_021,,,
,,2024-12-11T21:15:00Z,0,0,0,0,0,0,0,0,0,0,,,,,,,,PS_021,,,
,,2024-12-11T21:30:00Z,0,0,0,0,0,0,0,0,0,0,,,,,,,,PS_021,,,
,,2024-12-11T21:45:00Z,0,0,0,0,0,0,0,0,0,0,,,,,,,,PS_021,,,
,,2024-12-11T22:00:00Z,0,0,0,0,0,0,0,0,0,0,,,,,,,,PS_021,,,
,,2024-12-11T22:15:00Z,0,0,0,0,0,0,0,0,0,0,,,,,,,,PS_021,,,
,,2024-12-11T22:30:00Z,0,0,0,0,0,0,0,0,0,0,,,,,,,,PS_021,,,
,,2024-12-11T22:45:00Z,0,0,0,0,0,0,0,0,0,0,,,,,,,,PS_021,,,
,,2024-12-11T23:00:00Z,0,0,0,0,0,0,0,0,0,0,,,,,,,,PS_021,,,
,,2024-12-11T23:15:00Z,0,0,0,0,0,0,0,0,0,0,,,,,,,,PS_021,,,
,,2024-12-11T23:30:00Z,0,0,0,0,0,0,0,0,0,0,,,,,,,,PS_021,,,
,,2024-12-11T23:45:00Z,0,0,0,0,0,0,0,0,0,0,,,,,,,,PS_021,,,
,,2024-12-12T00:00:00Z,0,0,0,0,0,0,0,0,0,0,,,,,,,,PS_021,,,
,,2024-12-12T00:15:00Z,0,0,0,0,0,0,0,0,0,0,,,,,,,,PS_021,,,
,,2024-12-12T00:30:00Z,0,0,0,0,0,0,0,0,0,0,,,,,,,,PS_021,,,
,,2024-12-12T00:45:00Z,0,0,0,0,0,0,0,0,0,0,,,,,,,,PS_021,,,
,,2024-12-12T01:00:00Z,0,0,0,0,0,0,0,0,0,0,,,,,,,,PS_021,,,
,,2024-12-12T01:15:00Z,0,0,0,0,0,0,0,0,0,0,,,,,,,,PS_021,,,
,,2024-12-12T01:30:00Z,0,0,0,0,0,0,0,0,0,0,,,,,,,,PS_021,,,
,,2024-12-12T01:45:00Z,0,0,0,0,0,0,0,0,0,0,,,,,,,,PS_021,,,
,,2024-12-12T02:00:00Z,0,0,0,0,0,0,0,0,0,0,,,,,,,,PS_021,,,
,,2024-12-12T02:15:00Z,0,0,0,0,0,0,0,0,0,0,,,,,,,,PS_021,,,
,,2024-12-12T02:30:00Z,0,0,0,0,0,0,0,0,0,0,,,,,,,,PS_021,,,
,,2024-12-12T02:45:00Z,0,0,0,0,0,0,0,0,0,0,,,,,,,,PS_021,,,
,,2024-12-12T03:00:00Z,0,0,0,0,0,0,0,0,0,0,,,,,,,,PS_021,,,
,,2024-12-12T03:15:00Z,0,0,0,0,0,0,0,0,0,0,,,,,,,,PS_021,,,
,,2024-12-12T03:30:00Z,0,0,0,0,0,0,0,0,0,0,,,,,,,,PS_021,,,
,,2024-12-12T03:45:00Z,0,0,0,0,0,0,0,0,0,0,,,,,,,,PS_021,,,
,,2024-12-12T04:00:00Z,0,0,0,0,0,0,0,0,0,0,,,,,,,,PS_021,,,
,,2024-12-12T04:15:00Z,0,0,0,0,0,0,0,0,0,0,,,,,,,,PS_021,,,
,,2024-12-12T04:30:00Z,0,0,0,0,0,0,0,0,0,0,,,,,,,,PS_021,,,
,,2024-12-12T04:45:00Z,0,0,0,0,0,0,0,0,0,0,,,,,,,,PS_021,,,
,,2024-12-12T05:00:00Z,0,0,0,0,0,0,0,0,0,0,,,,,,,,PS_021,,,
,,2024-12-12T05:15:00Z,0,0,0,0,0,0,0,0,0,0,,,,,,,,PS_021,,,
,,2024-12-12T05:30:00Z,0,0,0,0,0,0,0,0,0,0,,,,,,,,PS_021,,,
,,2024-12-12T05:45:00Z,0,0,0,0,0,0,0,0,0,0,,,,,,,,PS_021,,,
,,2024-12-12T06:00:00Z,0,0,0,0,0,0,0,0,0,0,,,,,,,,PS_021,,,
,,2024-12-12T06:15:00Z,0,0,0,0,0,0,0,0,0,0,,,,,,,,PS_021,,,
,,2024-12-12T06:30:00Z,0,0,0,0,0,0,0,0,0,0,,,,,,,,PS_021,,,
,,2024-12-12T06:45:00Z,0,0,0,0,0,0,0,0,0,0,,,,,,,,PS_021,,,
,,2024-12-12T07:00:00Z,0,0,0,0,0,0,0,0,0,0,,,,,,,,PS_021,,,
,,2024-12-12T07:15:00Z,0,0,0,0,0,0,0,0,0,0,,,,,,,,PS_021,,,
,,2024-12-12T07:30:00Z,0,0,0,0,0,0,0,0,0,0,,,,,,,,PS_021,,,
,,2024-12-12T07:45:00Z,0,0,0,0,0,0,0,0,0,0,,,,,,,,PS_021,,,
,,2024-12-12T08:00:00Z,0,0,0,0,0,0,0,0,0,0,,,,,,,,PS_021,,,
,,2024-12-12T08:15:00Z,0,0,0,0,0,0,0,0,0,0,,,,,,,,PS_021,,,
,,2024-12-12T08:30:00Z,0,0,0,0,0,0,0,0,0,0,,,,,,,,PS_021,,,
,,2024-12-12T08:45:00Z,0,0,0,0,0,0,0,0,0,0,,,,,,,,PS_021,,,
,,2024-12-12T09:00:00Z,0,0,0,0,0,0,0,0,0,0,,,,,,,,PS_021,,,
,,2024-12-12T09:15:00Z,0,0,0,0,0,0,0,0,0,0,,,,,,,,PS_021,,,
,,2024-12-12T09:30:00Z,0,0,0,0,0,0,0,0,0,0,,,,,,,,PS_021,,,
,,2024-12-12T09:45:00Z,0,0,0,0,0,0,0,0,0,0,,,,,,,,PS_021,,,
,,2024-12-12T10:00:00Z,0,0,0,0,0,0,0,0,0,0,,,,,,,,PS_021,,,
,,2024-12-12T10:15:00Z,0,0,0,0,0,0,0,0,0,0,,,,,,,,PS_021,,,
,,2024-12-12T10:30:00Z,0,0,0,0,0,0,0,0,0,0,,,,,,,,PS_021,,,
,,2024-12-12T10:45:00Z,0,0,0,0,0,0,0,0,0,0,,,,,,,,PS_021,,,
,,2024-12-12T11:00:00Z,0,0,0,0,0,0,0,0,0,0,,,,,,,,PS_021,,,
,,2024-12-12T11:15:00Z,0,0,0,0,0,0,0,0,0,0,,,,,,,,PS_021,,,
,,2024-12-12T11:30:00Z,0,0,0,0,0,0,0,0,0,0,,,,,,,,PS_021,,,
,,2024-12-12T11:45:00Z,0,0,0,0,0,0,0,0,0,0,,,,,,,,PS_021,,,
,,2024-12-12T12:00:00Z,0,0,0,0,0,0,0,0,0,0,,,,,,,,PS_021,,,
,,2024-12-12T12:15:00Z,0,0,0,0,0,0,0,0,0,0,,,,,,,,PS_021,,,
,,2024-12-12T12:30:00Z,0,0,0,0,0,0,0,0,0,0,,,,,,,,PS_021,,,
,,2024-12-12T12:45:00Z,0,0,0,0,0,0,0,0,0,0,,,,,,,,PS_021,,,
,,2024-12-12T13:00:00Z,0,0,0,0,0,0,0,0,0,0,,,,,,,,PS_021,,,
,,2024-12-12T13:15:00Z,0,0,0,0,0,0,0,0,0,0,,,,,,,,PS_021,,,
,,2024-12-12T13:30:00Z,0,0,0,0,0,0,0,0,0,0,,,,,,,,PS_021,,,
,,2024-12-12T13:45:00Z,0,0,0,0,0,0,0,0,0,0,,,,,,,,PS_021,,,
,,2024-12-12T14:00:00Z,0,0,0,0,0,0,0,0,0,0,,,,,,,,PS_021,,,
,,2024-12-12T14:15:00Z,0,0,0,0,0,0,0,0,0,0,,,,,,,,PS_021,,,
,,2024-12-12T14:30:00Z,0,0,0,0,0,0,0,0,0,0,,,,,,,,PS_021,,,
,,2024-12-12T14:45:00Z,0,0,0,0,0,0,0,0,0,0,,,,,,,,PS_021,,,
,,2024-12-12T15:00:00Z,0,0,0,0,0,0,0,0,0,0,,,,,,,,PS_021,,,
,,2024-12-12T15:15:00Z,0,0,0,0,0,0,0,0,0,0,,,,,,,,PS_021,,,
,,2024-12-12T15:30:00Z,0,0,0,0,0,0,0,0,0,0,,,,,,,,PS_021,,,
,,2024-12-12T15:45:00Z,0,0,0,0,0,0,0,0,0,0,,,,,,,,PS_021,,,
,,2024-12-12T16:00:00Z,0,0,0,0,0,0,0,0,0,0,,,,,,,,PS_021,,,
,,2024-12-12T16:15:00Z,0,0,0,0,0,0,0,0,0,0,,,,,,,,PS_021,,,
,,2024-12-12T16:30:00Z,0,0,0,0,0,0,0,0,0,0,,,,,,,,PS_021,,,
,,2024-12-12T16:45:00Z,0,0,0,0,0,0,0,0,0,0,,,,,,,,PS_021,,,
,,2024-12-12T17:00:00Z,0,0,0,0,0,0,0,0,0,0,,,,,,,,PS_021,,,
,,2024-12-12T17:15:00Z,0,0,0,0,0,0,0,0,0,0,,,,,,,,PS_021,,,
,,2024-12-12T17:30:00Z,0,0,0,0,0,0,0,0,0,0,,,,,,,,PS_021,,,
,,2024-12-12T17:45:00Z,0,0,0,0,0,0,0,0,0,0,,,,,,,,PS_021,,,
,,2024-12-12T18:00:00Z,0,0,0,0,0,0,0,0,0,0,,,,,,,,PS_021,,,
,,2024-12-12T18:15:00Z,0,0,0,0,0,0,0,0,0,0,,,,,,,,PS_021,,,
,,2024-12-12T18:30:00Z,0,0,0,0,0,0,0,0,0,0,,,,,,,,PS_021,,,
,,2024-12-12T18:45:00Z,0,0,0,0,0,0,0,0,0,0,,,,,,,,PS_021,,,
,,2024-12-12T19:00:00Z,0,0,0,0,0,0,0,0,0,0,,,,,,,,PS_021,,,
,,2024-12-12T19:15:00Z,0,0,0,0,0,0,0,0,0,0,,,,,,,,PS_021,,,
,,2024-12-12T19:30:00Z,0,0,0,0,0,0,0,0,0,0,,,,,,,,PS_021,,,
,,2024-12-12T19:45:00Z,0,0,0,0,0,0,0,0,0,0,,,,,,,,PS_021,,,
,,2024-12-12T20:00:00Z,0,0,0,0,0,0,0,0,0,0,,,,,,,,PS_021,,,
,,2024-12-12T20:15:00Z,0,0,0,0,0,0,0,0,0,0,,,,,,,,PS_021,,,
,,2024-12-12T20:30:00Z,0,0,0,0,0,0,0,0,0,0,,,,,,,,PS_021,,,
,,2024-12-12T20:45:00Z,0,0,0,0,0,0,0,0,0,0,,,,,,,,PS_021,,,
,,2024-12-12T21:00:00Z,0,0,0,0,0,0,0,0,0,0,,,,,,,,PS_021,,,
,,2024-12-12T21:15:00Z,0,0,0,0,0,0,0,0,0,0,,,,,,,,PS_021,,,
,,2024-12-12T21:30:00Z,0,0,0,0,0,0,0,0,0,0,,,,,,,,PS_021,,,
,,2024-12-12T21:45:00Z,0,0,0,0,0,0,0,0,0,0,,,,,,,,PS_021,,,
,,2024-12-12T22:00:00Z,0,0,0,0,0,0,0,0,0,0,,,,,,,,PS_021,,,
,,2024-12-12T22:15:00Z,0,0,0,0,0,0,0,0,0,0,,,,,,,,PS_021,,,
,,2024-12-12T22:30:00Z,0,0,0,0,0,0,0,0,0,0,,,,,,,,PS_021,,,
,,2024-12-12T22:45:00Z,0,0,0,0,0,0,0,0,0,0,,,,,,,,PS_021,,,
,,2024-12-12T23:00:00Z,0,0,0,0,0,0,0,0,0,0,,,,,,,,PS_021,,,
,,2024-12-12T23:15:00Z,0,0,0,0,0,0,0,0,0,0,,,,,,,,PS_021,,,
,,2024-12-12T23:30:00Z,0,0,0,0,0,0,0,0,0,0,,,,,,,,PS_021,,,
,,2024-12-12T23:45:00Z,0,0,0,0,0,0,0,0,0,0,,,,,,,,PS_021,,,
